/*
 * Copyright (C) 2020-2025 ArtInChip Technology Co. Ltd
 *
 * SPDX-License-Identifier: Apache-2.0
 *
 *  author: <xiaodong.zhao@artinchip.com>
 *  Desc: mpeg4 tables 311 interface
 *
 */

#ifndef _MP4_TABLES_311_H
#define _MP4_TABLES_311_H

#include "mp4_types_311.h"

const int cbp_inter_indices[] = {
    0x60040, 0x181c,  0x1428,  0x1428,  0x1020,  0x1020,  0x1020,  0x1020,
    0x182c,  0x1818,  0x143c,  0x143c,  0x1010,  0x1010,  0x1010,  0x1010,
    0x800,   0x800,   0x800,   0x800,   0x800,   0x800,   0x800,   0x800,
    0x800,   0x800,   0x800,   0x800,   0x800,   0x800,   0x800,   0x800,
    0x600e2, 0x1834,  0x140c,  0x140c,  0x1824,  0x60132, 0x1802,  0x60202,
    0x1430,  0x1430,  0x1438,  0x1438,  0x1014,  0x1014,  0x1014,  0x1014,
    0xc08,   0xc08,   0xc08,   0xc08,   0xc08,   0xc08,   0xc08,   0xc08,
    0xc04,   0xc04,   0xc04,   0xc04,   0xc04,   0xc04,   0xc04,   0xc04,
    0x401,   0x401,   0x401,   0x401,   0x401,   0x401,   0x401,   0x401,
    0x401,   0x401,   0x401,   0x401,   0x401,   0x401,   0x401,   0x401,
    0x401,   0x401,   0x401,   0x401,   0x401,   0x401,   0x401,   0x401,
    0x401,   0x401,   0x401,   0x401,   0x401,   0x401,   0x401,   0x401,
    0xc06,   0xc06,   0xc06,   0xc06,   0xc06,   0xc06,   0xc06,   0xc06,
    0x1807,  0x181f,  0x60040, 0x180b,  0x103d,  0x103d,  0x103d,  0x103d,
    0x102e,  0x102e,  0x102e,  0x102e,  0x1837,  0x1819,  0x140d,  0x140d,
    0x103f,  0x103f,  0x103f,  0x103f,  0x10080, 0x1860,  0x182b,  0x50082,
    0x1871,  0x1869,  0x184d,  0x1845,  0x1875,  0x185d,  0x1451,  0x1451,
    0x1062,  0x1062,  0x1062,  0x1062,  0x1072,  0x1072,  0x1072,  0x1072,
    0x104f,  0x104f,  0x104f,  0x104f,  0x106f,  0x106f,  0x106f,  0x106f,
    0xc76,   0xc76,   0xc76,   0xc76,   0xc76,   0xc76,   0xc76,   0xc76,
    0x478,   0x478,   0x478,   0x478,   0x478,   0x478,   0x478,   0x478,
    0x478,   0x478,   0x478,   0x478,   0x478,   0x478,   0x478,   0x478,
    0x478,   0x478,   0x478,   0x478,   0x478,   0x478,   0x478,   0x478,
    0x478,   0x478,   0x478,   0x478,   0x478,   0x478,   0x478,   0x478,
    0x46c,   0x44c,   0x470,   0x470,   0x470,   0x470,   0x470,   0x470,
    0x470,   0x470,   0x470,   0x470,   0x470,   0x470,   0x470,   0x470,
    0x470,   0x470,   0xc43,   0xc43,   0xc43,   0xc43,   0x1057,  0x1057,
    0x1073,  0x1073,  0x1449,  0x1453,  0x104a,  0x104a,  0x106e,  0x106e,
    0x104b,  0x104b,  0x440,   0x440,   0x440,   0x440,   0x440,   0x440,
    0x440,   0x440,   0x440,   0x440,   0x440,   0x440,   0x440,   0x440,
    0x440,   0x440,   0x440,   0x440,   0x440,   0x440,   0x440,   0x440,
    0x440,   0x440,   0x440,   0x440,   0x440,   0x440,   0x440,   0x440,
    0x440,   0x440,   0x101e,  0x101e,  0x101e,  0x101e,  0x1431,  0x1431,
    0x142d,  0x142d,  0x1009,  0x1009,  0x1009,  0x1009,  0x1036,  0x1036,
    0x1036,  0x1036,  0xc12,   0xc12,   0xc12,   0xc12,   0xc12,   0xc12,
    0xc12,   0xc12,   0x1823,  0x1813,  0x1848,  0x40040, 0x1005,  0x1005,
    0x1005,  0x1005,  0x474,   0x474,   0x474,   0x474,   0x474,   0x474,
    0x474,   0x474,   0x858,   0x858,   0x858,   0x858,   0x1047,  0x106b,
    0xc52,   0xc52,   0xc0a,   0xc0a,   0xc0a,   0xc0a,   0xc0a,   0xc0a,
    0xc0a,   0xc0a,   0x103a,  0x103a,  0x103a,  0x103a,  0x1032,  0x1032,
    0x1032,  0x1032,  0x1021,  0x1021,  0x1021,  0x1021,  0x141d,  0x141d,
    0x1435,  0x1435,  0xc03,   0xc03,   0xc03,   0xc03,   0xc03,   0xc03,
    0xc03,   0xc03,   0xc16,   0xc16,   0xc16,   0xc16,   0xc16,   0xc16,
    0xc16,   0xc16,   0x183b,  0x60040, 0x187f,  0x187e,  0x107c,  0x107c,
    0x107c,  0x107c,  0xc22,   0xc22,   0xc22,   0xc22,   0xc22,   0xc22,
    0xc22,   0xc22,   0x1850,  0x30088, 0x1833,  0x60090, 0x142f,  0x142f,
    0x1417,  0x1417,  0x45c,   0x45c,   0x45c,   0x45c,   0x45c,   0x45c,
    0x45c,   0x45c,   0x45c,   0x45c,   0x45c,   0x45c,   0x45c,   0x45c,
    0x45c,   0x45c,   0x45c,   0x45c,   0x45c,   0x45c,   0x45c,   0x45c,
    0x45c,   0x45c,   0x45c,   0x45c,   0x45c,   0x45c,   0x45c,   0x45c,
    0x45c,   0x45c,   0xc7d,   0xc7d,   0xc7d,   0xc7d,   0xc7d,   0xc7d,
    0xc7d,   0xc7d,   0x1446,  0x1446,  0x30040, 0x1855,  0x106d,  0x106d,
    0x106d,  0x106d,  0x105a,  0x105a,  0x105a,  0x105a,  0x104e,  0x104e,
    0x104e,  0x104e,  0x105e,  0x105e,  0x105e,  0x105e,  0x1063,  0x1063,
    0x1063,  0x1063,  0x46a,   0x46a,   0x46a,   0x46a,   0xc79,   0xc65,
    0x859,   0x859,   0xc5f,   0xc77,   0x87b,   0x87b,   0x454,   0x454,
    0x454,   0x454,   0x427,   0x427,   0x427,   0x427,   0x427,   0x427,
    0x427,   0x427,   0x427,   0x427,   0x427,   0x427,   0x427,   0x427,
    0x427,   0x427,   0x427,   0x427,   0x427,   0x427,   0x427,   0x427,
    0x427,   0x427,   0x427,   0x427,   0x427,   0x427,   0x427,   0x427,
    0x427,   0x427,   0x864,   0x864,   0x864,   0x864,   0x864,   0x864,
    0x864,   0x864,   0x864,   0x864,   0x864,   0x864,   0x864,   0x864,
    0x864,   0x864,   0xc7a,   0xc7a,   0xc7a,   0xc7a,   0xc7a,   0xc7a,
    0xc7a,   0xc7a,   0x185b,  0x1856,  0x1466,  0x1466,  0x1467,  0x1467,
    0x1461,  0x1461,  0x83e,   0x83e,   0x83e,   0x83e,   0x83e,   0x83e,
    0x83e,   0x83e,   0x83e,   0x83e,   0x83e,   0x83e,   0x83e,   0x83e,
    0x83e,   0x83e,   0xc0e,   0xc0e,   0xc0e,   0xc0e,   0xc0e,   0xc0e,
    0xc0e,   0xc0e,   0x1026,  0x1026,  0x1026,  0x1026,  0x1011,  0x1011,
    0x1011,  0x1011,  0x1039,  0x1039,  0x1039,  0x1039,  0x10040, 0x1868,
    0x1425,  0x1425,  0x1029,  0x1029,  0x1029,  0x1029,  0x1015,  0x1015,
    0x1015,  0x1015,  0xc2a,   0xc2a,   0xc2a,   0xc2a,   0xc2a,   0xc2a,
    0xc2a,   0xc2a,   0x101a,  0x101a,  0x101a,  0x101a,  0x1844,  0x1842,
    0x140f,  0x140f,  0x41b,   0x441,
};

const int cbp_inter_indices2[] = {
    0x60040, 0x30108, 0x143f,  0x143f,  0x60110, 0x1824,  0x142c,  0x142c,
    0xc00,   0xc00,   0xc00,   0xc00,   0xc00,   0xc00,   0xc00,   0xc00,
    0xc3c,   0xc3c,   0xc3c,   0xc3c,   0xc3c,   0xc3c,   0xc3c,   0xc3c,
    0x141c,  0x141c,  0x1818,  0x60150, 0x140c,  0x140c,  0x1438,  0x1438,
    0x1434,  0x1434,  0x1428,  0x1428,  0x103e,  0x103e,  0x103e,  0x103e,
    0x1414,  0x1414,  0x1430,  0x1430,  0x143d,  0x143d,  0x301d4, 0x1802,
    0x1008,  0x1008,  0x1008,  0x1008,  0x1004,  0x1004,  0x1004,  0x1004,
    0x1020,  0x1020,  0x1020,  0x1020,  0x1010,  0x1010,  0x1010,  0x1010,
    0x1005,  0x1005,  0x1005,  0x1005,  0x1026,  0x1026,  0x1026,  0x1026,
    0xc39,   0xc39,   0xc39,   0xc39,   0xc39,   0xc39,   0xc39,   0xc39,
    0x103b,  0x103b,  0x103b,  0x103b,  0x101a,  0x101a,  0x101a,  0x101a,
    0x1011,  0x1011,  0x1011,  0x1011,  0x1009,  0x1009,  0x1009,  0x1009,
    0xc16,   0xc16,   0xc16,   0xc16,   0xc16,   0xc16,   0xc16,   0xc16,
    0x187e,  0x60040, 0x1417,  0x1417,  0x1021,  0x1021,  0x1021,  0x1021,
    0xc06,   0xc06,   0xc06,   0xc06,   0xc06,   0xc06,   0xc06,   0xc06,
    0xc0a,   0xc0a,   0xc0a,   0xc0a,   0xc0a,   0xc0a,   0xc0a,   0xc0a,
    0x1479,  0x1479,  0x146f,  0x146f,  0x1077,  0x1077,  0x1077,  0x1077,
    0x1857,  0x186e,  0x1468,  0x1468,  0x1855,  0x60040, 0x1460,  0x1460,
    0x107b,  0x107b,  0x107b,  0x107b,  0x106c,  0x106c,  0x106c,  0x106c,
    0x105c,  0x105c,  0x105c,  0x105c,  0x1864,  0x187a,  0x1473,  0x1473,
    0x105f,  0x105f,  0x105f,  0x105f,  0x1476,  0x1476,  0x1869,  0x20080,
    0x185e,  0x1845,  0x1851,  0x20084, 0x104f,  0x104f,  0x104f,  0x104f,
    0x840,   0x840,   0x840,   0x840,   0x840,   0x840,   0x840,   0x840,
    0x840,   0x840,   0x840,   0x840,   0x840,   0x840,   0x840,   0x840,
    0x846,   0x846,   0x846,   0x846,   0x846,   0x846,   0x846,   0x846,
    0x846,   0x846,   0x846,   0x846,   0x846,   0x846,   0x846,   0x846,
    0x1452,  0x1452,  0x185a,  0x184b,  0x106a,  0x106a,  0x106a,  0x106a,
    0xc47,   0xc47,   0xc47,   0xc47,   0xc47,   0xc47,   0xc47,   0xc47,
    0x46b,   0x46b,   0x46b,   0x46b,   0x46b,   0x46b,   0x46b,   0x46b,
    0x46b,   0x46b,   0x46b,   0x46b,   0x46b,   0x46b,   0x46b,   0x46b,
    0x46b,   0x46b,   0x46b,   0x46b,   0x46b,   0x46b,   0x46b,   0x46b,
    0x46b,   0x46b,   0x46b,   0x46b,   0x46b,   0x46b,   0x46b,   0x46b,
    0x858,   0x866,   0x867,   0x859,   0x85b,   0x84a,   0x462,   0x462,
    0x81e,   0x81e,   0x836,   0x836,   0x82e,   0x82e,   0xc2a,   0xc12,
    0x801,   0x801,   0x801,   0x801,   0x801,   0x801,   0x801,   0x801,
    0x801,   0x801,   0x801,   0x801,   0x801,   0x801,   0x801,   0x801,
    0xc0e,   0xc0e,   0xc0e,   0xc0e,   0xc0e,   0xc0e,   0xc0e,   0xc0e,
    0xc22,   0xc22,   0xc22,   0xc22,   0xc22,   0xc22,   0xc22,   0xc22,
    0x83a,   0x83a,   0x83a,   0x83a,   0x83a,   0x83a,   0x83a,   0x83a,
    0x83a,   0x83a,   0x83a,   0x83a,   0x83a,   0x83a,   0x83a,   0x83a,
    0x1003,  0x1003,  0x1003,  0x1003,  0x1807,  0x1813,  0x147c,  0x147c,
    0xc32,   0xc32,   0xc32,   0xc32,   0xc32,   0xc32,   0xc32,   0xc32,
    0x107f,  0x107f,  0x107f,  0x107f,  0x1025,  0x1025,  0x1025,  0x1025,
    0x140f,  0x140f,  0x60040, 0x1823,  0x1019,  0x1019,  0x1019,  0x1019,
    0xc0d,   0xc0d,   0xc0d,   0xc0d,   0xc0d,   0xc0d,   0xc0d,   0xc0d,
    0xc1f,   0xc1f,   0xc1f,   0xc1f,   0xc1f,   0xc1f,   0xc1f,   0xc1f,
    0x1827,  0x180b,  0x187d,  0x181b,  0x1433,  0x1433,  0x142b,  0x142b,
    0xc15,   0xc15,   0xc15,   0xc15,   0xc15,   0xc15,   0xc15,   0xc15,
    0xc37,   0xc37,   0xc37,   0xc37,   0xc37,   0xc37,   0xc37,   0xc37,
    0xc29,   0xc29,   0xc29,   0xc29,   0xc29,   0xc29,   0xc29,   0xc29,
    0x1075,  0x1075,  0x1075,  0x1075,  0x1048,  0x1048,  0x1048,  0x1048,
    0x1450,  0x1450,  0x1471,  0x1471,  0x145d,  0x145d,  0x1842,  0x10040,
    0xc78,   0xc78,   0xc78,   0xc78,   0xc78,   0xc78,   0xc78,   0xc78,
    0x1872,  0x1865,  0x1461,  0x1461,  0x104c,  0x104c,  0x104c,  0x104c,
    0xc74,   0xc74,   0xc74,   0xc74,   0xc74,   0xc74,   0xc74,   0xc74,
    0x1070,  0x1070,  0x1070,  0x1070,  0x104d,  0x104d,  0x104d,  0x104d,
    0x1044,  0x1044,  0x1044,  0x1044,  0x106d,  0x106d,  0x106d,  0x106d,
    0x1841,  0x1849,  0x10042, 0x184e,  0x1054,  0x1054,  0x1054,  0x1054,
    0x456,   0x453,   0x463,   0x443,   0x82d,   0x82d,   0x81d,   0x81d,
    0xc31,   0xc2f,   0x835,   0x835,
};

const int cbp_inter_indices3[] = {
    0x800,   0x800,   0x800,   0x800,   0x800,   0x800,   0x800,   0x800,
    0x800,   0x800,   0x800,   0x800,   0x800,   0x800,   0x800,   0x800,
    0x1010,  0x1010,  0x1010,  0x1010,  0x1020,  0x1020,  0x1020,  0x1020,
    0x1838,  0x1834,  0x60040, 0x1818,  0x103c,  0x103c,  0x103c,  0x103c,
    0x140c,  0x140c,  0x1824,  0x600ce, 0x1414,  0x1414,  0x1428,  0x1428,
    0x1430,  0x1430,  0x601a0, 0x60204, 0x141c,  0x141c,  0x142c,  0x142c,
    0xc08,   0xc08,   0xc08,   0xc08,   0xc08,   0xc08,   0xc08,   0xc08,
    0xc04,   0xc04,   0xc04,   0xc04,   0xc04,   0xc04,   0xc04,   0xc04,
    0x1817,  0x1837,  0x60040, 0x1826,  0x140e,  0x140e,  0x187f,  0x10084,
    0x1011,  0x1011,  0x1011,  0x1011,  0x1803,  0x30086, 0x181a,  0x183b,
    0x801,   0x801,   0x801,   0x801,   0x801,   0x801,   0x801,   0x801,
    0x801,   0x801,   0x801,   0x801,   0x801,   0x801,   0x801,   0x801,
    0x1039,  0x1039,  0x1039,  0x1039,  0x100d,  0x100d,  0x100d,  0x100d,
    0x1035,  0x1035,  0x1035,  0x1035,  0x102d,  0x102d,  0x102d,  0x102d,
    0x802,   0x802,   0x802,   0x802,   0x802,   0x802,   0x802,   0x802,
    0x802,   0x802,   0x802,   0x802,   0x802,   0x802,   0x802,   0x802,
    0x80b,   0x80b,   0x80b,   0x80b,   0x80b,   0x80b,   0x80b,   0x80b,
    0x80b,   0x80b,   0x80b,   0x80b,   0x80b,   0x80b,   0x80b,   0x80b,
    0x104f,  0x104f,  0x104f,  0x104f,  0x1057,  0x1057,  0x1057,  0x1057,
    0xc75,   0xc75,   0xc75,   0xc75,   0xc75,   0xc75,   0xc75,   0xc75,
    0x827,   0x827,   0x827,   0x827,   0x827,   0x827,   0x827,   0x827,
    0x827,   0x827,   0x827,   0x827,   0x827,   0x827,   0x827,   0x827,
    0xc77,   0xc77,   0xc77,   0xc77,   0xc77,   0xc77,   0xc77,   0xc77,
    0x1049,  0x1049,  0x1049,  0x1049,  0x144e,  0x144e,  0x20040, 0x1842,
    0x862,   0x84a,   0x44b,   0x44b,   0x474,   0x433,   0x460,   0x460,
    0x460,   0x460,   0x84c,   0x84c,   0xc5f,   0xc5d,   0x1432,  0x1432,
    0x10040, 0x60042, 0x1009,  0x1009,  0x1009,  0x1009,  0x1015,  0x1015,
    0x1015,  0x1015,  0x1021,  0x1021,  0x1021,  0x1021,  0x1425,  0x1425,
    0x187d,  0x182f,  0x1419,  0x1419,  0x40082, 0x60092, 0x1029,  0x1029,
    0x1029,  0x1029,  0x1031,  0x1031,  0x1031,  0x1031,  0x43e,   0x43e,
    0x43e,   0x43e,   0x43e,   0x43e,   0x43e,   0x43e,   0x43e,   0x43e,
    0x43e,   0x43e,   0x43e,   0x43e,   0x43e,   0x43e,   0x43e,   0x43e,
    0x43e,   0x43e,   0x43e,   0x43e,   0x43e,   0x43e,   0x43e,   0x43e,
    0x43e,   0x43e,   0x43e,   0x43e,   0x43e,   0x43e,   0x413,   0x46c,
    0x42b,   0x42b,   0x42b,   0x42b,   0x42b,   0x42b,   0x42b,   0x42b,
    0x42b,   0x42b,   0x42b,   0x42b,   0x42b,   0x42b,   0x42b,   0x42b,
    0x42b,   0x42b,   0x42b,   0x42b,   0x42b,   0x42b,   0x42b,   0x42b,
    0x42b,   0x42b,   0x42b,   0x42b,   0x42b,   0x42b,   0x42b,   0x42b,
    0xc71,   0xc71,   0xc71,   0xc71,   0xc71,   0xc71,   0xc71,   0xc71,
    0x1867,  0x1852,  0x1463,  0x1463,  0x105e,  0x105e,  0x105e,  0x105e,
    0xc45,   0xc45,   0xc45,   0xc45,   0xc45,   0xc45,   0xc45,   0xc45,
    0xc61,   0xc61,   0xc61,   0xc61,   0xc61,   0xc61,   0xc61,   0xc61,
    0x106e,  0x1065,  0xc76,   0xc76,   0x81b,   0x81b,   0x81b,   0x81b,
    0x448,   0x448,   0x448,   0x448,   0x448,   0x448,   0x448,   0x448,
    0x45c,   0x45c,   0x45c,   0x45c,   0x45c,   0x45c,   0x45c,   0x45c,
    0x45c,   0x45c,   0x45c,   0x45c,   0x45c,   0x45c,   0x45c,   0x45c,
    0x45c,   0x45c,   0x45c,   0x45c,   0x45c,   0x45c,   0x45c,   0x45c,
    0x45c,   0x45c,   0x45c,   0x45c,   0x45c,   0x45c,   0x45c,   0x45c,
    0x1073,  0x1073,  0x1073,  0x1073,  0x1056,  0x1056,  0x1056,  0x1056,
    0x146a,  0x146a,  0x146b,  0x146b,  0x1069,  0x1069,  0x1069,  0x1069,
    0x106f,  0x106f,  0x106f,  0x106f,  0x1453,  0x1453,  0x185a,  0x1866,
    0xc6d,   0xc6d,   0xc6d,   0xc6d,   0xc6d,   0xc6d,   0xc6d,   0xc6d,
    0x101e,  0x101e,  0x101e,  0x101e,  0x1040,  0x1040,  0x1040,  0x1040,
    0x180f,  0x10040, 0x10042, 0x50044, 0x1006,  0x1006,  0x1006,  0x1006,
    0x1012,  0x1012,  0x1012,  0x1012,  0x103a,  0x103a,  0x103a,  0x103a,
    0x147e,  0x147e,  0x141f,  0x141f,  0x102e,  0x102e,  0x102e,  0x102e,
    0x43d,   0x43d,   0x43d,   0x43d,   0x43d,   0x43d,   0x43d,   0x43d,
    0x43d,   0x43d,   0x43d,   0x43d,   0x43d,   0x43d,   0x43d,   0x43d,
    0x43d,   0x43d,   0x43d,   0x43d,   0x43d,   0x43d,   0x43d,   0x43d,
    0x43d,   0x43d,   0x43d,   0x43d,   0x43d,   0x43d,   0x43d,   0x43d,
    0x470,   0x468,   0x444,   0x450,   0x879,   0x879,   0x879,   0x879,
    0x879,   0x879,   0x879,   0x879,   0x84d,   0x84d,   0x84d,   0x84d,
    0x84d,   0x84d,   0x84d,   0x84d,   0xc51,   0xc51,   0xc51,   0xc51,
    0x1059,  0x1059,  0x1446,  0x1447,  0x87b,   0x87b,   0x87b,   0x87b,
    0x87b,   0x87b,   0x87b,   0x87b,   0xc7c,   0xc7c,   0xc7c,   0xc7c,
    0xc7c,   0xc7c,   0xc7c,   0xc7c,   0x1016,  0x1016,  0x1016,  0x1016,
    0x1036,  0x1036,  0x1036,  0x1036,  0x83f,   0x83f,   0x83f,   0x83f,
    0x83f,   0x83f,   0x83f,   0x83f,   0x83f,   0x83f,   0x83f,   0x83f,
    0x83f,   0x83f,   0x83f,   0x83f,   0x100a,  0x100a,  0x100a,  0x100a,
    0x1022,  0x1022,  0x1022,  0x1022,  0x50040, 0x1807,  0x1878,  0x10060,
    0x102a,  0x102a,  0x102a,  0x102a,  0xc05,   0xc05,   0xc05,   0xc05,
    0xc05,   0xc05,   0xc05,   0xc05,   0xc1d,   0xc1d,   0xc1d,   0xc1d,
    0xc1d,   0xc1d,   0xc1d,   0xc1d,   0xc41,   0xc41,   0xc41,   0xc41,
    0xc7a,   0xc7a,   0xc7a,   0xc7a,   0x864,   0x864,   0x864,   0x864,
    0x864,   0x864,   0x864,   0x864,   0x858,   0x858,   0x858,   0x858,
    0x858,   0x858,   0x858,   0x858,   0x145b,  0x1443,  0x1072,  0x1072,
    0xc55,   0xc55,   0xc55,   0xc55,   0x423,   0x454
};

const int cbp_inter_indices4[] = {
    0x400,   0x400,   0x400,   0x400,   0x400,   0x400,   0x400,   0x400,
    0x400,   0x400,   0x400,   0x400,   0x400,   0x400,   0x400,   0x400,
    0x400,   0x400,   0x400,   0x400,   0x400,   0x400,   0x400,   0x400,
    0x400,   0x400,   0x400,   0x400,   0x400,   0x400,   0x400,   0x400,
    0x1828,  0x60040, 0x143c,  0x143c,  0x1008,  0x1008,  0x1008,  0x1008,
    0x1004,  0x1004,  0x1004,  0x1004,  0x1010,  0x1010,  0x1010,  0x1010,
    0x1020,  0x1020,  0x1020,  0x1020,  0x1830,  0x600d0, 0x181c,  0x182c,
    0x1838,  0x1834,  0x140c,  0x140c,  0x60138, 0x1818,  0x1414,  0x1414,
    0x424,   0x424,   0x424,   0x424,   0x424,   0x424,   0x424,   0x424,
    0x424,   0x424,   0x424,   0x424,   0x424,   0x424,   0x424,   0x424,
    0x424,   0x424,   0x424,   0x424,   0x424,   0x424,   0x424,   0x424,
    0x424,   0x424,   0x424,   0x424,   0x424,   0x424,   0x424,   0x424,
    0x10040, 0x1874,  0x10042, 0x1878,  0x1421,  0x1421,  0x1848,  0x30044,
    0x1850,  0x1004c, 0x1409,  0x1409,  0x1415,  0x1415,  0x141d,  0x141d,
    0x1825,  0x5004e, 0x143f,  0x143f,  0x1431,  0x1431,  0x1439,  0x1439,
    0x180e,  0x1844,  0x5006e, 0x1008e, 0x1429,  0x1429,  0x1435,  0x1435,
    0x47d,   0x403,   0x41a,   0x41f,   0x44c,   0x44c,   0x44c,   0x44c,
    0xc6f,   0xc55,   0x879,   0x879,   0x437,   0x43b,   0xc6e,   0xc6e,
    0xc6e,   0xc6e,   0xc65,   0xc65,   0xc65,   0xc65,   0x841,   0x841,
    0x841,   0x841,   0x841,   0x841,   0x841,   0x841,   0xc51,   0xc51,
    0xc51,   0xc51,   0xc5e,   0xc5e,   0xc5e,   0xc5e,   0xc6a,   0xc6a,
    0xc6a,   0xc6a,   0x105a,  0x105a,  0x144b,  0x1446,  0x81b,   0x81b,
    0x81b,   0x81b,   0x81b,   0x81b,   0x81b,   0x81b,   0x861,   0x861,
    0x861,   0x861,   0x861,   0x861,   0x861,   0x861,   0xc59,   0xc59,
    0xc59,   0xc59,   0x1447,  0x144a,  0x1052,  0x1052,  0x875,   0x875,
    0x875,   0x875,   0x875,   0x875,   0x875,   0x875,   0x42f,   0x464,
    0x840,   0x840,   0x840,   0x840,   0x840,   0x840,   0x840,   0x840,
    0x840,   0x840,   0x840,   0x840,   0x840,   0x840,   0x840,   0x840,
    0x1832,  0x1819,  0x186c,  0x30040, 0x1870,  0x10048, 0x1868,  0x1004a,
    0x142d,  0x142d,  0x3004c, 0x40054, 0x142e,  0x142e,  0x141e,  0x141e,
    0xc3d,   0xc3d,   0xc3d,   0xc3d,   0xc3d,   0xc3d,   0xc3d,   0xc3d,
    0xc02,   0xc02,   0xc02,   0xc02,   0xc02,   0xc02,   0xc02,   0xc02,
    0xc7c,   0xc7c,   0xc7c,   0xc7c,   0xc7c,   0xc7c,   0xc7c,   0xc7c,
    0x1460,  0x1460,  0x143a,  0x143a,  0x185c,  0x20064, 0x1416,  0x1416,
    0xc6b,   0xc63,   0x845,   0x845,   0x458,   0x458,   0x458,   0x458,
    0x42b,   0x413,   0x433,   0x40f,   0x87a,   0x87a,   0xc5f,   0xc56,
    0x407,   0x407,   0x407,   0x407,   0x876,   0x876,   0x876,   0x876,
    0xc62,   0xc62,   0xc66,   0xc66,   0x849,   0x849,   0x849,   0x849,
    0x1043,  0x104e,  0xc5b,   0xc5b,   0x47f,   0x47f,   0x877,   0x869,
    0x801,   0x801,   0x801,   0x801,   0x801,   0x801,   0x801,   0x801,
    0x801,   0x801,   0x801,   0x801,   0x801,   0x801,   0x801,   0x801,
    0x1854,  0x187e,  0x1406,  0x1406,  0x1005,  0x1005,  0x1005,  0x1005,
    0x40040, 0x1817,  0x1436,  0x1436,  0x1011,  0x1011,  0x1011,  0x1011,
    0x20050, 0x30054, 0x1412,  0x1412,  0x1826,  0x2005c, 0x140a,  0x140a,
    0x1422,  0x1422,  0x142a,  0x142a,  0x100d,  0x100d,  0x100d,  0x100d,
    0x83e,   0x83e,   0x83e,   0x83e,   0x83e,   0x83e,   0x83e,   0x83e,
    0x83e,   0x83e,   0x83e,   0x83e,   0x83e,   0x83e,   0x83e,   0x83e,
    0x423,   0x423,   0x423,   0x423,   0x423,   0x423,   0x423,   0x423,
    0xc67,   0xc67,   0x1042,  0x104f,  0x872,   0x872,   0x872,   0x872,
    0x40b,   0x40b,   0x87b,   0x873,   0x84d,   0x84d,   0xc57,   0xc53,
    0x427,   0x427,   0x427,   0x427,   0x85d,   0x86d,   0x471,   0x471,
};

const int cbp_intra_indices[] = {
    0x20040, 0x1834,  0x1410,  0x1410,  0x1408,  0x1408,  0x20044, 0x182c,
    0x100c,  0x100c,  0x100c,  0x100c,  0x1014,  0x1014,  0x1014,  0x1014,
    0x1807,  0x20048, 0x1838,  0x1817,  0x1003,  0x1003,  0x1003,  0x1003,
    0x1004,  0x1004,  0x1004,  0x1004,  0x6004c, 0x180f,  0x183e,  0x2008c,
    0x1806,  0x20090, 0x1818,  0x40094, 0x1002,  0x1002,  0x1002,  0x1002,
    0x1428,  0x1428,  0x1420,  0x1420,  0x1816,  0x300a4, 0x1401,  0x1401,
    0xc3c,   0xc3c,   0xc3c,   0xc3c,   0xc3c,   0xc3c,   0xc3c,   0xc3c,
    0x143f,  0x143f,  0x180e,  0x300ac, 0x141c,  0x141c,  0x1430,  0x1430,
    0x40b,   0x40b,   0x822,   0x83d,   0x82b,   0x82f,   0x424,   0x424,
    0x83a,   0x837,   0x823,   0x805,   0x83b,   0x83b,   0x83b,   0x83b,
    0x83b,   0x83b,   0x83b,   0x83b,   0x83b,   0x83b,   0x83b,   0x83b,
    0x83b,   0x83b,   0x83b,   0x83b,   0x1439,  0x1439,  0x181d,  0x1825,
    0x1019,  0x1019,  0x1019,  0x1019,  0x1035,  0x1035,  0x1035,  0x1035,
    0x102d,  0x102d,  0x102d,  0x102d,  0x432,   0x432,   0x432,   0x432,
    0x432,   0x432,   0x432,   0x432,   0x432,   0x432,   0x432,   0x432,
    0x432,   0x432,   0x432,   0x432,   0x432,   0x432,   0x432,   0x432,
    0x432,   0x432,   0x432,   0x432,   0x432,   0x432,   0x432,   0x432,
    0x432,   0x432,   0x432,   0x432,   0x80d,   0x82a,   0x413,   0x413,
    0x41f,   0x41f,   0x82e,   0x81b,   0x412,   0x412,   0x412,   0x412,
    0x412,   0x412,   0x412,   0x412,   0x833,   0x833,   0x833,   0x833,
    0xc1a,   0xc1a,   0x1031,  0x1029,  0xc11,   0xc27,   0x81e,   0x81e,
    0x836,   0x836,   0x815,   0x815,   0x809,   0x809,   0xc26,   0xc21,
    0x40a,   0x40a,   0x40a,   0x40a,
};

const int dc_chrom0_indices[] = {
    0x800,   0x800,   0x800,   0x800,   0x800,   0x800,   0x800,   0x800,
    0x800,   0x800,   0x800,   0x800,   0x800,   0x800,   0x800,   0x800,
    0x801,   0x801,   0x801,   0x801,   0x801,   0x801,   0x801,   0x801,
    0x801,   0x801,   0x801,   0x801,   0x801,   0x801,   0x801,   0x801,
    0x50040, 0x1808,  0x1405,  0x1405,  0x1003,  0x1003,  0x1003,  0x1003,
    0xc02,   0xc02,   0xc02,   0xc02,   0xc02,   0xc02,   0xc02,   0xc02,
    0x60060, 0x1809,  0x6025a, 0x180b,  0x1004,  0x1004,  0x1004,  0x1004,
    0x180a,  0x180c,  0x1406,  0x1406,  0x3029a, 0x180d,  0x1407,  0x1407,
    0x810,   0x810,   0x810,   0x810,   0x810,   0x810,   0x810,   0x810,
    0x814,   0x814,   0x814,   0x814,   0x814,   0x814,   0x814,   0x814,
    0x1426,  0x1423,  0x1420,  0x1421,  0x101d,  0x101d,  0x101e,  0x101e,
    0xc18,   0xc18,   0xc18,   0xc18,   0xc17,   0xc17,   0xc17,   0xc17,
    0x815,   0x815,   0x815,   0x815,   0x815,   0x815,   0x815,   0x815,
    0x815,   0x815,   0x815,   0x815,   0x815,   0x815,   0x815,   0x815,
    0x182a,  0x60040, 0x141f,  0x141f,  0x1424,  0x1424,  0x1422,  0x1422,
    0xc1a,   0xc1a,   0xc1a,   0xc1a,   0xc1a,   0xc1a,   0xc1a,   0xc1a,
    0x40e,   0x40e,   0x40e,   0x40e,   0x40e,   0x40e,   0x40e,   0x40e,
    0x40e,   0x40e,   0x40e,   0x40e,   0x40e,   0x40e,   0x40e,   0x40e,
    0x40e,   0x40e,   0x40e,   0x40e,   0x40e,   0x40e,   0x40e,   0x40e,
    0x40e,   0x40e,   0x40e,   0x40e,   0x40e,   0x40e,   0x40e,   0x40e,
    0x102f,  0x102f,  0x102f,  0x102f,  0x60040, 0x4018a, 0x4019a, 0x401aa,
    0xc2e,   0xc2e,   0xc2e,   0xc2e,   0xc2e,   0xc2e,   0xc2e,   0xc2e,
    0x82d,   0x82d,   0x82d,   0x82d,   0x82d,   0x82d,   0x82d,   0x82d,
    0x82d,   0x82d,   0x82d,   0x82d,   0x82d,   0x82d,   0x82d,   0x82d,
    0x42c,   0x42c,   0x42c,   0x42c,   0x42c,   0x42c,   0x42c,   0x42c,
    0x42c,   0x42c,   0x42c,   0x42c,   0x42c,   0x42c,   0x42c,   0x42c,
    0x42c,   0x42c,   0x42c,   0x42c,   0x42c,   0x42c,   0x42c,   0x42c,
    0x42c,   0x42c,   0x42c,   0x42c,   0x42c,   0x42c,   0x42c,   0x42c,
    0x1468,  0x1468,  0x1469,  0x1469,  0x146a,  0x146a,  0x146b,  0x146b,
    0x146c,  0x146c,  0x146d,  0x146d,  0x146e,  0x146e,  0x146f,  0x146f,
    0x1470,  0x1470,  0x1471,  0x1471,  0x1472,  0x1472,  0x1473,  0x1473,
    0x1474,  0x1474,  0x1475,  0x1475,  0x1476,  0x1476,  0x60040, 0x6008a,
    0x1030,  0x1030,  0x1030,  0x1030,  0x1031,  0x1031,  0x1031,  0x1031,
    0x1032,  0x1032,  0x1032,  0x1032,  0x1033,  0x1033,  0x1033,  0x1033,
    0x1034,  0x1034,  0x1034,  0x1034,  0x1035,  0x1035,  0x1035,  0x1035,
    0x1036,  0x1036,  0x1036,  0x1036,  0x1037,  0x1037,  0x1037,  0x1037,
    0x0,     0x0,     0x0,     0x0,     0x0,     0x0,     0x0,     0x0,
    0x0,     0x0,     0x0,     0x0,     0x0,     0x0,     0x0,     0x0,
    0x0,     0x0,     0x0,     0x0,     0x0,     0x0,     0x0,     0x0,
    0x0,     0x0,     0x0,     0x0,     0x0,     0x0,     0x0,     0x0,
    0x0,     0x0,     0x0,     0x0,     0x0,     0x0,     0x0,     0x0,
    0x0,     0x0,     0x0,     0x0,     0x0,     0x0,     0x0,     0x0,
    0x0,     0x0,     0x0,     0x0,     0x0,     0x0,     0x0,     0x0,
    0x0,     0x0,     0x0,     0x10040, 0x10042, 0x10044, 0x10046, 0x10048,
    0x0,     0x477,   0x478,   0x479,   0x47a,   0x47b,   0x47c,   0x47d,
    0x47e,   0x47f,   0x10040, 0x10042, 0x10044, 0x10046, 0x10048, 0x1004a,
    0x1004c, 0x1004e, 0x10050, 0x10052, 0x10054, 0x10056, 0x10058, 0x1005a,
    0x1005c, 0x1005e, 0x10060, 0x10062, 0x10064, 0x10066, 0x10068, 0x1006a,
    0x1006c, 0x1006e, 0x10070, 0x10072, 0x10074, 0x10076, 0x10078, 0x1007a,
    0x1007c, 0x1007e, 0x10080, 0x10082, 0x10084, 0x10086, 0x10088, 0x1008a,
    0x1008c, 0x1008e, 0x10090, 0x10092, 0x10094, 0x10096, 0x10098, 0x1009a,
    0x1009c, 0x1009e, 0x100a0, 0x100a2, 0x100a4, 0x100a6, 0x100a8, 0x100aa,
    0x100ac, 0x100ae, 0x100b0, 0x100b2, 0x100b4, 0x100b6, 0x100b8, 0x100ba,
    0x100bc, 0x100be, 0x480,   0x481,   0x482,   0x483,   0x484,   0x485,
    0x486,   0x487,   0x488,   0x489,   0x48a,   0x48b,   0x48c,   0x48d,
    0x48e,   0x48f,   0x490,   0x491,   0x492,   0x493,   0x494,   0x495,
    0x496,   0x497,   0x498,   0x499,   0x49a,   0x49b,   0x49c,   0x49d,
    0x49e,   0x49f,   0x4a0,   0x4a1,   0x4a2,   0x4a3,   0x4a4,   0x4a5,
    0x4a6,   0x4a7,   0x4a8,   0x4a9,   0x4aa,   0x4ab,   0x4ac,   0x4ad,
    0x4ae,   0x4af,   0x4b0,   0x4b1,   0x4b2,   0x4b3,   0x4b4,   0x4b5,
    0x4b6,   0x4b7,   0x4b8,   0x4b9,   0x4ba,   0x4bb,   0x4bc,   0x4bd,
    0x4be,   0x4bf,   0x4c0,   0x4c1,   0x4c2,   0x4c3,   0x4c4,   0x4c5,
    0x4c6,   0x4c7,   0x4c8,   0x4c9,   0x4ca,   0x4cb,   0x4cc,   0x4cd,
    0x4ce,   0x4cf,   0x4d0,   0x4d1,   0x4d2,   0x4d3,   0x4d4,   0x4d5,
    0x4d6,   0x4d7,   0x4d8,   0x4d9,   0x4da,   0x4db,   0x4dc,   0x4dd,
    0x4de,   0x4df,   0x4e0,   0x4e1,   0x4e2,   0x4e3,   0x4e4,   0x4e5,
    0x4e6,   0x4e7,   0x4e8,   0x4e9,   0x4ea,   0x4eb,   0x4ec,   0x4ed,
    0x4ee,   0x4ef,   0x4f0,   0x4f1,   0x4f2,   0x4f3,   0x4f4,   0x4f5,
    0x4f6,   0x4f7,   0x4f8,   0x4f9,   0x4fa,   0x4fb,   0x4fc,   0x4fd,
    0x4fe,   0x4ff,   0x1038,  0x1039,  0x103a,  0x103b,  0x103c,  0x103d,
    0x103e,  0x103f,  0x1040,  0x1041,  0x1042,  0x1043,  0x1044,  0x1045,
    0x1046,  0x1047,  0x1048,  0x1049,  0x104a,  0x104b,  0x104c,  0x104d,
    0x104e,  0x104f,  0x1050,  0x1051,  0x1052,  0x1053,  0x1054,  0x1055,
    0x1056,  0x1057,  0x1058,  0x1059,  0x105a,  0x105b,  0x105c,  0x105d,
    0x105e,  0x105f,  0x1060,  0x1061,  0x1062,  0x1063,  0x1064,  0x1065,
    0x1066,  0x1067,  0x811,   0x811,   0x811,   0x811,   0x811,   0x811,
    0x811,   0x811,   0x811,   0x811,   0x811,   0x811,   0x811,   0x811,
    0x811,   0x811,   0x816,   0x816,   0x816,   0x816,   0x816,   0x816,
    0x816,   0x816,   0x816,   0x816,   0x816,   0x816,   0x816,   0x816,
    0x816,   0x816,   0x812,   0x812,   0x812,   0x812,   0x812,   0x812,
    0x812,   0x812,   0x812,   0x812,   0x812,   0x812,   0x812,   0x812,
    0x812,   0x812,   0xc19,   0xc19,   0xc19,   0xc19,   0xc19,   0xc19,
    0xc19,   0xc19,   0x1829,  0x182b,  0x1427,  0x1427,  0x1428,  0x1428,
    0x1425,  0x1425,  0x813,   0x813,   0xc1c,   0xc1b,   0x40f,   0x40f,
    0x40f,   0x40f
};

const int dc_chrom1_indices[] = {
    0x800,   0x800,   0x800,   0x800,   0x800,   0x800,   0x800,   0x800,
    0x800,   0x800,   0x800,   0x800,   0x800,   0x800,   0x800,   0x800,
    0x801,   0x801,   0x801,   0x801,   0x801,   0x801,   0x801,   0x801,
    0x801,   0x801,   0x801,   0x801,   0x801,   0x801,   0x801,   0x801,
    0xc02,   0xc02,   0xc02,   0xc02,   0xc02,   0xc02,   0xc02,   0xc02,
    0x1807,  0x60040, 0x1406,  0x1406,  0x1004,  0x1004,  0x1004,  0x1004,
    0x1808,  0x60084, 0x1809,  0x60222, 0x1005,  0x1005,  0x1005,  0x1005,
    0xc03,   0xc03,   0xc03,   0xc03,   0xc03,   0xc03,   0xc03,   0xc03,
    0x40a,   0x40a,   0x40a,   0x40a,   0x40a,   0x40a,   0x40a,   0x40a,
    0x40a,   0x40a,   0x40a,   0x40a,   0x40a,   0x40a,   0x40a,   0x40a,
    0x40a,   0x40a,   0x40a,   0x40a,   0x40a,   0x40a,   0x40a,   0x40a,
    0x40a,   0x40a,   0x40a,   0x40a,   0x40a,   0x40a,   0x40a,   0x40a,
    0x80d,   0x80d,   0x80d,   0x80d,   0x80d,   0x80d,   0x80d,   0x80d,
    0x80d,   0x80d,   0x80d,   0x80d,   0x80d,   0x80d,   0x80d,   0x80d,
    0x1415,  0x1415,  0x20040, 0x181a,  0x1013,  0x1013,  0x1013,  0x1013,
    0xc10,   0xc10,   0xc10,   0xc10,   0xc10,   0xc10,   0xc10,   0xc10,
    0x81f,   0x820,   0x41d,   0x41d,   0x40b,   0x40b,   0x40b,   0x40b,
    0x40b,   0x40b,   0x40b,   0x40b,   0x40b,   0x40b,   0x40b,   0x40b,
    0x40b,   0x40b,   0x40b,   0x40b,   0x40b,   0x40b,   0x40b,   0x40b,
    0x40b,   0x40b,   0x40b,   0x40b,   0x40b,   0x40b,   0x40b,   0x40b,
    0x40b,   0x40b,   0x40b,   0x40b,   0x80e,   0x80e,   0x80e,   0x80e,
    0x80e,   0x80e,   0x80e,   0x80e,   0x80e,   0x80e,   0x80e,   0x80e,
    0x80e,   0x80e,   0x80e,   0x80e,   0xc11,   0xc11,   0xc11,   0xc11,
    0xc11,   0xc11,   0xc11,   0xc11,   0x1416,  0x1416,  0x181b,  0x60040,
    0x1417,  0x1417,  0x1418,  0x1418,  0xc25,   0xc25,   0xc25,   0xc25,
    0xc25,   0xc25,   0xc25,   0xc25,   0x182f,  0x60040, 0x142e,  0x142e,
    0x1027,  0x1027,  0x1027,  0x1027,  0x1028,  0x1028,  0x1028,  0x1028,
    0x1029,  0x1029,  0x1029,  0x1029,  0x1024,  0x1024,  0x1024,  0x1024,
    0x102b,  0x102b,  0x102b,  0x102b,  0x102c,  0x102c,  0x102c,  0x102c,
    0x102d,  0x102d,  0x102d,  0x102d,  0xc21,   0xc21,   0xc21,   0xc21,
    0xc21,   0xc21,   0xc21,   0xc21,   0xc2a,   0xc2a,   0xc2a,   0xc2a,
    0xc2a,   0xc2a,   0xc2a,   0xc2a,   0xc26,   0xc26,   0xc26,   0xc26,
    0xc26,   0xc26,   0xc26,   0xc26,   0x10040, 0x10042, 0x10044, 0x10046,
    0x10048, 0x1004a, 0x1004c, 0x6004e, 0x1830,  0x1831,  0x1832,  0x1833,
    0x1834,  0x1835,  0x1836,  0x1837,  0x1838,  0x1839,  0x183a,  0x183b,
    0x183c,  0x183d,  0x183e,  0x183f,  0x1840,  0x1841,  0x1842,  0x1843,
    0x1844,  0x1845,  0x1846,  0x1847,  0x1848,  0x1849,  0x184a,  0x184b,
    0x184c,  0x184d,  0x184e,  0x184f,  0x1850,  0x1851,  0x1852,  0x1853,
    0x1854,  0x1855,  0x1856,  0x1857,  0x1858,  0x1859,  0x185a,  0x185b,
    0x185c,  0x185d,  0x185e,  0x185f,  0x1860,  0x1861,  0x1862,  0x1863,
    0x1864,  0x1865,  0x1866,  0x1867,  0x468,   0x469,   0x46a,   0x46b,
    0x46c,   0x46d,   0x46e,   0x46f,   0x470,   0x471,   0x472,   0x473,
    0x474,   0x475,   0x476,   0x476,   0x476,   0x476,   0x476,   0x476,
    0x476,   0x476,   0x476,   0x476,   0x476,   0x476,   0x476,   0x476,
    0x476,   0x476,   0x476,   0x476,   0x476,   0x476,   0x476,   0x476,
    0x476,   0x476,   0x476,   0x476,   0x476,   0x476,   0x476,   0x476,
    0x476,   0x476,   0x0,     0x0,     0x0,     0x0,     0x0,     0x0,
    0x0,     0x0,     0x0,     0x0,     0x0,     0x0,     0x0,     0x0,
    0x30040, 0x30048, 0x30050, 0x30058, 0x30060, 0x30068, 0x30070, 0x30078,
    0x30080, 0x30088, 0x30090, 0x30098, 0x300a0, 0x300a8, 0x300b0, 0x300b8,
    0x300c0, 0x300c8, 0x0,     0x0,     0x0,     0x0,     0x0,     0x0,
    0x0,     0xc77,   0xc78,   0xc79,   0xc7a,   0xc7b,   0xc7c,   0xc7d,
    0xc7e,   0xc7f,   0xc80,   0xc81,   0xc82,   0xc83,   0xc84,   0xc85,
    0xc86,   0xc87,   0xc88,   0xc89,   0xc8a,   0xc8b,   0xc8c,   0xc8d,
    0xc8e,   0xc8f,   0xc90,   0xc91,   0xc92,   0xc93,   0xc94,   0xc95,
    0xc96,   0xc97,   0xc98,   0xc99,   0xc9a,   0xc9b,   0xc9c,   0xc9d,
    0xc9e,   0xc9f,   0xca0,   0xca1,   0xca2,   0xca3,   0xca4,   0xca5,
    0xca6,   0xca7,   0xca8,   0xca9,   0xcaa,   0xcab,   0xcac,   0xcad,
    0xcae,   0xcaf,   0xcb0,   0xcb1,   0xcb2,   0xcb3,   0xcb4,   0xcb5,
    0xcb6,   0xcb7,   0xcb8,   0xcb9,   0xcba,   0xcbb,   0xcbc,   0xcbd,
    0xcbe,   0xcbf,   0xcc0,   0xcc1,   0xcc2,   0xcc3,   0xcc4,   0xcc5,
    0xcc6,   0xcc7,   0xcc8,   0xcc9,   0xcca,   0xccb,   0xccc,   0xccd,
    0xcce,   0xccf,   0xcd0,   0xcd1,   0xcd2,   0xcd3,   0xcd4,   0xcd5,
    0xcd6,   0xcd7,   0xcd8,   0xcd9,   0xcda,   0xcdb,   0xcdc,   0xcdd,
    0xcde,   0xcdf,   0xce0,   0xce1,   0xce2,   0xce3,   0xce4,   0xce5,
    0xce6,   0xce7,   0xce8,   0xce9,   0xcea,   0xceb,   0xcec,   0xced,
    0xcee,   0xcef,   0xcf0,   0xcf1,   0xcf2,   0xcf3,   0xcf4,   0xcf5,
    0xcf6,   0xcf7,   0xcf8,   0xcf9,   0xcfa,   0xcfb,   0xcfc,   0xcfd,
    0xcfe,   0xcff,   0x40c,   0x40c,   0x40c,   0x40c,   0x40c,   0x40c,
    0x40c,   0x40c,   0x40c,   0x40c,   0x40c,   0x40c,   0x40c,   0x40c,
    0x40c,   0x40c,   0x40c,   0x40c,   0x40c,   0x40c,   0x40c,   0x40c,
    0x40c,   0x40c,   0x40c,   0x40c,   0x40c,   0x40c,   0x40c,   0x40c,
    0x40c,   0x40c,   0xc12,   0xc12,   0xc12,   0xc12,   0xc12,   0xc12,
    0xc12,   0xc12,   0x1014,  0x1014,  0x1014,  0x1014,  0x1419,  0x1419,
    0x20040, 0x181c,  0x80f,   0x80f,   0x80f,   0x80f,   0x80f,   0x80f,
    0x80f,   0x80f,   0x80f,   0x80f,   0x80f,   0x80f,   0x80f,   0x80f,
    0x80f,   0x80f,   0x822,   0x823,   0x41e,   0x41e,
};

const int dc_lum0_indices[] = {
    0x60040, 0x60088, 0x1403,  0x1403,  0x1002,  0x1002,  0x1002,  0x1002,
    0x1806,  0x4023e, 0x1404,  0x1404,  0x1807,  0x3024e, 0x1405,  0x1405,
    0x801,   0x801,   0x801,   0x801,   0x801,   0x801,   0x801,   0x801,
    0x801,   0x801,   0x801,   0x801,   0x801,   0x801,   0x801,   0x801,
    0x400,   0x400,   0x400,   0x400,   0x400,   0x400,   0x400,   0x400,
    0x400,   0x400,   0x400,   0x400,   0x400,   0x400,   0x400,   0x400,
    0x400,   0x400,   0x400,   0x400,   0x400,   0x400,   0x400,   0x400,
    0x400,   0x400,   0x400,   0x400,   0x400,   0x400,   0x400,   0x400,
    0x408,   0x408,   0x408,   0x408,   0x408,   0x408,   0x408,   0x408,
    0x408,   0x408,   0x408,   0x408,   0x408,   0x408,   0x408,   0x408,
    0x408,   0x408,   0x408,   0x408,   0x408,   0x408,   0x408,   0x408,
    0x408,   0x408,   0x408,   0x408,   0x408,   0x408,   0x408,   0x408,
    0x1014,  0x1014,  0x1014,  0x1014,  0x20040, 0x20044, 0x1419,  0x1419,
    0xc10,   0xc10,   0xc10,   0xc10,   0xc10,   0xc10,   0xc10,   0xc10,
    0x80c,   0x80c,   0x80c,   0x80c,   0x80c,   0x80c,   0x80c,   0x80c,
    0x80c,   0x80c,   0x80c,   0x80c,   0x80c,   0x80c,   0x80c,   0x80c,
    0x41d,   0x41d,   0x822,   0x824,   0x41f,   0x41f,   0x827,   0x828,
    0x409,   0x409,   0x409,   0x409,   0x409,   0x409,   0x409,   0x409,
    0x409,   0x409,   0x409,   0x409,   0x409,   0x409,   0x409,   0x409,
    0x409,   0x409,   0x409,   0x409,   0x409,   0x409,   0x409,   0x409,
    0x409,   0x409,   0x409,   0x409,   0x409,   0x409,   0x409,   0x409,
    0x60040, 0x181c,  0x301ac, 0x101b4, 0x1015,  0x1015,  0x1015,  0x1015,
    0x141a,  0x141a,  0x141b,  0x141b,  0x1017,  0x1017,  0x1017,  0x1017,
    0x80d,   0x80d,   0x80d,   0x80d,   0x80d,   0x80d,   0x80d,   0x80d,
    0x80d,   0x80d,   0x80d,   0x80d,   0x80d,   0x80d,   0x80d,   0x80d,
    0x829,   0x829,   0x829,   0x829,   0x829,   0x829,   0x829,   0x829,
    0x829,   0x829,   0x829,   0x829,   0x829,   0x829,   0x829,   0x829,
    0x102d,  0x102d,  0x102d,  0x102d,  0x102c,  0x102c,  0x102c,  0x102c,
    0x102e,  0x102e,  0x102e,  0x102e,  0x142f,  0x142f,  0x60040, 0x5014c,
    0x826,   0x826,   0x826,   0x826,   0x826,   0x826,   0x826,   0x826,
    0x826,   0x826,   0x826,   0x826,   0x826,   0x826,   0x826,   0x826,
    0x825,   0x825,   0x825,   0x825,   0x825,   0x825,   0x825,   0x825,
    0x825,   0x825,   0x825,   0x825,   0x825,   0x825,   0x825,   0x825,
    0x1868,  0x1869,  0x186a,  0x186b,  0x186c,  0x186d,  0x186e,  0x186f,
    0x1870,  0x1871,  0x1872,  0x1873,  0x1874,  0x1875,  0x1876,  0x60040,
    0x1432,  0x1432,  0x1431,  0x1431,  0x1433,  0x1433,  0x1434,  0x1434,
    0x1435,  0x1435,  0x1430,  0x1430,  0x1436,  0x1436,  0x1437,  0x1437,
    0x1438,  0x1438,  0x1439,  0x1439,  0x143a,  0x143a,  0x143b,  0x143b,
    0x143c,  0x143c,  0x143d,  0x143d,  0x143e,  0x143e,  0x143f,  0x143f,
    0x1440,  0x1440,  0x1441,  0x1441,  0x1442,  0x1442,  0x1443,  0x1443,
    0x1444,  0x1444,  0x1445,  0x1445,  0x1446,  0x1446,  0x1447,  0x1447,
    0x0,     0x0,     0x0,     0x0,     0x0,     0x0,     0x0,     0x0,
    0x0,     0x0,     0x0,     0x0,     0x0,     0x0,     0x0,     0x0,
    0x0,     0x0,     0x0,     0x0,     0x0,     0x0,     0x0,     0x0,
    0x0,     0x0,     0x0,     0x0,     0x0,     0x20040, 0x20044, 0x20048,
    0x2004c, 0x20050, 0x20054, 0x20058, 0x2005c, 0x20060, 0x20064, 0x20068,
    0x2006c, 0x20070, 0x20074, 0x20078, 0x2007c, 0x20080, 0x20084, 0x20088,
    0x2008c, 0x20090, 0x20094, 0x20098, 0x2009c, 0x200a0, 0x200a4, 0x200a8,
    0x200ac, 0x200b0, 0x200b4, 0x200b8, 0x200bc, 0x200c0, 0x200c4, 0x200c8,
    0x0,     0x0,     0x0,     0x877,   0x878,   0x879,   0x87a,   0x87b,
    0x87c,   0x87d,   0x87e,   0x87f,   0x880,   0x881,   0x882,   0x883,
    0x884,   0x885,   0x886,   0x887,   0x888,   0x889,   0x88a,   0x88b,
    0x88c,   0x88d,   0x88e,   0x88f,   0x890,   0x891,   0x892,   0x893,
    0x894,   0x895,   0x896,   0x897,   0x898,   0x899,   0x89a,   0x89b,
    0x89c,   0x89d,   0x89e,   0x89f,   0x8a0,   0x8a1,   0x8a2,   0x8a3,
    0x8a4,   0x8a5,   0x8a6,   0x8a7,   0x8a8,   0x8a9,   0x8aa,   0x8ab,
    0x8ac,   0x8ad,   0x8ae,   0x8af,   0x8b0,   0x8b1,   0x8b2,   0x8b3,
    0x8b4,   0x8b5,   0x8b6,   0x8b7,   0x8b8,   0x8b9,   0x8ba,   0x8bb,
    0x8bc,   0x8bd,   0x8be,   0x8bf,   0x8c0,   0x8c1,   0x8c2,   0x8c3,
    0x8c4,   0x8c5,   0x8c6,   0x8c7,   0x8c8,   0x8c9,   0x8ca,   0x8cb,
    0x8cc,   0x8cd,   0x8ce,   0x8cf,   0x8d0,   0x8d1,   0x8d2,   0x8d3,
    0x8d4,   0x8d5,   0x8d6,   0x8d7,   0x8d8,   0x8d9,   0x8da,   0x8db,
    0x8dc,   0x8dd,   0x8de,   0x8df,   0x8e0,   0x8e1,   0x8e2,   0x8e3,
    0x8e4,   0x8e5,   0x8e6,   0x8e7,   0x8e8,   0x8e9,   0x8ea,   0x8eb,
    0x8ec,   0x8ed,   0x8ee,   0x8ef,   0x8f0,   0x8f1,   0x8f2,   0x8f3,
    0x8f4,   0x8f5,   0x8f6,   0x8f7,   0x8f8,   0x8f9,   0x8fa,   0x8fb,
    0x8fc,   0x8fd,   0x8fe,   0x8ff,   0x1448,  0x1449,  0x144a,  0x144b,
    0x144c,  0x144d,  0x144e,  0x144f,  0x1450,  0x1451,  0x1452,  0x1453,
    0x1454,  0x1455,  0x1456,  0x1457,  0x1458,  0x1459,  0x145a,  0x145b,
    0x145c,  0x145d,  0x145e,  0x145f,  0x1460,  0x1461,  0x1462,  0x1463,
    0x1464,  0x1465,  0x1466,  0x1467,  0x41e,   0x41e,   0x41e,   0x41e,
    0xc2a,   0xc2b,   0x823,   0x823,   0x420,   0x421,   0x40a,   0x40a,
    0x40a,   0x40a,   0x40a,   0x40a,   0x40a,   0x40a,   0xc11,   0xc11,
    0x1018,  0x1016,  0x80e,   0x80e,   0x80e,   0x80e,   0x40b,   0x40b,
    0x40b,   0x40b,   0xc12,   0xc13,   0x80f,   0x80f
};

const int dc_lum1_indices[] = {
    0x1808,  0x60040, 0x1405,  0x1405,  0x30216, 0x1809,  0x1406,  0x1406,
    0x1003,  0x1003,  0x1003,  0x1003,  0x6021e, 0x180a,  0x30266, 0x180b,
    0x1407,  0x1407,  0x2026e, 0x180c,  0x1004,  0x1004,  0x1004,  0x1004,
    0xc02,   0xc02,   0xc02,   0xc02,   0xc02,   0xc02,   0xc02,   0xc02,
    0x800,   0x800,   0x800,   0x800,   0x800,   0x800,   0x800,   0x800,
    0x800,   0x800,   0x800,   0x800,   0x800,   0x800,   0x800,   0x800,
    0x801,   0x801,   0x801,   0x801,   0x801,   0x801,   0x801,   0x801,
    0x801,   0x801,   0x801,   0x801,   0x801,   0x801,   0x801,   0x801,
    0x811,   0x811,   0x811,   0x811,   0x811,   0x811,   0x811,   0x811,
    0x811,   0x811,   0x811,   0x811,   0x811,   0x811,   0x811,   0x811,
    0x101e,  0x101e,  0x101e,  0x101e,  0x1826,  0x40040, 0x1422,  0x1422,
    0xc18,   0xc18,   0xc18,   0xc18,   0xc18,   0xc18,   0xc18,   0xc18,
    0x812,   0x812,   0x812,   0x812,   0x812,   0x812,   0x812,   0x812,
    0x812,   0x812,   0x812,   0x812,   0x812,   0x812,   0x812,   0x812,
    0x101f,  0x101f,  0x101f,  0x101f,  0x1021,  0x1021,  0x1021,  0x1021,
    0x20050, 0x60054, 0x1423,  0x1423,  0x1020,  0x1020,  0x1020,  0x1020,
    0x830,   0x830,   0x830,   0x830,   0x1037,  0x1039,  0xc33,   0xc33,
    0x42a,   0x42a,   0x42a,   0x42a,   0x42a,   0x42a,   0x42a,   0x42a,
    0x82e,   0x82f,   0x42b,   0x42b,   0x42d,   0x42d,   0x42d,   0x42d,
    0x42d,   0x42d,   0x42d,   0x42d,   0x42d,   0x42d,   0x42d,   0x42d,
    0x42d,   0x42d,   0x42d,   0x42d,   0x42d,   0x42d,   0x42d,   0x42d,
    0x42d,   0x42d,   0x42d,   0x42d,   0x42d,   0x42d,   0x42d,   0x42d,
    0x42d,   0x42d,   0x42d,   0x42d,   0xc32,   0xc32,   0xc32,   0xc32,
    0xc32,   0xc32,   0xc32,   0xc32,   0x183f,  0x60040, 0x143d,  0x143d,
    0x10180, 0x183e,  0x143b,  0x143b,  0xc35,   0xc35,   0xc35,   0xc35,
    0xc35,   0xc35,   0xc35,   0xc35,   0x143c,  0x143c,  0x143a,  0x143a,
    0x1038,  0x1038,  0x1038,  0x1038,  0x843,   0x843,   0x843,   0x843,
    0x843,   0x843,   0x843,   0x843,   0x843,   0x843,   0x843,   0x843,
    0x843,   0x843,   0x843,   0x843,   0x20040, 0x20044, 0x20048, 0x2004c,
    0x20050, 0x20054, 0x20058, 0x2005c, 0x20060, 0x60064, 0x10134, 0x10136,
    0x10138, 0x1013a, 0x1013c, 0x1013e, 0x441,   0x441,   0x441,   0x441,
    0x441,   0x441,   0x441,   0x441,   0x441,   0x441,   0x441,   0x441,
    0x441,   0x441,   0x441,   0x441,   0x441,   0x441,   0x441,   0x441,
    0x441,   0x441,   0x441,   0x441,   0x441,   0x441,   0x441,   0x441,
    0x441,   0x441,   0x441,   0x441,   0x850,   0x851,   0x852,   0x853,
    0x854,   0x855,   0x856,   0x857,   0x858,   0x859,   0x85a,   0x85b,
    0x85c,   0x85d,   0x85e,   0x85f,   0x860,   0x861,   0x862,   0x863,
    0x864,   0x865,   0x866,   0x867,   0x868,   0x869,   0x86a,   0x86b,
    0x86c,   0x86d,   0x86e,   0x86f,   0x870,   0x871,   0x872,   0x873,
    0x874,   0x874,   0x874,   0x874,   0x874,   0x874,   0x874,   0x874,
    0x874,   0x874,   0x874,   0x874,   0x874,   0x874,   0x874,   0x874,
    0x875,   0x875,   0x875,   0x875,   0x875,   0x875,   0x875,   0x875,
    0x875,   0x875,   0x875,   0x875,   0x875,   0x875,   0x875,   0x875,
    0x876,   0x876,   0x876,   0x876,   0x876,   0x876,   0x876,   0x876,
    0x876,   0x876,   0x876,   0x876,   0x876,   0x876,   0x876,   0x876,
    0x0,     0x0,     0x0,     0x0,     0x0,     0x0,     0x0,     0x40040,
    0x40050, 0x40060, 0x40070, 0x40080, 0x40090, 0x400a0, 0x400b0, 0x400c0,
    0x0,     0x0,     0x0,     0x0,     0x0,     0x0,     0x0,     0x1077,
    0x1078,  0x1079,  0x107a,  0x107b,  0x107c,  0x107d,  0x107e,  0x107f,
    0x1080,  0x1081,  0x1082,  0x1083,  0x1084,  0x1085,  0x1086,  0x1087,
    0x1088,  0x1089,  0x108a,  0x108b,  0x108c,  0x108d,  0x108e,  0x108f,
    0x1090,  0x1091,  0x1092,  0x1093,  0x1094,  0x1095,  0x1096,  0x1097,
    0x1098,  0x1099,  0x109a,  0x109b,  0x109c,  0x109d,  0x109e,  0x109f,
    0x10a0,  0x10a1,  0x10a2,  0x10a3,  0x10a4,  0x10a5,  0x10a6,  0x10a7,
    0x10a8,  0x10a9,  0x10aa,  0x10ab,  0x10ac,  0x10ad,  0x10ae,  0x10af,
    0x10b0,  0x10b1,  0x10b2,  0x10b3,  0x10b4,  0x10b5,  0x10b6,  0x10b7,
    0x10b8,  0x10b9,  0x10ba,  0x10bb,  0x10bc,  0x10bd,  0x10be,  0x10bf,
    0x10c0,  0x10c1,  0x10c2,  0x10c3,  0x10c4,  0x10c5,  0x10c6,  0x10c7,
    0x10c8,  0x10c9,  0x10ca,  0x10cb,  0x10cc,  0x10cd,  0x10ce,  0x10cf,
    0x10d0,  0x10d1,  0x10d2,  0x10d3,  0x10d4,  0x10d5,  0x10d6,  0x10d7,
    0x10d8,  0x10d9,  0x10da,  0x10db,  0x10dc,  0x10dd,  0x10de,  0x10df,
    0x10e0,  0x10e1,  0x10e2,  0x10e3,  0x10e4,  0x10e5,  0x10e6,  0x10e7,
    0x10e8,  0x10e9,  0x10ea,  0x10eb,  0x10ec,  0x10ed,  0x10ee,  0x10ef,
    0x10f0,  0x10f1,  0x10f2,  0x10f3,  0x10f4,  0x10f5,  0x10f6,  0x10f7,
    0x10f8,  0x10f9,  0x10fa,  0x10fb,  0x10fc,  0x10fd,  0x10fe,  0x10ff,
    0x445,   0x446,   0x447,   0x448,   0x449,   0x44a,   0x444,   0x44b,
    0x44c,   0x44d,   0x44e,   0x44f,   0x440,   0x442,   0x40d,   0x40d,
    0x40d,   0x40d,   0x813,   0x813,   0xc19,   0xc1a,   0x40e,   0x40e,
    0x40e,   0x40e,   0x40e,   0x40e,   0x40e,   0x40e,   0x40e,   0x40e,
    0x40e,   0x40e,   0x40e,   0x40e,   0x40e,   0x40e,   0x40e,   0x40e,
    0x40e,   0x40e,   0x40e,   0x40e,   0x40e,   0x40e,   0x40e,   0x40e,
    0x40e,   0x40e,   0x40e,   0x40e,   0x40e,   0x40e,   0x814,   0x814,
    0x814,   0x814,   0x814,   0x814,   0x814,   0x814,   0x814,   0x814,
    0x814,   0x814,   0x814,   0x814,   0x814,   0x814,   0xc1b,   0xc1b,
    0xc1b,   0xc1b,   0xc1b,   0xc1b,   0xc1b,   0xc1b,   0x1828,  0x1827,
    0x1424,  0x1424,  0x30040, 0x1829,  0x1425,  0x1425,  0x42c,   0x42c,
    0x42c,   0x42c,   0x831,   0x831,   0xc36,   0xc34,   0x40f,   0x40f,
    0x40f,   0x40f,   0xc1c,   0xc1d,   0x815,   0x815,   0x410,   0x410,
    0x816,   0x817
};

const item_t inter_0_items[] = {
    { {1,25,1}, 4 },  { {0,16,1}, 5 }, { {0,2,3}, 5 },  { {0,6,2}, 5 },  { {1,4,2}, 6 },  { {1,0,4}, 1 },  { {1,10,2}, 2 }, { {1,15,2}, 3 },
    { {1,1,4}, 3 },   { {0,7,2}, 5 },  { {0,1,4}, 5 },  { {0,11,1}, 3 }, { {0,14,1}, 3 }, { {1,10,1}, 1 }, { {0,9,1}, 2 },  { {1,21,1}, 4 },
    { {1,31,1}, 6 },  { {0,3,3}, 6 },  { {0,24,1}, 1 }, { {1,14,2}, 2 }, { {1,13,2}, 2 }, { {0,18,1}, 6 }, { {1,20,1}, 3 }, { {0,12,2}, 6 },
    { {0,19,1}, 6 },  { {0,20,1}, 5 }, { {1,7,2}, 1 },  { {1,9,2}, 1 },  { {0,0,8}, 6 },  { {0,21,1}, 6 }, { {0,1,6}, 1 },  { {1,42,1}, 1 },
    { {1,-1,-1}, 5 }, { {1,-1,0}, 5 }, { {1,0,-1}, 4 }, { {1,2,2}, 4 },  { {0,27,1}, 5 }, { {0,26,1}, 6 }, { {0,13,2}, 1 }, { {1,40,1}, 2 },
    { {0,3,4}, 2 },   { {0,4,2}, 4 },  { {0,5,2}, 4 },  { {0,3,1}, 6 },  { {0,6,1}, 1 },  { {0,13,1}, 3 }, { {1,24,1}, 4 }, { {1,30,1}, 6 },
    { {1,8,2}, 1 },   { {1,3,3}, 3 },  { {0,10,3}, 3 }, { {0,0,12}, 2 }, { {1,3,2}, 5 },  { {1,15,1}, 2 }, { {1,6,1}, 6 },  { {1,12,1}, 1 },
    { {1,26,1}, 4 },  { {0,10,2}, 6 }, { {0,28,1}, 6 }, { {0,1,5}, 6 },  { {0,9,3}, 2 },  { {1,37,1}, 2 }, { {0,14,2}, 1 }, { {1,18,1}, 3 },
    { {1,27,1}, 3 },  { {1,28,1}, 4 }, { {0,6,3}, 1 },  { {0,2,5}, 2 },  { {0,0,14}, 3 }, { {0,1,9}, 3 },  { {1,34,1}, 1 }, { {0,1,8}, 2 },
    { {1,0,5}, 2 },   { {0,0,7}, 5 },  { {1,7,1}, 6 },  { {1,9,1}, 6 },  { {1,3,1}, 5 },  { {1,11,1}, 1 }, { {1,14,1}, 1 }, { {1,13,1}, 1 },
    { {0,0,3}, 1 },   { {0,9,2}, 5 },  { {1,35,1}, 5 }, { {0,8,2}, 5 },  { {0,17,1}, 5 }, { {0,3,2}, 3 },  { {0,1,3}, 3 },  { {0,0,10}, 1 },
    { {0,22,1}, 1 },  { {0,23,1}, 1 }, { {0,29,1}, 2 }, { {0,12,3}, 2 }, { {0,11,2}, 5 }, { {1,6,2}, 6 },  { {0,25,1}, 6 }, { {1,41,1}, 1 },
    { {0,7,3}, 1 },   { {0,2,4}, 6 },  { {0,7,1}, 1 },  { {1,8,1}, 6 },  { {0,2,1}, 5 },  { {1,2,1}, 4 },  { {1,1,1}, 4 },  { {1,5,1}, 5 },
    { {0,4,1}, 6 },   { {1,19,1}, 3 }, { {0,15,1}, 3 }, { {0,2,2}, 2 },  { {0,1,2}, 1 },  { {1,4,1}, 5 },  { {0,5,1}, 6 },  { {1,1,2}, 3 },
    { {0,0,6}, 4 },   { {1,23,1}, 4 }, { {0,10,1}, 2 }, { {1,16,1}, 2 }, { {0,0,4}, 2 },  { {0,0,1}, 3 },  { {0,0,2}, 5 },  { {1,0,2}, 1 },
    { {0,0,5}, 3 },   { {1,2,3}, 1 },  { {0,8,3}, 2 },  { {1,38,1}, 2 }, { {1,1,3}, 6 },  { {0,0,9}, 6 },  { {1,33,1}, 1 }, { {1,36,1}, 1 },
    { {1,0,3}, 4 },   { {1,17,1}, 2 }, { {0,15,2}, 1 }, { {0,11,3}, 1 }, { {1,32,1}, 6 }, { {1,12,2}, 6 }, { {0,5,3}, 6 },  { {1,5,2}, 5 },
    { {1,29,1}, 5 },  { {0,1,7}, 1 },  { {0,0,13}, 2 }, { {0,4,4}, 2 },  { {0,4,3}, 6 },  { {1,43,1}, 1 }, { {1,39,1}, 2 }, { {0,5,4}, 2 },
    { {1,11,2}, 1 },  { {0,0,11}, 1 }, { {1,22,1}, 4 }, { {0,12,1}, 2 }, { {0,8,1}, 1 },  { {0,1,1}, 4 },  { {1,0,1}, 2 },
};

const int inter_0_indices[] = {
    0x60040, 0x60088, 0x2b,    0x600d4, 0x36,    0x6011c, 0x4a,    0x4b,
    0x4c,    0x4c,    0x1016c, 0x1016e, 0x60170, 0x63,    0x64,    0x64,
    0x65,    0x65,    0x65,    0x65,    0x66,    0x66,    0x66,    0x66,
    0x67,    0x67,    0x68,    0x301b8, 0x6d,    0x6d,    0x6e,    0x401c0,
    0x75,    0x75,    0x75,    0x75,    0x75,    0x75,    0x75,    0x75,
    0x76,    0x76,    0x601d0, 0x60216, 0x95,    0x95,    0x95,    0x95,
    0x96,    0x96,    0x96,    0x96,    0x96,    0x96,    0x96,    0x96,
    0x96,    0x96,    0x96,    0x96,    0x96,    0x96,    0x96,    0x96,
    0x0,     0x0,     0x0,     0x0,     0x1,     0x1,     0x2,     0x2,
    0x3,     0x3,     0x4,     0x30040, 0x9,     0x9,     0xa,     0xa,
    0xb,     0xb,     0xb,     0xb,     0xb,     0xb,     0xb,     0xb,
    0xc,     0xc,     0xc,     0xc,     0xc,     0xc,     0xc,     0xc,
    0xd,     0xd,     0xd,     0xd,     0xd,     0xd,     0xd,     0xd,
    0xd,     0xd,     0xd,     0xd,     0xd,     0xd,     0xd,     0xd,
    0xd,     0xd,     0xd,     0xd,     0xd,     0xd,     0xd,     0xd,
    0xd,     0xd,     0xd,     0xd,     0xd,     0xd,     0xd,     0xd,
    0x5,     0x5,     0x5,     0x5,     0x6,     0x6,     0x7,     0x8,
    0xe,     0xe,     0xe,     0xe,     0xe,     0xe,     0xe,     0xe,
    0xe,     0xe,     0xe,     0xe,     0xe,     0xe,     0xe,     0xe,
    0xf,     0xf,     0xf,     0xf,     0x10,    0x11,    0x20040, 0x15,
    0x16,    0x16,    0x16,    0x16,    0x16,    0x16,    0x16,    0x16,
    0x17,    0x18,    0x19,    0x19,    0x10044, 0x1c,    0x1d,    0x10046,
    0x20,    0x20,    0x21,    0x21,    0x22,    0x22,    0x22,    0x22,
    0x23,    0x23,    0x23,    0x23,    0x24,    0x24,    0x25,    0x20048,
    0x29,    0x29,    0x29,    0x29,    0x2a,    0x2a,    0x2a,    0x2a,
    0x12,    0x12,    0x13,    0x14,    0x1a,    0x1b,    0x1e,    0x1f,
    0x26,    0x26,    0x27,    0x28,    0x2c,    0x2c,    0x2c,    0x2c,
    0x2c,    0x2c,    0x2c,    0x2c,    0x2c,    0x2c,    0x2c,    0x2c,
    0x2c,    0x2c,    0x2c,    0x2c,    0x2c,    0x2c,    0x2c,    0x2c,
    0x2c,    0x2c,    0x2c,    0x2c,    0x2c,    0x2c,    0x2c,    0x2c,
    0x2c,    0x2c,    0x2c,    0x2c,    0x2d,    0x2d,    0x2d,    0x2d,
    0x2d,    0x2d,    0x2d,    0x2d,    0x2e,    0x2e,    0x2e,    0x2e,
    0x2f,    0x30040, 0x34,    0x34,    0x35,    0x35,    0x35,    0x35,
    0x35,    0x35,    0x35,    0x35,    0x35,    0x35,    0x35,    0x35,
    0x35,    0x35,    0x35,    0x35,    0x30,    0x30,    0x30,    0x30,
    0x31,    0x32,    0x33,    0x33,    0x37,    0x37,    0x37,    0x37,
    0x37,    0x37,    0x37,    0x37,    0x37,    0x37,    0x37,    0x37,
    0x37,    0x37,    0x37,    0x37,    0x37,    0x37,    0x37,    0x37,
    0x37,    0x37,    0x37,    0x37,    0x37,    0x37,    0x37,    0x37,
    0x37,    0x37,    0x37,    0x37,    0x38,    0x38,    0x38,    0x38,
    0x39,    0x3a,    0x3b,    0x20040, 0x3f,    0x3f,    0x3f,    0x3f,
    0x3f,    0x3f,    0x3f,    0x3f,    0x40,    0x40,    0x40,    0x40,
    0x40,    0x40,    0x40,    0x40,    0x41,    0x41,    0x41,    0x41,
    0x30044, 0x2004c, 0x49,    0x49,    0x3c,    0x3d,    0x3e,    0x3e,
    0x42,    0x42,    0x42,    0x42,    0x43,    0x43,    0x44,    0x45,
    0x46,    0x46,    0x47,    0x48,    0x4d,    0x4e,    0x4f,    0x50,
    0x51,    0x51,    0x52,    0x52,    0x53,    0x53,    0x54,    0x54,
    0x55,    0x55,    0x55,    0x55,    0x55,    0x55,    0x55,    0x55,
    0x56,    0x56,    0x56,    0x56,    0x56,    0x56,    0x56,    0x56,
    0x10040, 0x20042, 0x5c,    0x5c,    0x5d,    0x5e,    0x10046, 0x61,
    0x62,    0x62,    0x62,    0x62,    0x62,    0x62,    0x62,    0x62,
    0x62,    0x62,    0x62,    0x62,    0x62,    0x62,    0x62,    0x62,
    0x62,    0x62,    0x62,    0x62,    0x62,    0x62,    0x62,    0x62,
    0x62,    0x62,    0x62,    0x62,    0x62,    0x62,    0x62,    0x62,
    0x57,    0x58,    0x59,    0x59,    0x5a,    0x5b,    0x5f,    0x60,
    0x69,    0x6a,    0x6b,    0x6b,    0x6c,    0x6c,    0x6c,    0x6c,
    0x6f,    0x6f,    0x70,    0x71,    0x72,    0x72,    0x72,    0x72,
    0x73,    0x73,    0x73,    0x73,    0x74,    0x74,    0x74,    0x74,
    0x77,    0x77,    0x77,    0x77,    0x77,    0x77,    0x77,    0x77,
    0x77,    0x77,    0x77,    0x77,    0x77,    0x77,    0x77,    0x77,
    0x77,    0x77,    0x77,    0x77,    0x77,    0x77,    0x77,    0x77,
    0x77,    0x77,    0x77,    0x77,    0x77,    0x77,    0x77,    0x77,
    0x78,    0x78,    0x78,    0x78,    0x78,    0x78,    0x78,    0x78,
    0x20040, 0x7c,    0x7d,    0x10044, 0x80,    0x80,    0x80,    0x80,
    0x81,    0x81,    0x81,    0x81,    0x81,    0x81,    0x81,    0x81,
    0x81,    0x81,    0x81,    0x81,    0x81,    0x81,    0x81,    0x81,
    0x79,    0x79,    0x7a,    0x7b,    0x7e,    0x7f,    0x10040, 0x84,
    0x85,    0x86,    0x87,    0x87,    0x88,    0x88,    0x20042, 0x8c,
    0x20046, 0x1004a, 0x92,    0x92,    0x92,    0x92,    0x93,    0x93,
    0x93,    0x93,    0x93,    0x93,    0x93,    0x93,    0x93,    0x93,
    0x93,    0x93,    0x93,    0x93,    0x93,    0x93,    0x94,    0x94,
    0x94,    0x94,    0x94,    0x94,    0x94,    0x94,    0x94,    0x94,
    0x94,    0x94,    0x94,    0x94,    0x94,    0x94,    0x94,    0x94,
    0x94,    0x94,    0x94,    0x94,    0x94,    0x94,    0x94,    0x94,
    0x94,    0x94,    0x94,    0x94,    0x94,    0x94,    0x82,    0x83,
    0x89,    0x89,    0x8a,    0x8b,    0x8d,    0x8d,    0x8e,    0x8f,
    0x90,    0x91
};

const item_t inter_10_items[] = {
    { {0,0,1}, 3 },   { {1,8,1}, 1 },  { {0,10,1}, 3 }, { {0,3,3}, 4 },  { {0,11,1}, 4 }, { {0,7,1}, 2 },  { {1,16,1}, 4 }, { {1,22,1}, 6 },
    { {0,2,6}, 1 },   { {1,1,4}, 1 },  { {1,31,1}, 1 }, { {0,4,4}, 1 },  { {1,7,2}, 6 },  { {0,2,3}, 3 },  { {0,3,2}, 2 },  { {1,11,1}, 2 },
    { {1,24,1}, 5 },  { {0,8,3}, 2 },  { {0,3,6}, 2 },  { {0,7,3}, 1 },  { {0,0,16}, 1 }, { {0,3,7}, 3 },  { {1,1,5}, 3 },  { {1,11,2}, 2 },
    { {0,9,2}, 5 },   { {0,10,2}, 6 }, { {1,29,1}, 2 }, { {0,2,7}, 2 },  { {0,11,2}, 1 }, { {0,4,2}, 3 },  { {0,2,1}, 5 },  { {0,0,2}, 4 },
    { {0,1,1}, 4 },   { {0,0,4}, 6 },  { {1,1,2}, 2 },  { {1,12,1}, 2 }, { {0,0,8}, 3 },  { {1,2,2}, 3 },  { {1,13,1}, 2 }, { {0,0,3}, 5 },
    { {1,0,1}, 3 },   { {0,2,2}, 1 },  { {0,12,1}, 4 }, { {0,4,3}, 5 },  { {1,2,3}, 6 },  { {0,0,14}, 6 }, { {0,0,10}, 4 }, { {1,0,6}, 1 },
    { {0,0,19}, 2 },  { {0,1,10}, 2 }, { {0,17,1}, 6 }, { {0,5,4}, 1 },  { {1,0,9}, 3 },  { {0,0,22}, 3 }, { {1,30,1}, 2 }, { {1,10,2}, 1 },
    { {0,0,17}, 1 },  { {0,9,1}, 2 },  { {0,1,3}, 1 },  { {1,19,1}, 4 }, { {0,0,12}, 5 }, { {0,20,1}, 5 }, { {1,18,1}, 4 }, { {1,4,2}, 4 },
    { {0,5,2}, 3 },   { {1,21,1}, 4 }, { {0,6,2}, 4 },  { {1,3,1}, 5 },  { {1,1,1}, 4 },  { {1,14,1}, 2 }, { {0,8,1}, 2 },  { {0,0,7}, 2 },
    { {1,35,1}, 5 },  { {1,25,1}, 5 }, { {1,14,2}, 1 }, { {1,3,4}, 3 },  { {0,26,1}, 3 }, { {1,5,3}, 2 },  { {1,8,2}, 6 },  { {0,3,4}, 5 },
    { {1,0,4}, 4 },   { {0,2,4}, 4 },  { {0,4,1}, 6 },  { {1,0,2}, 6 },  { {1,6,1}, 6 },  { {0,6,1}, 1 },  { {1,10,1}, 1 }, { {1,20,1}, 3 },
    { {1,-1,-1}, 5 }, { {1,-1,0}, 5 }, { {1,0,-1}, 4 }, { {0,5,3}, 5 },  { {0,1,9}, 1 },  { {1,34,1}, 1 }, { {1,2,4}, 2 },  { {1,6,3}, 3 },
    { {0,11,3}, 3 },  { {0,0,20}, 2 }, { {0,0,23}, 3 }, { {0,16,2}, 3 }, { {0,0,15}, 6 }, { {1,28,1}, 6 }, { {0,15,1}, 5 }, { {1,3,2}, 3 },
    { {0,1,4}, 2 },   { {0,0,9}, 3 },  { {1,6,2}, 5 },  { {1,9,2}, 6 },  { {0,21,1}, 6 }, { {0,8,2}, 5 },  { {0,22,1}, 2 }, { {1,0,8}, 2 },
    { {1,4,3}, 1 },   { {1,3,3}, 6 },  { {1,15,1}, 3 }, { {0,0,11}, 4 }, { {0,7,2}, 4 },  { {0,7,4}, 2 },  { {0,4,5}, 2 },  { {0,9,3}, 1 },
    { {1,33,1}, 2 },  { {0,1,11}, 2 }, { {1,32,1}, 1 }, { {0,0,13}, 5 }, { {0,1,8}, 6 },  { {0,0,18}, 1 }, { {0,23,1}, 2 }, { {0,24,1}, 2 },
    { {0,2,5}, 5 },   { {0,1,5}, 3 },  { {0,0,6}, 1 },  { {1,7,1}, 6 },  { {0,3,1}, 5 },  { {1,4,1}, 5 },  { {1,2,1}, 4 },  { {0,5,1}, 6 },
    { {1,0,3}, 2 },   { {1,5,2}, 4 },  { {0,1,6}, 4 },  { {1,27,1}, 5 }, { {0,13,2}, 1 }, { {1,12,2}, 1 }, { {1,13,2}, 6 }, { {0,1,7}, 5 },
    { {1,26,1}, 6 },  { {0,3,5}, 6 },  { {1,1,3}, 4 },  { {0,13,1}, 4 }, { {0,19,1}, 6 }, { {0,18,1}, 6 }, { {1,0,5}, 5 },  { {1,23,1}, 5 },
    { {0,16,1}, 5 },  { {1,17,1}, 3 }, { {0,14,1}, 4 }, { {0,0,21}, 2 }, { {0,2,8}, 3 },  { {0,15,2}, 3 }, { {0,5,5}, 2 },  { {0,14,2}, 2 },
    { {1,0,7}, 1 },   { {0,10,3}, 2 }, { {0,25,1}, 2 }, { {0,6,3}, 6 },  { {0,12,2}, 1 }, { {1,36,1}, 2 }, { {0,6,4}, 2 },  { {1,5,1}, 5 },
    { {0,1,2}, 5 },  { {1,9,1}, 6 },   { {0,0,5}, 6 }
};

const int inter_10_indices[] = {
    0x0,     0x0,     0x0,     0x0,     0x0,     0x0,     0x0,     0x0,
    0x40040, 0x60050, 0x1e,    0x1e,    0x1f,    0x1f,    0x1f,    0x1f,
    0x20,    0x20,    0x20,    0x20,    0x21,    0x300a4, 0x27,    0x27,
    0x28,    0x28,    0x28,    0x28,    0x28,    0x28,    0x28,    0x28,
    0x600ac, 0x500fa, 0x43,    0x43,    0x44,    0x44,    0x44,    0x44,
    0x6011a, 0x52,    0x53,    0x54,    0x10162, 0x60164, 0x601b2, 0x83,
    0x84,    0x84,    0x85,    0x85,    0x86,    0x86,    0x86,    0x86,
    0x87,    0x601fe, 0xa7,    0xa7,    0xa8,    0xa8,    0xa9,    0xaa,
    0x1,     0x1,     0x1,     0x1,     0x1,     0x1,     0x1,     0x1,
    0x2,     0x2,     0x3,     0x4,     0x5,     0x5,     0x5,     0x5,
    0x6,     0x6,     0x6,     0x6,     0x7,     0x10040, 0x10042, 0xc,
    0xd,     0xd,     0xd,     0xd,     0xd,     0xd,     0xd,     0xd,
    0xe,     0xe,     0xe,     0xe,     0xe,     0xe,     0xe,     0xe,
    0xe,     0xe,     0xe,     0xe,     0xe,     0xe,     0xe,     0xe,
    0xf,     0xf,     0xf,     0xf,     0xf,     0xf,     0xf,     0xf,
    0xf,     0xf,     0xf,     0xf,     0xf,     0xf,     0xf,     0xf,
    0x10,    0x10,    0x20044, 0x30048, 0x18,    0x18,    0x19,    0x20050,
    0x1d,    0x1d,    0x1d,    0x1d,    0x1d,    0x1d,    0x1d,    0x1d,
    0x8,     0x9,     0xa,     0xb,     0x11,    0x12,    0x13,    0x13,
    0x14,    0x14,    0x14,    0x14,    0x15,    0x16,    0x17,    0x17,
    0x1a,    0x1b,    0x1c,    0x1c,    0x22,    0x22,    0x23,    0x23,
    0x24,    0x25,    0x26,    0x26,    0x29,    0x29,    0x29,    0x29,
    0x29,    0x29,    0x29,    0x29,    0x29,    0x29,    0x29,    0x29,
    0x29,    0x29,    0x29,    0x29,    0x29,    0x29,    0x29,    0x29,
    0x29,    0x29,    0x29,    0x29,    0x29,    0x29,    0x29,    0x29,
    0x29,    0x29,    0x29,    0x29,    0x2a,    0x2a,    0x2a,    0x2a,
    0x2b,    0x2b,    0x2c,    0x2d,    0x2e,    0x2e,    0x2e,    0x2e,
    0x20040, 0x32,    0x30044, 0x1004c, 0x39,    0x39,    0x39,    0x39,
    0x39,    0x39,    0x39,    0x39,    0x39,    0x39,    0x39,    0x39,
    0x39,    0x39,    0x39,    0x39,    0x2f,    0x2f,    0x30,    0x31,
    0x33,    0x33,    0x33,    0x33,    0x34,    0x35,    0x36,    0x36,
    0x37,    0x38,    0x3a,    0x3a,    0x3a,    0x3a,    0x3a,    0x3a,
    0x3a,    0x3a,    0x3a,    0x3a,    0x3a,    0x3a,    0x3a,    0x3a,
    0x3a,    0x3a,    0x3b,    0x3b,    0x3c,    0x3d,    0x3e,    0x3e,
    0x3f,    0x3f,    0x40,    0x40,    0x40,    0x40,    0x41,    0x41,
    0x42,    0x42,    0x45,    0x45,    0x45,    0x45,    0x45,    0x45,
    0x45,    0x45,    0x45,    0x45,    0x45,    0x45,    0x45,    0x45,
    0x45,    0x45,    0x46,    0x46,    0x46,    0x46,    0x46,    0x46,
    0x46,    0x46,    0x46,    0x46,    0x46,    0x46,    0x46,    0x46,
    0x46,    0x46,    0x47,    0x47,    0x47,    0x47,    0x47,    0x47,
    0x47,    0x47,    0x47,    0x47,    0x47,    0x47,    0x47,    0x47,
    0x47,    0x47,    0x48,    0x48,    0x49,    0x49,    0x30040, 0x4e,
    0x4f,    0x4f,    0x50,    0x50,    0x50,    0x50,    0x51,    0x51,
    0x51,    0x51,    0x4a,    0x4a,    0x4a,    0x4a,    0x4b,    0x4c,
    0x4d,    0x4d,    0x55,    0x56,    0x57,    0x57,    0x57,    0x57,
    0x57,    0x57,    0x57,    0x57,    0x58,    0x58,    0x59,    0x59,
    0x5a,    0x5a,    0x5a,    0x5a,    0x5b,    0x5b,    0x10040, 0x30042,
    0x64,    0x65,    0x66,    0x66,    0x67,    0x67,    0x67,    0x67,
    0x67,    0x67,    0x67,    0x67,    0x68,    0x68,    0x68,    0x68,
    0x68,    0x68,    0x68,    0x68,    0x68,    0x68,    0x68,    0x68,
    0x68,    0x68,    0x68,    0x68,    0x69,    0x69,    0x69,    0x69,
    0x69,    0x69,    0x69,    0x69,    0x6a,    0x6a,    0x6b,    0x6c,
    0x6d,    0x6d,    0x2004a, 0x71,    0x5c,    0x5d,    0x5e,    0x5e,
    0x5f,    0x60,    0x61,    0x61,    0x62,    0x63,    0x6e,    0x6f,
    0x70,    0x70,    0x72,    0x72,    0x72,    0x72,    0x72,    0x72,
    0x72,    0x72,    0x73,    0x73,    0x73,    0x73,    0x74,    0x74,
    0x74,    0x74,    0x20040, 0x20044, 0x7b,    0x7b,    0x7c,    0x20048,
    0x80,    0x80,    0x81,    0x81,    0x81,    0x81,    0x81,    0x81,
    0x81,    0x81,    0x82,    0x82,    0x82,    0x82,    0x82,    0x82,
    0x82,    0x82,    0x82,    0x82,    0x82,    0x82,    0x82,    0x82,
    0x82,    0x82,    0x82,    0x82,    0x82,    0x82,    0x82,    0x82,
    0x82,    0x82,    0x82,    0x82,    0x82,    0x82,    0x82,    0x82,
    0x82,    0x82,    0x75,    0x76,    0x77,    0x77,    0x78,    0x79,
    0x7a,    0x7a,    0x7d,    0x7d,    0x7e,    0x7f,    0x88,    0x88,
    0x88,    0x88,    0x88,    0x88,    0x88,    0x88,    0x88,    0x88,
    0x88,    0x88,    0x88,    0x88,    0x88,    0x88,    0x89,    0x89,
    0x89,    0x89,    0x8a,    0x8a,    0x8a,    0x8a,    0x8b,    0x8b,
    0x10040, 0x8e,    0x8f,    0x8f,    0x90,    0x91,    0x92,    0x92,
    0x92,    0x92,    0x93,    0x93,    0x93,    0x93,    0x94,    0x95,
    0x96,    0x96,    0x97,    0x97,    0x98,    0x98,    0x99,    0x99,
    0x99,    0x99,    0x99,    0x99,    0x99,    0x99,    0x9a,    0x9a,
    0x9a,    0x9a,    0x30042, 0x2004a, 0xa3,    0x2004e, 0x8c,    0x8d,
    0x9b,    0x9b,    0x9c,    0x9d,    0x9e,    0x9e,    0x9f,    0x9f,
    0xa0,    0xa0,    0xa1,    0xa2,    0xa4,    0xa4,    0xa5,    0xa6
};

const item_t inter_11_items[] = {
    { {1,1,2}, 5 },   { {1,0,3}, 5 },   { {0,0,11}, 5 },  { {0,0,10}, 5 },  { {1,28,1}, 4 },  { {1,27,1}, 4 },  { {1,26,1}, 4 },  { {1,25,1}, 4 },
    { {0,9,2}, 4 },   { {0,8,2}, 4 },   { {0,7,2}, 4 },   { {0,6,2}, 4 },   { {0,5,2}, 4 },   { {0,3,3}, 4 },   { {0,2,3}, 4 },   { {0,1,4}, 4 },
    { {0,0,12}, 5 },  { {0,1,5}, 5 },   { {0,23,1}, 5 },  { {0,24,1}, 5 },  { {1,29,1}, 5 },  { {1,30,1}, 5 },  { {1,31,1}, 5 },  { {1,32,1}, 5 },
    { {0,1,6}, 6 },   { {0,2,4}, 6 },   { {0,4,3}, 6 },   { {0,5,3}, 6 },   { {0,6,3}, 6 },   { {0,10,2}, 6 },  { {0,25,1}, 6 },  { {0,26,1}, 6 },
    { {1,33,1}, 6 },  { {1,34,1}, 6 },  { {1,35,1}, 6 },  { {1,36,1}, 6 },  { {1,37,1}, 6 },  { {1,38,1}, 6 },  { {1,39,1}, 6 },  { {1,40,1}, 6 },
    { {1,-1,-1}, 3 }, { {1,-1,0}, 3 },  { {1,0,-1}, 2 },  { {0,0,9}, 4 },   { {0,0,8}, 4 },   { {1,24,1}, 3 },  { {1,23,1}, 3 },  { {1,22,1}, 3 },
    { {1,21,1}, 3 },  { {1,20,1}, 3 },  { {1,19,1}, 3 },  { {1,18,1}, 3 },  { {1,17,1}, 3 },  { {1,0,2}, 3 },   { {0,22,1}, 3 },  { {0,21,1}, 3 },
    { {0,20,1}, 3 },  { {0,19,1}, 3 },  { {0,18,1}, 3 },  { {0,17,1}, 3 },  { {0,16,1}, 3 },  { {0,15,1}, 3 },  { {0,4,2}, 3 },   { {0,3,2}, 3 },
    { {0,0,7}, 3 },   { {0,0,6}, 3 },   { {1,16,1}, 2 },  { {1,15,1}, 2 },  { {1,14,1}, 2 },  { {1,13,1}, 2 },  { {1,12,1}, 2 },  { {1,11,1}, 2 },
    { {1,10,1}, 2 },  { {1,9,1}, 2 },   { {0,14,1}, 2 },  { {0,13,1}, 2 },  { {0,2,2}, 2 },   { {0,1,3}, 2 },   { {0,0,5}, 2 },   { {1,8,1}, 1 },
    { {1,7,1}, 1 },   { {1,6,1}, 1 },   { {1,5,1}, 1 },   { {0,12,1}, 1 },  { {0,11,1}, 1 },  { {0,10,1}, 1 },  { {0,0,4}, 1 },   { {1,4,1}, 6 },
    { {1,3,1}, 6 },   { {1,2,1}, 6 },   { {1,1,1}, 6 },   { {0,9,1}, 6 },   { {0,8,1}, 6 },   { {0,7,1}, 6 },   { {0,6,1}, 6 },   { {0,1,2}, 6 },
    { {0,0,3}, 6 },   { {0,5,1}, 5 },   { {0,4,1}, 5 },   { {0,3,1}, 5 },   { {1,0,1}, 4 },   { {0,0,1}, 2 },   { {0,1,1}, 3 },   { {0,2,1}, 4 },
    { {0,0,2}, 4 }
};

const int inter_11_indices[] = {
    0x50040, 0x60060, 0x400a0, 0x300b0, 0x300b8, 0x200c0, 0x200c4, 0x200c8,
    0x100cc, 0x100ce, 0x100d0, 0x100d2, 0x57,    0x58,    0x59,    0x5a,
    0x5b,    0x5c,    0x5d,    0x5e,    0x5f,    0x60,    0x61,    0x61,
    0x62,    0x62,    0x63,    0x63,    0x64,    0x64,    0x64,    0x64,
    0x65,    0x65,    0x65,    0x65,    0x65,    0x65,    0x65,    0x65,
    0x65,    0x65,    0x65,    0x65,    0x65,    0x65,    0x65,    0x65,
    0x66,    0x66,    0x66,    0x66,    0x66,    0x66,    0x66,    0x66,
    0x67,    0x67,    0x67,    0x67,    0x68,    0x68,    0x68,    0x68,
    0x0,     0x0,     0x0,     0x0,     0x0,     0x1,     0x2,     0x3,
    0x4,     0x4,     0x5,     0x5,     0x6,     0x6,     0x7,     0x7,
    0x8,     0x8,     0x9,     0x9,     0xa,     0xa,     0xb,     0xb,
    0xc,     0xc,     0xd,     0xd,     0xe,     0xe,     0xf,     0xf,
    0x10,    0x10,    0x11,    0x11,    0x12,    0x12,    0x13,    0x13,
    0x14,    0x14,    0x15,    0x15,    0x16,    0x16,    0x17,    0x17,
    0x18,    0x19,    0x1a,    0x1b,    0x1c,    0x1d,    0x1e,    0x1f,
    0x20,    0x21,    0x22,    0x23,    0x24,    0x25,    0x26,    0x27,
    0x28,    0x28,    0x28,    0x28,    0x28,    0x28,    0x28,    0x28,
    0x29,    0x29,    0x29,    0x29,    0x29,    0x29,    0x29,    0x29,
    0x2a,    0x2a,    0x2a,    0x2a,    0x2a,    0x2a,    0x2a,    0x2a,
    0x2a,    0x2a,    0x2a,    0x2a,    0x2a,    0x2a,    0x2a,    0x2a,
    0x2b,    0x2c,    0x2d,    0x2d,    0x2e,    0x2e,    0x2f,    0x2f,
    0x30,    0x30,    0x31,    0x31,    0x32,    0x32,    0x33,    0x33,
    0x34,    0x35,    0x36,    0x37,    0x38,    0x39,    0x3a,    0x3b,
    0x3c,    0x3d,    0x3e,    0x3f,    0x40,    0x41,    0x42,    0x42,
    0x43,    0x44,    0x45,    0x46,    0x47,    0x48,    0x49,    0x4a,
    0x4b,    0x4c,    0x4d,    0x4e,    0x4f,    0x50,    0x51,    0x52,
    0x53,    0x54,    0x55,    0x56,
};

const item_t intra_0_items[] = {
    { {1,3,1}, 1 },  { {0,7,2}, 4 },  { {0,2,4}, 4 },  { {0,5,3}, 5 },  { {1,16,1}, 5 }, { {0,11,2}, 5 },  { {1,22,1}, 1 }, { {0,0,16}, 1 },
    { {1,26,1}, 1 }, { {0,2,8}, 1 },  { {1,6,1}, 2 },  { {0,1,3}, 1 },  { {1,7,1}, 2 },  { {0,9,1}, 2 },   { {0,0,7}, 2 },  { {0,1,5}, 3 },
    { {1,1,3}, 5 },  { {0,0,15}, 6 }, { {1,1,4}, 1 },  { {0,6,4}, 1 },  { {0,4,4}, 6 },  { {0,20,1}, 1 },  { {0,1,11}, 1 }, { {1,12,2}, 1 },
    { {0,4,5}, 1 },  { {0,10,3}, 6 }, { {0,13,1}, 3 }, { {0,12,1}, 3 }, { {0,1,4}, 2 },  { {0,6,1}, 1 },   { {0,5,2}, 3 },  { {1,19,1}, 5 },
    { {0,1,9}, 6 },  { {1,20,1}, 6 }, { {0,3,6}, 6 },  { {1,23,1}, 6 }, { {0,0,13}, 5 }, { {1,9,1}, 2 },   { {0,1,1}, 4 },  { {0,2,1}, 5 },
    { {0,2,2}, 1 },  { {1,8,1}, 2 },  { {0,0,9}, 3 },  { {1,3,2}, 4 },  { {0,9,2}, 4 },  { {1,-1,-1}, 3 }, { {1,-1,0}, 3 }, { {1,0,-1}, 2 },
    { {1,13,1}, 2 }, { {0,3,3}, 3 },  { {0,3,7}, 1 },  { {1,8,2}, 1 },  { {1,21,1}, 6 }, { {0,12,2}, 5 },  { {0,15,2}, 6 }, { {0,18,1}, 6 },
    { {0,16,1}, 5 }, { {0,0,6}, 1 },  { {0,6,3}, 5 },  { {0,1,8}, 5 },  { {1,13,2}, 5 }, { {1,25,1}, 6 },  { {0,11,3}, 6 }, { {0,15,1}, 4 },
    { {0,14,1}, 4 }, { {1,10,1}, 2 }, { {0,10,1}, 2 }, { {1,15,1}, 3 }, { {0,2,5}, 5 },  { {0,3,5}, 5 },   { {0,8,2}, 4 },  { {0,7,1}, 1 },
    { {0,4,1}, 6 },  { {0,0,11}, 4 }, { {0,2,6}, 5 },  { {1,18,1}, 5 }, { {0,13,3}, 5 }, { {0,2,7}, 6 },   { {1,6,2}, 6 },  { {0,3,4}, 4 },
    { {0,6,2}, 3 },  { {0,13,2}, 4 }, { {0,1,10}, 6 }, { {1,24,1}, 6 }, { {0,0,14}, 5 }, { {1,4,1}, 1 },   { {0,0,1}, 2 },  { {0,0,5}, 6 },
    { {1,0,2}, 1 },  { {1,5,1}, 1 },  { {0,1,2}, 5 },  { {1,1,1}, 5 },  { {1,11,1}, 2 }, { {1,2,2}, 4 },   { {0,10,2}, 4 }, { {0,9,3}, 5 },
    { {0,17,1}, 5 }, { {1,3,3}, 6 },  { {0,14,2}, 6 }, { {1,7,2}, 6 },  { {1,11,2}, 6 }, { {0,0,8}, 2 },   { {1,14,1}, 3 }, { {1,5,2}, 5 },
    { {1,0,4}, 5 },  { {1,4,2}, 5 },  { {0,5,4}, 6 },  { {0,8,3}, 6 },  { {0,3,2}, 1 },  { {0,2,3}, 2 },   { {0,0,10}, 3 }, { {0,1,7}, 4 },
    { {0,19,1}, 5 }, { {1,9,2}, 6 },  { {1,10,2}, 6 }, { {1,0,1}, 4 },  { {0,0,4}, 5 },  { {0,3,1}, 5 },   { {0,0,2}, 3 },  { {0,11,1}, 2 },
    { {0,4,2}, 2 },  { {0,8,1}, 1 },  { {1,2,1}, 6 },  { {1,1,2}, 2 },  { {0,4,3}, 4 },  { {0,0,12}, 4 },  { {1,0,3}, 3 },  { {1,12,1}, 2 },
    { {0,1,6}, 3 },  { {0,7,3}, 5 },  { {1,2,3}, 6 },  { {0,12,3}, 6 }, { {1,17,1}, 4 }, { {0,5,1}, 6 },   { {0,0,3}, 4 }
};

const int intra_0_indices[] = {
    0x60040, 0x20084, 0x60088, 0x600ce, 0x26,    0x26,    0x26,    0x26,
    0x27,    0x27,    0x4010e, 0x6011e, 0x60160, 0x501a0, 0x48,    0x601c0,
    0x56,    0x56,    0x56,    0x56,    0x56,    0x56,    0x56,    0x56,
    0x56,    0x56,    0x56,    0x56,    0x56,    0x56,    0x56,    0x56,
    0x57,    0x10200, 0x5a,    0x5a,    0x5b,    0x5b,    0x60202, 0x60242,
    0x73,    0x73,    0x73,    0x73,    0x74,    0x74,    0x75,    0x75,
    0x76,    0x76,    0x76,    0x76,    0x76,    0x76,    0x76,    0x76,
    0x20282, 0x7a,    0x60286, 0x85,    0x86,    0x86,    0x86,    0x86,
    0x0,     0x0,     0x0,     0x0,     0x0,     0x0,     0x0,     0x0,
    0x0,     0x0,     0x0,     0x0,     0x0,     0x0,     0x0,     0x0,
    0x0,     0x0,     0x0,     0x0,     0x0,     0x0,     0x0,     0x0,
    0x0,     0x0,     0x0,     0x0,     0x0,     0x0,     0x0,     0x0,
    0x1,     0x1,     0x1,     0x1,     0x2,     0x2,     0x2,     0x2,
    0x3,     0x3,     0x4,     0x4,     0x5,     0x5,     0x10040, 0x10042,
    0xa,     0xa,     0xa,     0xa,     0xa,     0xa,     0xa,     0xa,
    0xa,     0xa,     0xa,     0xa,     0xa,     0xa,     0xa,     0xa,
    0x6,     0x7,     0x8,     0x9,     0xb,     0xb,     0xc,     0xd,
    0xe,     0xe,     0xe,     0xe,     0xe,     0xe,     0xe,     0xe,
    0xe,     0xe,     0xe,     0xe,     0xe,     0xe,     0xe,     0xe,
    0xf,     0xf,     0xf,     0xf,     0xf,     0xf,     0xf,     0xf,
    0x10,    0x10,    0x11,    0x10040, 0x14,    0x10042, 0x10044, 0x19,
    0x1a,    0x1a,    0x1a,    0x1a,    0x1a,    0x1a,    0x1a,    0x1a,
    0x1b,    0x1b,    0x1b,    0x1b,    0x1b,    0x1b,    0x1b,    0x1b,
    0x1c,    0x1c,    0x1c,    0x1c,    0x1c,    0x1c,    0x1c,    0x1c,
    0x1c,    0x1c,    0x1c,    0x1c,    0x1c,    0x1c,    0x1c,    0x1c,
    0x12,    0x13,    0x15,    0x16,    0x17,    0x18,    0x1d,    0x1d,
    0x1d,    0x1d,    0x1d,    0x1d,    0x1d,    0x1d,    0x1d,    0x1d,
    0x1d,    0x1d,    0x1d,    0x1d,    0x1d,    0x1d,    0x1d,    0x1d,
    0x1d,    0x1d,    0x1d,    0x1d,    0x1d,    0x1d,    0x1d,    0x1d,
    0x1d,    0x1d,    0x1d,    0x1d,    0x1d,    0x1d,    0x1e,    0x1e,
    0x1e,    0x1e,    0x1e,    0x1e,    0x1e,    0x1e,    0x1f,    0x1f,
    0x20,    0x21,    0x22,    0x23,    0x24,    0x24,    0x25,    0x25,
    0x25,    0x25,    0x25,    0x25,    0x25,    0x25,    0x25,    0x25,
    0x25,    0x25,    0x25,    0x25,    0x25,    0x25,    0x28,    0x28,
    0x28,    0x28,    0x28,    0x28,    0x28,    0x28,    0x29,    0x29,
    0x29,    0x29,    0x2a,    0x2a,    0x2b,    0x2c,    0x2d,    0x2d,
    0x2d,    0x2d,    0x2d,    0x2d,    0x2d,    0x2d,    0x2e,    0x2e,
    0x2e,    0x2e,    0x2e,    0x2e,    0x2e,    0x2e,    0x2f,    0x2f,
    0x2f,    0x2f,    0x2f,    0x2f,    0x2f,    0x2f,    0x2f,    0x2f,
    0x2f,    0x2f,    0x2f,    0x2f,    0x2f,    0x2f,    0x30,    0x30,
    0x30,    0x30,    0x30,    0x30,    0x30,    0x30,    0x30,    0x30,
    0x30,    0x30,    0x30,    0x30,    0x30,    0x30,    0x31,    0x31,
    0x31,    0x31,    0x31,    0x31,    0x31,    0x31,    0x10040, 0x34,
    0x35,    0x35,    0x36,    0x37,    0x38,    0x38,    0x32,    0x33,
    0x39,    0x39,    0x39,    0x39,    0x39,    0x39,    0x39,    0x39,
    0x39,    0x39,    0x39,    0x39,    0x39,    0x39,    0x39,    0x39,
    0x39,    0x39,    0x39,    0x39,    0x39,    0x39,    0x39,    0x39,
    0x39,    0x39,    0x39,    0x39,    0x39,    0x39,    0x39,    0x39,
    0x3a,    0x3a,    0x3b,    0x3b,    0x3c,    0x3c,    0x3d,    0x3e,
    0x3f,    0x3f,    0x3f,    0x3f,    0x40,    0x40,    0x40,    0x40,
    0x41,    0x41,    0x41,    0x41,    0x41,    0x41,    0x41,    0x41,
    0x41,    0x41,    0x41,    0x41,    0x41,    0x41,    0x41,    0x41,
    0x42,    0x42,    0x42,    0x42,    0x42,    0x42,    0x42,    0x42,
    0x43,    0x43,    0x43,    0x43,    0x44,    0x45,    0x46,    0x46,
    0x47,    0x47,    0x47,    0x47,    0x47,    0x47,    0x47,    0x47,
    0x47,    0x47,    0x47,    0x47,    0x47,    0x47,    0x47,    0x47,
    0x49,    0x49,    0x49,    0x49,    0x4a,    0x4a,    0x4b,    0x4b,
    0x4c,    0x4c,    0x4d,    0x4e,    0x4f,    0x4f,    0x4f,    0x4f,
    0x50,    0x50,    0x50,    0x50,    0x50,    0x50,    0x50,    0x50,
    0x51,    0x51,    0x51,    0x51,    0x52,    0x53,    0x54,    0x54,
    0x55,    0x55,    0x55,    0x55,    0x55,    0x55,    0x55,    0x55,
    0x55,    0x55,    0x55,    0x55,    0x55,    0x55,    0x55,    0x55,
    0x55,    0x55,    0x55,    0x55,    0x55,    0x55,    0x55,    0x55,
    0x55,    0x55,    0x55,    0x55,    0x55,    0x55,    0x55,    0x55,
    0x58,    0x59,    0x5c,    0x5c,    0x5c,    0x5c,    0x5c,    0x5c,
    0x5c,    0x5c,    0x5c,    0x5c,    0x5c,    0x5c,    0x5c,    0x5c,
    0x5c,    0x5c,    0x5d,    0x5d,    0x5d,    0x5d,    0x5e,    0x5e,
    0x5e,    0x5e,    0x5f,    0x5f,    0x60,    0x60,    0x61,    0x62,
    0x63,    0x64,    0x65,    0x65,    0x65,    0x65,    0x65,    0x65,
    0x65,    0x65,    0x65,    0x65,    0x65,    0x65,    0x65,    0x65,
    0x65,    0x65,    0x66,    0x66,    0x66,    0x66,    0x66,    0x66,
    0x66,    0x66,    0x67,    0x67,    0x68,    0x68,    0x69,    0x69,
    0x6a,    0x6b,    0x6c,    0x6c,    0x6c,    0x6c,    0x6c,    0x6c,
    0x6c,    0x6c,    0x6c,    0x6c,    0x6c,    0x6c,    0x6c,    0x6c,
    0x6c,    0x6c,    0x6c,    0x6c,    0x6c,    0x6c,    0x6c,    0x6c,
    0x6c,    0x6c,    0x6c,    0x6c,    0x6c,    0x6c,    0x6c,    0x6c,
    0x6c,    0x6c,    0x6d,    0x6d,    0x6d,    0x6d,    0x6d,    0x6d,
    0x6d,    0x6d,    0x6d,    0x6d,    0x6d,    0x6d,    0x6d,    0x6d,
    0x6d,    0x6d,    0x6e,    0x6e,    0x6e,    0x6e,    0x6e,    0x6e,
    0x6e,    0x6e,    0x6f,    0x6f,    0x6f,    0x6f,    0x70,    0x70,
    0x71,    0x72,    0x77,    0x78,    0x79,    0x79,    0x7b,    0x7b,
    0x7b,    0x7b,    0x7b,    0x7b,    0x7b,    0x7b,    0x7b,    0x7b,
    0x7b,    0x7b,    0x7b,    0x7b,    0x7b,    0x7b,    0x7c,    0x7c,
    0x7c,    0x7c,    0x7d,    0x7d,    0x7d,    0x7d,    0x7e,    0x7e,
    0x7e,    0x7e,    0x7e,    0x7e,    0x7e,    0x7e,    0x7f,    0x7f,
    0x7f,    0x7f,    0x7f,    0x7f,    0x7f,    0x7f,    0x7f,    0x7f,
    0x7f,    0x7f,    0x7f,    0x7f,    0x7f,    0x7f,    0x80,    0x80,
    0x80,    0x80,    0x80,    0x80,    0x80,    0x80,    0x81,    0x81,
    0x82,    0x83,    0x84,    0x84,    0x84,    0x84
};

const item_t intra_10_items[] = {
    { {0,1,1}, 4 },   { {0,1,3}, 1 },   { {0,4,2}, 3 },   { {0,4,3}, 5 },   { {0,1,9}, 6 },   { {0,6,4}, 2 },   { {1,35,1}, 2 },  { {0,26,1}, 2 },
    { {0,2,12}, 3 },  { {1,4,3}, 3 },   { {0,2,4}, 4 },   { {0,0,7}, 2 },   { {1,1,2}, 3 },   { {0,1,5}, 3 },   { {1,6,1}, 2 },   { {0,13,1}, 3 },
    { {0,2,5}, 5 },   { {0,8,3}, 1 },   { {1,31,1}, 1 },  { {0,5,4}, 1 },   { {0,2,8}, 1 },   { {1,24,1}, 6 },  { {1,25,1}, 6 },  { {1,2,4}, 2 },
    { {0,0,18}, 2 },  { {0,0,16}, 1 },  { {1,21,1}, 6 },  { {1,7,1}, 2 },   { {0,2,1}, 5 },   { {0,1,4}, 2 },   { {0,9,1}, 2 },   { {0,2,2}, 1 },
    { {0,12,1}, 3 },  { {0,14,1}, 4 },  { {1,7,2}, 1 },   { {1,28,1}, 1 },  { {0,0,14}, 6 },  { {0,2,10}, 2 },  { {0,1,14}, 3 },  { {0,16,2}, 3 },
    { {1,1,4}, 1 },   { {0,12,3}, 1 },  { {0,15,3}, 2 },  { {1,3,4}, 2 },   { {1,-1,-1}, 5 }, { {1,-1,0}, 5 },  { {1,0,-1}, 4 },  { {0,0,9}, 3 },
    { {0,6,1}, 1 },   { {0,7,2}, 4 },   { {0,22,1}, 1 },  { {0,21,1}, 1 },  { {0,1,11}, 1 },  { {1,12,2}, 1 },  { {1,19,1}, 5 },  { {1,2,2}, 4 },
    { {0,15,1}, 4 },  { {0,3,7}, 1 },   { {0,1,13}, 2 },  { {0,3,11}, 3 },  { {0,17,2}, 3 },  { {0,18,1}, 6 },  { {1,22,1}, 6 },  { {0,19,1}, 6 },
    { {1,3,2}, 4 },   { {0,5,2}, 3 },   { {0,0,6}, 1 },   { {1,8,1}, 2 },   { {1,13,1}, 2 },  { {0,0,11}, 4 },  { {0,0,13}, 5 },  { {0,14,2}, 1 },
    { {0,29,1}, 2 },  { {0,30,1}, 3 },  { {0,1,15}, 3 },  { {1,23,1}, 6 },  { {0,11,2}, 5 },  { {0,10,2}, 5 },  { {1,1,3}, 5 },   { {1,0,5}, 1 },
    { {0,27,1}, 2 },  { {0,2,11}, 2 },  { {1,2,3}, 6 },   { {1,9,1}, 2 },   { {0,4,1}, 6 },   { {0,5,3}, 5 },   { {1,18,1}, 5 },  { {0,7,3}, 6 },
    { {0,2,7}, 6 },   { {0,12,2}, 5 },  { {0,3,3}, 3 },   { {0,10,1}, 2 },  { {0,7,1}, 1 },   { {0,0,5}, 6 },   { {0,1,8}, 5 },   { {0,5,5}, 2 },
    { {0,4,5}, 2 },   { {0,11,3}, 1 },  { {1,5,2}, 6 },   { {0,16,1}, 5 },  { {0,25,1}, 1 },  { {0,23,1}, 1 },  { {1,30,1}, 1 },  { {1,34,1}, 1 },
    { {1,14,1}, 3 },  { {1,15,1}, 3 },  { {1,29,1}, 6 },  { {1,8,2}, 1 },   { {0,10,3}, 1 },  { {0,0,15}, 6 },  { {1,3,3}, 6 },   { {1,26,1}, 6 },
    { {0,1,10}, 6 },  { {0,4,6}, 3 },   { {0,14,3}, 3 },  { {0,7,4}, 2 },   { {1,10,2}, 1 },  { {0,24,1}, 1 },  { {0,2,9}, 1 },   { {0,6,2}, 3 },
    { {0,13,2}, 4 },  { {0,3,6}, 6 },   { {0,15,2}, 6 },  { {1,20,1}, 5 },  { {0,0,8}, 2 },   { {0,0,1}, 2 },   { {0,1,2}, 5 },   { {1,4,1}, 1 },
    { {1,0,2}, 1 },   { {0,4,4}, 6 },   { {1,11,2}, 1 },  { {0,8,4}, 2 },   { {0,28,1}, 2 },  { {0,3,5}, 5 },   { {1,16,1}, 4 },  { {0,3,4}, 4 },
    { {0,1,7}, 4 },   { {1,10,1}, 2 },  { {1,11,1}, 2 },  { {0,9,2}, 4 },   { {1,0,4}, 5 },   { {1,6,2}, 6 },   { {1,37,1}, 2 },  { {1,1,5}, 2 },
    { {0,9,4}, 2 },   { {1,0,6}, 2 },   { {0,0,10}, 3 },  { {0,0,4}, 5 },   { {0,3,1}, 5 },   { {0,0,2}, 3 },   { {1,2,1}, 6 },   { {0,2,3}, 2 },
    { {0,11,1}, 2 },  { {1,5,1}, 1 },   { {1,1,1}, 5 },   { {0,0,3}, 4 },   { {1,0,1}, 4 },   { {0,3,2}, 1 },   { {0,8,1}, 1 },   { {0,5,1}, 6 },
    { {1,13,2}, 5 },  { {0,6,3}, 5 },   { {0,8,2}, 4 },   { {0,17,1}, 5 },  { {0,20,1}, 6 },  { {1,27,1}, 6 },  { {0,0,12}, 4 },  { {1,17,1}, 4 },
    { {0,3,9}, 2 },   { {0,3,10}, 2 },  { {0,1,12}, 1 },  { {0,3,8}, 1 },   { {1,33,1}, 1 },  { {1,4,2}, 5 },   { {1,0,3}, 3 },   { {0,1,6}, 3 },
    { {0,2,6}, 5 },   { {1,9,2}, 1 },   { {0,0,17}, 1 },  { {1,15,2}, 1 },  { {0,0,19}, 2 },  { {1,36,1}, 2 },  { {0,13,3}, 5 },  { {0,9,3}, 6 },
    { {1,32,1}, 1 },  { {1,14,2}, 1 },  { {1,12,1}, 2 },  { {1,3,1}, 6 }
};

const int intra_10_indices[] = {
    0x0,     0x0,     0x0,     0x0,     0x60040, 0x60088, 0x1c,    0x1c,
    0x200d0, 0x600d4, 0x60122, 0x6016e, 0x54,    0x601ba, 0x5d,    0x601fa,
    0x7d,    0x7d,    0x7d,    0x7d,    0x7d,    0x7d,    0x7d,    0x7d,
    0x7d,    0x7d,    0x7d,    0x7d,    0x7d,    0x7d,    0x7d,    0x7d,
    0x7e,    0x7e,    0x1024e, 0x60250, 0x93,    0x93,    0x94,    0x94,
    0x95,    0x95,    0x95,    0x95,    0x95,    0x95,    0x95,    0x95,
    0x96,    0x20298, 0x9a,    0x9a,    0x9b,    0x9b,    0x9b,    0x9b,
    0x9c,    0x9c,    0x9c,    0x9c,    0x1029c, 0x9f,    0x6029e, 0xbb,
    0x1,     0x1,     0x1,     0x1,     0x1,     0x1,     0x1,     0x1,
    0x1,     0x1,     0x1,     0x1,     0x1,     0x1,     0x1,     0x1,
    0x1,     0x1,     0x1,     0x1,     0x1,     0x1,     0x1,     0x1,
    0x1,     0x1,     0x1,     0x1,     0x1,     0x1,     0x1,     0x1,
    0x2,     0x2,     0x2,     0x2,     0x2,     0x2,     0x2,     0x2,
    0x3,     0x3,     0x4,     0x30040, 0xa,     0xa,     0xa,     0xa,
    0xb,     0xb,     0xb,     0xb,     0xb,     0xb,     0xb,     0xb,
    0xb,     0xb,     0xb,     0xb,     0xb,     0xb,     0xb,     0xb,
    0x5,     0x5,     0x6,     0x6,     0x7,     0x7,     0x8,     0x9,
    0xc,     0xc,     0xc,     0xc,     0xc,     0xc,     0xc,     0xc,
    0xd,     0xd,     0xd,     0xd,     0xd,     0xd,     0xd,     0xd,
    0xe,     0xe,     0xe,     0xe,     0xe,     0xe,     0xe,     0xe,
    0xe,     0xe,     0xe,     0xe,     0xe,     0xe,     0xe,     0xe,
    0xf,     0xf,     0xf,     0xf,     0xf,     0xf,     0xf,     0xf,
    0x10,    0x10,    0x10040, 0x10042, 0x15,    0x16,    0x20044, 0x1a,
    0x1b,    0x1b,    0x1b,    0x1b,    0x1b,    0x1b,    0x1b,    0x1b,
    0x1b,    0x1b,    0x1b,    0x1b,    0x1b,    0x1b,    0x1b,    0x1b,
    0x11,    0x12,    0x13,    0x14,    0x17,    0x18,    0x19,    0x19,
    0x1d,    0x1e,    0x1f,    0x1f,    0x20,    0x20,    0x20,    0x20,
    0x20,    0x20,    0x20,    0x20,    0x21,    0x21,    0x21,    0x21,
    0x10040, 0x24,    0x30042, 0x2004a, 0x2c,    0x2c,    0x2d,    0x2d,
    0x2e,    0x2e,    0x2e,    0x2e,    0x2f,    0x2f,    0x2f,    0x2f,
    0x2f,    0x2f,    0x2f,    0x2f,    0x30,    0x30,    0x30,    0x30,
    0x30,    0x30,    0x30,    0x30,    0x30,    0x30,    0x30,    0x30,
    0x30,    0x30,    0x30,    0x30,    0x30,    0x30,    0x30,    0x30,
    0x30,    0x30,    0x30,    0x30,    0x30,    0x30,    0x30,    0x30,
    0x30,    0x30,    0x30,    0x30,    0x22,    0x23,    0x25,    0x25,
    0x26,    0x27,    0x28,    0x28,    0x28,    0x28,    0x29,    0x29,
    0x2a,    0x2b,    0x31,    0x31,    0x31,    0x31,    0x10040, 0x10042,
    0x36,    0x36,    0x37,    0x37,    0x37,    0x37,    0x38,    0x38,
    0x38,    0x38,    0x30044, 0x3d,    0x3e,    0x3f,    0x40,    0x40,
    0x40,    0x40,    0x41,    0x41,    0x41,    0x41,    0x41,    0x41,
    0x41,    0x41,    0x42,    0x42,    0x42,    0x42,    0x42,    0x42,
    0x42,    0x42,    0x42,    0x42,    0x42,    0x42,    0x42,    0x42,
    0x42,    0x42,    0x42,    0x42,    0x42,    0x42,    0x42,    0x42,
    0x42,    0x42,    0x42,    0x42,    0x42,    0x42,    0x42,    0x42,
    0x42,    0x42,    0x32,    0x33,    0x34,    0x35,    0x39,    0x39,
    0x39,    0x39,    0x3a,    0x3a,    0x3b,    0x3c,    0x43,    0x43,
    0x43,    0x43,    0x43,    0x43,    0x43,    0x43,    0x43,    0x43,
    0x43,    0x43,    0x43,    0x43,    0x43,    0x43,    0x44,    0x44,
    0x44,    0x44,    0x44,    0x44,    0x44,    0x44,    0x44,    0x44,
    0x44,    0x44,    0x44,    0x44,    0x44,    0x44,    0x45,    0x45,
    0x45,    0x45,    0x46,    0x46,    0x30040, 0x4b,    0x4c,    0x4c,
    0x4d,    0x4d,    0x4e,    0x4e,    0x20048, 0x52,    0x53,    0x53,
    0x53,    0x53,    0x53,    0x53,    0x53,    0x53,    0x53,    0x53,
    0x53,    0x53,    0x53,    0x53,    0x53,    0x53,    0x47,    0x47,
    0x47,    0x47,    0x48,    0x48,    0x49,    0x4a,    0x4f,    0x4f,
    0x50,    0x51,    0x55,    0x55,    0x56,    0x56,    0x57,    0x58,
    0x59,    0x59,    0x5a,    0x5a,    0x5a,    0x5a,    0x5a,    0x5a,
    0x5a,    0x5a,    0x5b,    0x5b,    0x5b,    0x5b,    0x5b,    0x5b,
    0x5b,    0x5b,    0x5b,    0x5b,    0x5b,    0x5b,    0x5b,    0x5b,
    0x5b,    0x5b,    0x5c,    0x5c,    0x5c,    0x5c,    0x5c,    0x5c,
    0x5c,    0x5c,    0x5c,    0x5c,    0x5c,    0x5c,    0x5c,    0x5c,
    0x5c,    0x5c,    0x5c,    0x5c,    0x5c,    0x5c,    0x5c,    0x5c,
    0x5c,    0x5c,    0x5c,    0x5c,    0x5c,    0x5c,    0x5c,    0x5c,
    0x5c,    0x5c,    0x5e,    0x5e,    0x20040, 0x62,    0x63,    0x63,
    0x10044, 0x10046, 0x68,    0x68,    0x68,    0x68,    0x68,    0x68,
    0x68,    0x68,    0x69,    0x69,    0x69,    0x69,    0x69,    0x69,
    0x69,    0x69,    0x6a,    0x10048, 0x6d,    0x6e,    0x6f,    0x70,
    0x3004a, 0x10052, 0x77,    0x77,    0x77,    0x77,    0x77,    0x77,
    0x77,    0x77,    0x78,    0x78,    0x78,    0x78,    0x79,    0x7a,
    0x7b,    0x7b,    0x7c,    0x7c,    0x7c,    0x7c,    0x7c,    0x7c,
    0x7c,    0x7c,    0x7c,    0x7c,    0x7c,    0x7c,    0x7c,    0x7c,
    0x7c,    0x7c,    0x5f,    0x60,    0x61,    0x61,    0x64,    0x65,
    0x66,    0x67,    0x6b,    0x6c,    0x71,    0x72,    0x73,    0x73,
    0x74,    0x74,    0x74,    0x74,    0x75,    0x76,    0x7f,    0x80,
    0x81,    0x20040, 0x85,    0x85,    0x86,    0x86,    0x86,    0x86,
    0x87,    0x87,    0x87,    0x87,    0x88,    0x88,    0x88,    0x88,
    0x89,    0x89,    0x89,    0x89,    0x89,    0x89,    0x89,    0x89,
    0x89,    0x89,    0x89,    0x89,    0x89,    0x89,    0x89,    0x89,
    0x8a,    0x8a,    0x8a,    0x8a,    0x8a,    0x8a,    0x8a,    0x8a,
    0x8a,    0x8a,    0x8a,    0x8a,    0x8a,    0x8a,    0x8a,    0x8a,
    0x8b,    0x8b,    0x8b,    0x8b,    0x8c,    0x8c,    0x8d,    0x20044,
    0x92,    0x92,    0x92,    0x92,    0x92,    0x92,    0x92,    0x92,
    0x82,    0x82,    0x83,    0x84,    0x8e,    0x8f,    0x90,    0x91,
    0x97,    0x98,    0x99,    0x99,    0x9d,    0x9e,    0xa0,    0xa0,
    0xa1,    0xa1,    0xa2,    0xa2,    0xa2,    0xa2,    0xa3,    0xa3,
    0xa4,    0xa5,    0xa6,    0xa6,    0xa6,    0xa6,    0xa7,    0xa7,
    0xa7,    0xa7,    0x20040, 0x10044, 0xad,    0xad,    0xae,    0xae,
    0xae,    0xae,    0xae,    0xae,    0xae,    0xae,    0xaf,    0xaf,
    0xaf,    0xaf,    0xaf,    0xaf,    0xaf,    0xaf,    0xb0,    0xb0,
    0x10046, 0x20048, 0xb6,    0xb6,    0xb7,    0x1004c, 0xba,    0xba,
    0xba,    0xba,    0xba,    0xba,    0xba,    0xba,    0xba,    0xba,
    0xba,    0xba,    0xba,    0xba,    0xba,    0xba,    0xa8,    0xa9,
    0xaa,    0xaa,    0xab,    0xac,    0xb1,    0xb2,    0xb3,    0xb3,
    0xb4,    0xb5,    0xb8,    0xb9
};

const item_t intra_11_items[] = {
    { {1,0,7}, 5 },   { {1,0,6}, 5 },   { {0,0,22}, 5 },  { {0,0,21}, 5 },  { {1,2,2}, 4 },   { {1,1,3}, 4 },   { {1,0,5}, 4 },   { {0,13,1}, 4 },
    { {0,5,3}, 4 },   { {0,8,2}, 4 },   { {0,4,3}, 4 },   { {0,3,4}, 4 },   { {0,2,4}, 4 },   { {0,1,7}, 4 },   { {0,0,20}, 4 },  { {0,0,19}, 4 },
    { {0,0,23}, 5 },  { {0,0,24}, 5 },  { {0,1,8}, 5 },   { {0,9,2}, 5 },   { {1,3,2}, 5 },   { {1,4,2}, 5 },   { {1,15,1}, 5 },  { {1,16,1}, 5 },
    { {0,0,25}, 6 },  { {0,0,26}, 6 },  { {0,0,27}, 6 },  { {0,1,9}, 6 },   { {0,6,3}, 6 },   { {0,1,10}, 6 },  { {0,2,5}, 6 },   { {0,7,3}, 6 },
    { {0,14,1}, 6 },  { {1,0,8}, 6 },   { {1,5,2}, 6 },   { {1,6,2}, 6 },   { {1,17,1}, 6 },  { {1,18,1}, 6 },  { {1,19,1}, 6 },  { {1,20,1}, 6 },
    { {1,-1,-1}, 3 }, { {1,-1,0}, 3 },  { {1,0,-1}, 2 },  { {0,0,18}, 4 },  { {0,0,17}, 4 },  { {1,14,1}, 3 },  { {1,13,1}, 3 },  { {1,12,1}, 3 },
    { {1,11,1}, 3 },  { {1,10,1}, 3 },  { {1,1,2}, 3 },   { {1,0,4}, 3 },   { {0,12,1}, 3 },  { {0,11,1}, 3 },  { {0,7,2}, 3 },   { {0,6,2}, 3 },
    { {0,5,2}, 3 },   { {0,3,3}, 3 },   { {0,2,3}, 3 },   { {0,1,6}, 3 },   { {0,1,5}, 3 },   { {0,0,16}, 3 },  { {0,4,2}, 3 },   { {0,0,15}, 3 },
    { {0,0,14}, 3 },  { {0,0,13}, 3 },  { {1,8,1}, 2 },   { {1,7,1}, 2 },   { {1,6,1}, 2 },   { {1,0,3}, 2 },   { {0,10,1}, 2 },  { {0,9,1}, 2 },
    { {0,8,1}, 2 },   { {1,9,1}, 2 },   { {0,3,2}, 2 },   { {0,1,4}, 2 },   { {0,0,12}, 2 },  { {0,0,11}, 2 },  { {0,0,10}, 2 },  { {1,4,1}, 1 },
    { {1,3,1}, 1 },   { {0,6,1}, 1 },   { {1,5,1}, 1 },   { {0,7,1}, 1 },   { {0,2,2}, 1 },   { {0,1,3}, 1 },   { {0,0,9}, 1 },   { {1,0,2}, 6 },
    { {0,5,1}, 6 },   { {1,2,1}, 6 },   { {1,1,1}, 6 },   { {0,4,1}, 6 },   { {0,3,1}, 6 },   { {0,0,8}, 6 },   { {0,0,7}, 6 },   { {0,1,2}, 6 },
    { {0,0,6}, 6 },   { {0,2,1}, 5 },   { {0,0,5}, 5 },   { {0,0,4}, 5 },   { {1,0,1}, 4 },   { {0,0,1}, 2 },   { {0,0,2}, 3 },   { {0,1,1}, 4 },
    { {0,0,3}, 4 }
};

const int intra_11_indices[] = {
    0x50040, 0x60060, 0x400a0, 0x300b0, 0x300b8, 0x200c0, 0x200c4, 0x200c8,
    0x100cc, 0x100ce, 0x100d0, 0x100d2, 0x57,    0x58,    0x59,    0x5a,
    0x5b,    0x5c,    0x5d,    0x5e,    0x5f,    0x60,    0x61,    0x61,
    0x62,    0x62,    0x63,    0x63,    0x64,    0x64,    0x64,    0x64,
    0x65,    0x65,    0x65,    0x65,    0x65,    0x65,    0x65,    0x65,
    0x65,    0x65,    0x65,    0x65,    0x65,    0x65,    0x65,    0x65,
    0x66,    0x66,    0x66,    0x66,    0x66,    0x66,    0x66,    0x66,
    0x67,    0x67,    0x67,    0x67,    0x68,    0x68,    0x68,    0x68,
    0x0,     0x0,     0x0,     0x0,     0x0,     0x1,     0x2,     0x3,
    0x4,     0x4,     0x5,     0x5,     0x6,     0x6,     0x7,     0x7,
    0x8,     0x8,     0x9,     0x9,     0xa,     0xa,     0xb,     0xb,
    0xc,     0xc,     0xd,     0xd,     0xe,     0xe,     0xf,     0xf,
    0x10,    0x10,    0x11,    0x11,    0x12,    0x12,    0x13,    0x13,
    0x14,    0x14,    0x15,    0x15,    0x16,    0x16,    0x17,    0x17,
    0x18,    0x19,    0x1a,    0x1b,    0x1c,    0x1d,    0x1e,    0x1f,
    0x20,    0x21,    0x22,    0x23,    0x24,    0x25,    0x26,    0x27,
    0x28,    0x28,    0x28,    0x28,    0x28,    0x28,    0x28,    0x28,
    0x29,    0x29,    0x29,    0x29,    0x29,    0x29,    0x29,    0x29,
    0x2a,    0x2a,    0x2a,    0x2a,    0x2a,    0x2a,    0x2a,    0x2a,
    0x2a,    0x2a,    0x2a,    0x2a,    0x2a,    0x2a,    0x2a,    0x2a,
    0x2b,    0x2c,    0x2d,    0x2d,    0x2e,    0x2e,    0x2f,    0x2f,
    0x30,    0x30,    0x31,    0x31,    0x32,    0x32,    0x33,    0x33,
    0x34,    0x35,    0x36,    0x37,    0x38,    0x39,    0x3a,    0x3b,
    0x3c,    0x3d,    0x3e,    0x3f,    0x40,    0x41,    0x42,    0x42,
    0x43,    0x44,    0x45,    0x46,    0x47,    0x48,    0x49,    0x4a,
    0x4b,    0x4c,    0x4d,    0x4e,    0x4f,    0x50,    0x51,    0x52,
    0x53,    0x54,    0x55,    0x56
};

const mv_item_t mv_tree0_items[] = {
    { {-128,-128}, 2 }, { {-1,7}, 6 },   { {6,-1}, 6 },    { {-8,0}, 1 },    { {-9,-2}, 3 },   { {2,-12}, 3 },   { {1,-10}, 3 },   { {-11,-3}, 3 },
    { {-4,2}, 6 },      { {1,-8}, 3 },   { {17,0}, 3 },    { {-5,9}, 3 },    { {0,-30}, 3 },   { {8,1}, 2 },     { {2,7}, 2 },     { {5,-7}, 2 },
    { {-3,-6}, 2 },     { {6,-4}, 2 },   { {11,-1}, 2 },   { {5,1}, 5 },     { {-1,3}, 3 },    { {0,3}, 2 },     { {-7,-3}, 1 },   { {-6,-4}, 2 },
    { {0,10}, 2 },      { {1,-9}, 2 },   { {10,-1}, 2 },   { {3,4}, 1 },     { {-5,-1}, 5 },   { {4,-2}, 6 },    { {-11,0}, 6 },   { {-9,0}, 6 },
    { {11,0}, 6 },      { {4,0}, 4 },    { {7,-3}, 1 },    { {6,-2}, 1 },    { {4,2}, 6 },     { {2,4}, 6 },     { {-13,-2}, 4 },  { {-12,6}, 5 },
    { {9,9}, 5 },       { {-6,12}, 5 },  { {9,21}, 5 },    { {10,-21}, 5 },  { {10,-12}, 5 },  { {10,-7}, 5 },   { {-6,13}, 5 },   { {-6,14}, 5 },
    { {-6,15}, 5 },     { {-6,16}, 5 },  { {-31,7}, 5 },   { {-6,20}, 5 },   { {5,14}, 5 },    { {5,17}, 5 },    { {5,31}, 5 },    { {-9,23}, 5 },
    { {2,12}, 5 },      { {10,6}, 5 },   { {-5,-19}, 5 },  { {11,-19}, 5 },  { {2,25}, 5 },    { {-5,-10}, 5 },  { {-1,19}, 5 },   { {-8,-16}, 5 },
    { {1,-20}, 5 },     { {-16,-4}, 5 }, { {-29,3}, 5 },   { {-1,25}, 5 },   { {-8,-7}, 5 },   { {-1,1}, 6 },    { {1,1}, 6 },     { {2,0}, 1 },
    { {-1,2}, 2 },      { {2,-1}, 2 },   { {1,-12}, 5 },   { {-8,-6}, 5 },   { {-28,-4}, 5 },  { {12,-4}, 5 },   { {12,-3}, 5 },   { {-21,0}, 5 },
    { {12,-1}, 5 },     { {-1,30}, 5 },  { {-19,2}, 5 },   { {-19,3}, 5 },   { {12,3}, 5 },    { {13,-13}, 5 },  { {-19,17}, 5 },  { {-7,16}, 5 },
    { {-10,7}, 5 },     { {6,8}, 5 },    { {-6,-14}, 5 },  { {6,11}, 5 },    { {6,14}, 5 },    { {7,-21}, 5 },   { {0,-26}, 5 },   { {-2,16}, 5 },
    { {7,-13}, 5 },     { {-2,17}, 5 },  { {-10,9}, 5 },   { {0,-22}, 5 },   { {-6,-9}, 5 },   { {-2,26}, 5 },   { {15,-15}, 5 },  { {15,-11}, 5 },
    { {15,-9}, 5 },     { {-13,2}, 5 },  { {15,-2}, 5 },   { {-2,28}, 5 },   { {-1,-32}, 5 },  { {3,12}, 5 },    { {-24,2}, 5 },   { {-9,-6}, 5 },
    { {15,5}, 5 },      { {15,14}, 5 },  { {-5,11}, 5 },   { {3,17}, 5 },    { {15,27}, 5 },   { {-1,-28}, 5 },  { {16,2}, 5 },    { {3,27}, 5 },
    { {-13,5}, 5 },     { {4,-10}, 5 },  { {17,-7}, 5 },   { {17,-4}, 5 },   { {1,14}, 5 },    { {-1,-26}, 5 },  { {7,8}, 5 },     { {-5,27}, 5 },
    { {7,10}, 5 },      { {17,4}, 5 },   { {17,29}, 5 },   { {18,-4}, 5 },   { {18,-2}, 5 },   { {18,-1}, 5 },   { {7,11}, 5 },    { {-1,-22}, 5 },
    { {19,-10}, 5 },    { {19,-9}, 5 },  { {7,15}, 5 },    { {-4,-12}, 5 },  { {1,20}, 5 },    { {1,23}, 5 },    { {-11,4}, 5 },   { {8,-7}, 5 },
    { {-1,-16}, 5 },    { {20,-31}, 5 }, { {21,-21}, 5 },  { {8,-5}, 5 },    { {21,-3}, 5 },   { {-23,-27}, 5 }, { {1,31}, 5 },    { {-1,-14}, 5 },
    { {21,9}, 5 },      { {22,-1}, 5 },  { {22,2}, 5 },    { {22,6}, 5 },    { {23,-31}, 5 },  { {23,-27}, 5 },  { {2,-19}, 5 },   { {-17,-4}, 5 },
    { {24,-1}, 5 },     { {-7,-15}, 5 }, { {24,6}, 5 },    { {-11,7}, 5 },   { {-11,9}, 5 },   { {8,4}, 5 },     { {8,5}, 5 },     { {-7,-10}, 5 },
    { {8,7}, 5 },       { {26,1}, 5 },   { {4,11}, 5 },    { {-27,11}, 5 },  { {9,-17}, 5 },   { {9,-15}, 5 },   { {-20,17}, 5 },  { {28,-2}, 5 },
    { {9,-11}, 5 },     { {9,-10}, 5 },  { {5,-12}, 5 },   { {-10,-22}, 5 }, { {29,-15}, 5 },  { {-14,-7}, 5 },  { {-3,22}, 5 },   { {-3,25}, 5 },
    { {-2,-29}, 5 },    { {29,2}, 5 },   { {-2,-24}, 5 },  { {29,4}, 5 },    { {30,-7}, 5 },   { {30,-1}, 5 },   { {-2,-18}, 5 },  { {-2,-17}, 5 },
    { {31,-13}, 5 },    { {-14,-3}, 5 }, { {-19,-7}, 5 },  { {-2,-14}, 5 },  { {13,-2}, 4 },   { {-31,31}, 4 },  { {2,-16}, 4 },   { {-1,10}, 4 },
    { {-10,-4}, 4 },    { {3,-19}, 4 },  { {-17,1}, 4 },   { {14,1}, 4 },    { {14,3}, 4 },    { {3,-13}, 4 },   { {-1,14}, 4 },   { {-4,11}, 4 },
    { {-3,-15}, 4 },    { {-3,-13}, 4 }, { {-9,4}, 4 },    { {9,7}, 4 },     { {-5,-8}, 4 },   { {-18,-1}, 4 },  { {21,0}, 4 },    { {21,1}, 4 },
    { {-5,-6}, 4 },     { {-8,-4}, 4 },  { {0,30}, 4 },    { {25,1}, 4 },    { {0,31}, 4 },    { {-15,1}, 4 },   { {10,7}, 4 },    { {5,-13}, 4 },
    { {-3,17}, 4 },     { {1,-15}, 4 },  { {-31,-1}, 4 },  { {-7,11}, 4 },   { {0,-19}, 4 },   { {0,-17}, 4 },   { {31,-3}, 4 },   { {-6,-7}, 4 },
    { {8,3}, 4 },       { {-9,2}, 3 },   { {-5,-7}, 3 },   { {-10,1}, 3 },   { {-8,-3}, 3 },   { {-10,-1}, 3 },  { {7,7}, 3 },     { {11,3}, 3 },
    { {-5,4}, 3 },      { {5,-8}, 3 },   { {-26,0}, 3 },   { {10,-2}, 3 },   { {-8,1}, 2 },    { {8,-1}, 2 },    { {-4,7}, 2 },    { {0,-31}, 2 },
    { {0,9}, 1 },       { {9,0}, 6 },    { {4,-1}, 5 },    { {-4,0}, 4 },    { {3,-1}, 3 },    { {-3,-1}, 3 },   { {6,0}, 5 },     { {-9,-1}, 1 },
    { {-5,-2}, 1 },     { {0,27}, 2 },   { {0,-10}, 2 },   { {0,-11}, 1 },   { {-2,7}, 1 },    { {3,-7}, 1 },    { {-6,2}, 1 },    { {2,6}, 1 },
    { {-2,-4}, 6 },     { {12,1}, 4 },   { {4,-9}, 4 },    { {15,1}, 3 },    { {-6,-5}, 3 },   { {-2,12}, 3 },   { {-1,28}, 3 },   { {9,-2}, 3 },
    { {7,4}, 3 },       { {1,-13}, 3 },  { {1,-3}, 3 },    { {0,4}, 4 },     { {-10,2}, 3 },   { {13,-1}, 3 },   { {4,-8}, 3 },    { {0,-16}, 3 },
    { {13,3}, 3 },      { {-13,0}, 3 },  { {4,-5}, 2 },    { {0,-28}, 2 },   { {11,1}, 2 },    { {28,0}, 1 },    { {5,-1}, 5 },    { {3,1}, 3 },
    { {3,0}, 2 },       { {2,-3}, 4 },   { {1,-4}, 5 },    { {-7,1}, 6 },    { {-7,2}, 2 },    { {-11,1}, 2 },   { {4,3}, 1 },     { {5,0}, 4 },
    { {-3,7}, 1 },      { {-1,-8}, 2 },  { {-2,9}, 2 },    { {-1,-29}, 2 },  { {9,3}, 2 },     { {-10,0}, 1 },   { {0,7}, 5 },     { {0,-2}, 1 },
    { {1,0}, 5 },       { {0,-3}, 2 },   { {1,3}, 3 },     { {-1,-4}, 5 },   { {-4,-2}, 6 },   { {-6,1}, 1 },    { {-1,17}, 4 },   { {7,9}, 4 },
    { {-12,-4}, 4 },    { {-12,-3}, 4 }, { {12,2}, 4 },    { {-9,6}, 4 },    { {1,-25}, 4 },   { {2,29}, 4 },    { {-3,-3}, 5 },   { {-1,6}, 6 },
    { {3,-21}, 4 },     { {1,18}, 4 },   { {1,-19}, 4 },   { {-4,9}, 4 },    { {9,-13}, 4 },   { {-9,15}, 4 },   { {9,-7}, 4 },    { {9,-6}, 4 },
    { {-3,-17}, 4 },    { {-7,10}, 4 },  { {-6,9}, 4 },    { {17,-3}, 4 },   { {-3,13}, 4 },   { {-8,-5}, 4 },   { {5,-15}, 4 },   { {17,3}, 4 },
    { {2,1}, 2 },       { {-2,3}, 4 },   { {18,0}, 4 },    { {19,-3}, 4 },   { {19,0}, 4 },    { {-6,-8}, 4 },   { {7,-19}, 4 },   { {-7,-6}, 4 },
    { {-6,-6}, 4 },     { {-17,-1}, 4 }, { {7,-8}, 4 },    { {-14,1}, 4 },   { {10,-4}, 4 },   { {-15,-2}, 4 },  { {-28,-1}, 4 },  { {-1,-21}, 4 },
    { {0,13}, 4 },      { {0,14}, 4 },   { {28,1}, 4 },    { {-31,1}, 4 },   { {10,3}, 4 },    { {0,25}, 4 },    { {-32,0}, 4 },   { {-20,0}, 4 },
    { {-13,3}, 4 },     { {3,13}, 4 },   { {-10,6}, 3 },   { {-2,-11}, 3 },  { {-27,1}, 3 },   { {-27,-1}, 3 },  { {-15,-1}, 3 },  { {-3,-11}, 3 },
    { {-10,3}, 3 },     { {-1,-27}, 3 }, { {-1,-15}, 3 },  { {11,-3}, 3 },   { {5,6}, 3 },     { {-5,6}, 3 },    { {0,-14}, 3 },   { {0,26}, 3 },
    { {0,-13}, 3 },     { {1,11}, 3 },   { {-3,9}, 2 },    { {1,9}, 2 },     { {-1,5}, 5 },    { {-2,5}, 6 },    { {9,1}, 1 },     { {-25,0}, 1 },
    { {-4,-1}, 5 },     { {2,-5}, 6 },   { {-2,-5}, 1 },   { {5,-4}, 2 },    { {-6,4}, 2 },    { {2,-2}, 3 },    { {-1,-3}, 3 },   { {1,-2}, 2 },
    { {-5,0}, 4 },      { {6,-3}, 1 },   { {-2,-7}, 1 },   { {4,-4}, 1 },    { {5,4}, 2 },     { {-11,2}, 4 },   { {-9,7}, 5 },    { {-13,21}, 5 },
    { {2,9}, 3 },       { {4,1}, 5 },    { {0,-4}, 4 },    { {-7,0}, 4 },    { {-3,0}, 2 },    { {-3,1}, 3 },    { {1,-5}, 5 },    { {-3,-5}, 1 },
    { {11,-2}, 3 },     { {3,9}, 3 },    { {-3,11}, 3 },   { {-6,7}, 3 },    { {-10,-3}, 3 },  { {0,-25}, 3 },   { {-13,-3}, 3 },  { {0,-15}, 3 },
    { {-7,-4}, 3 },     { {-1,-13}, 3 }, { {9,-4}, 3 },    { {17,-1}, 3 },   { {-4,-7}, 3 },   { {2,-13}, 3 },   { {-4,8}, 3 },    { {7,-6}, 3 },
    { {2,-11}, 3 },     { {-13,1}, 3 },  { {5,7}, 3 },     { {6,-9}, 3 },    { {-3,8}, 3 },    { {-11,-2}, 3 },  { {4,7}, 3 },     { {10,2}, 3 },
    { {-5,-4}, 2 },     { {27,1}, 2 },   { {6,1}, 6 },     { {3,-4}, 6 },    { {1,2}, 2 },     { {-2,0}, 1 },    { {-2,4}, 5 },    { {-9,3}, 2 },
    { {1,-11}, 2 },     { {3,-9}, 2 },   { {-1,-11}, 2 },  { {-2,-6}, 1 },   { {9,-1}, 1 },    { {7,0}, 4 },     { {0,-5}, 4 },    { {-6,-2}, 1 },
    { {-1,-10}, 2 },    { {5,5}, 2 },    { {6,-5}, 2 },    { {7,-5}, 2 },    { {0,11}, 2 },    { {-9,-3}, 2 },   { {0,28}, 2 },    { {-5,7}, 2 },
    { {-7,3}, 1 },      { {29,0}, 6 },   { {-2,1}, 2 },    { {-2,2}, 3 },    { {2,-4}, 5 },    { {1,4}, 5 },     { {5,-5}, 2 },    { {-12,-10}, 5 },
    { {-12,-5}, 5 },    { {9,-12}, 5 },  { {-19,-3}, 5 },  { {-30,1}, 5 },   { {-27,9}, 5 },   { {-27,10}, 5 },  { {-31,3}, 5 },   { {0,-8}, 1 },
    { {2,-8}, 1 },      { {-27,30}, 5 }, { {0,18}, 5 },    { {-26,-3}, 5 },  { {0,21}, 5 },    { {3,18}, 5 },    { {-12,3}, 5 },   { {3,23}, 5 },
    { {-5,10}, 5 },     { {3,29}, 5 },   { {3,31}, 5 },    { {4,-28}, 5 },   { {4,-25}, 5 },   { {-19,10}, 5 },  { {4,-11}, 5 },   { {9,14}, 5 },
    { {9,15}, 5 },      { {1,5}, 5 },    { {-4,1}, 5 },    { {9,17}, 5 },    { {-29,-5}, 5 },  { {-2,14}, 5 },   { {10,-15}, 5 },  { {-5,23}, 5 },
    { {-12,9}, 5 },     { {-2,18}, 5 },  { {-5,31}, 5 },   { {-4,-28}, 5 },  { {-2,24}, 5 },   { {-11,-14}, 5 }, { {1,-24}, 5 },   { {1,-22}, 5 },
    { {-18,-14}, 5 },   { {-8,19}, 5 },  { {-2,31}, 5 },   { {10,4}, 5 },    { {-8,23}, 5 },   { {1,-14}, 5 },   { {-7,-27}, 5 },  { {10,23}, 5 },
    { {11,-23}, 5 },    { {-18,-3}, 5 }, { {11,-15}, 5 },  { {11,-11}, 5 },  { {-18,-2}, 5 },  { {11,-5}, 5 },   { {-25,-31}, 5 }, { {4,27}, 5 },
    { {5,-25}, 5 },     { {5,-21}, 5 },  { {5,-20}, 5 },   { {5,-17}, 5 },   { {-25,-27}, 5 }, { {-18,10}, 5 },  { {-7,-8}, 5 },   { {11,9}, 5 },
    { {11,11}, 5 },     { {12,-25}, 5 }, { {-17,-5}, 5 },  { {5,-10}, 5 },   { {-25,-7}, 5 },  { {-25,-1}, 5 },  { {-29,-2}, 5 },  { {-31,5}, 5 },
    { {-24,-10}, 5 },   { {-17,7}, 5 },  { {-17,21}, 5 },  { {-24,-3}, 5 },  { {12,4}, 5 },    { {12,5}, 5 },    { {12,16}, 5 },   { {13,-32}, 5 },
    { {13,-27}, 5 },    { {13,-19}, 5 }, { {13,-15}, 5 },  { {-24,-1}, 5 },  { {-24,0}, 5 },   { {13,-6}, 5 },   { {-11,14}, 5 },  { {13,-4}, 5 },
    { {-4,12}, 5 },     { {-4,13}, 5 },  { {-4,14}, 5 },   { {-11,21}, 5 },  { {-4,17}, 5 },   { {-4,19}, 5 },   { {-10,-29}, 5 }, { {5,9}, 5 },
    { {14,-29}, 5 },    { {14,-10}, 5 }, { {5,10}, 5 },    { {-24,1}, 5 },   { {-3,-27}, 5 },  { {5,13}, 5 },    { {-3,-25}, 5 },  { {-10,-10}, 5 },
    { {14,8}, 5 },      { {5,21}, 5 },   { {-10,-8}, 5 },  { {-3,-18}, 5 },  { {15,-7}, 5 },   { {15,-5}, 5 },   { {6,-22}, 5 },   { {6,-20}, 5 },
    { {-16,2}, 5 },     { {6,-16}, 5 },  { {6,-15}, 5 },   { {1,21}, 5 },    { {6,-12}, 5 },   { {-10,-6}, 5 },  { {15,7}, 5 },    { {15,13}, 5 },
    { {-3,-14}, 5 },    { {-7,13}, 5 },  { {-16,3}, 5 },   { {-32,1}, 5 },   { {16,-1}, 5 },   { {-31,17}, 5 },  { {2,-28}, 5 },   { {16,7}, 5 },
    { {16,10}, 5 },     { {2,-21}, 5 },  { {-7,19}, 5 },   { {-6,-27}, 5 },  { {-6,-19}, 5 },  { {17,-6}, 5 },   { {17,-5}, 5 },   { {-6,-15}, 5 },
    { {-31,20}, 5 },    { {17,-2}, 5 },  { {-28,-32}, 5 }, { {-6,-10}, 5 },  { {-28,-20}, 5 }, { {17,2}, 5 },    { {-31,30}, 5 },  { {-23,4}, 5 },
    { {17,6}, 5 },      { {17,9}, 5 },   { {17,15}, 5 },   { {-22,-2}, 5 },  { {17,31}, 5 },   { {-15,6}, 5 },   { {6,9}, 5 },     { {-15,11}, 5 },
    { {-15,27}, 5 },    { {18,1}, 5 },   { {6,13}, 5 },    { {18,5}, 5 },    { {18,6}, 5 },    { {-10,8}, 5 },   { {6,15}, 5 },    { {19,-8}, 5 },
    { {6,16}, 5 },      { {6,17}, 5 },   { {19,-2}, 5 },   { {7,-31}, 5 },   { {7,-22}, 5 },   { {-14,-10}, 5 }, { {-10,17}, 5 },  { {7,-17}, 5 },
    { {19,7}, 5 },      { {-10,27}, 5 }, { {20,-1}, 5 },   { {20,0}, 5 },    { {20,1}, 5 },    { {7,-14}, 5 },   { {21,-19}, 5 },  { {21,-17}, 5 },
    { {-22,-1}, 5 },    { {-9,-11}, 5 }, { {-14,-5}, 5 },  { {-3,12}, 5 },   { {-22,10}, 5 },  { {21,7}, 5 },    { {-3,14}, 5 },   { {22,-15}, 5 },
    { {-21,-6}, 5 },    { {22,0}, 5 },   { {-21,-2}, 5 },  { {-21,-1}, 5 },  { {23,-32}, 5 },  { {-31,-2}, 5 },  { {-14,2}, 5 },   { {23,-23}, 5 },
    { {23,-20}, 5 },    { {23,-19}, 5 }, { {23,-7}, 5 },   { {23,-1}, 5 },   { {23,0}, 5 },    { {-3,23}, 5 },   { {2,11}, 5 },    { {-14,3}, 5 },
    { {-3,29}, 5 },     { {24,1}, 5 },   { {24,3}, 5 },    { {2,14}, 5 },    { {25,-7}, 5 },   { {2,15}, 5 },    { {2,16}, 5 },    { {-3,30}, 5 },
    { {-3,31}, 5 },     { {25,6}, 5 },   { {25,29}, 5 },   { {3,-31}, 5 },   { {3,-30}, 5 },   { {3,-27}, 5 },   { {3,-25}, 5 },   { {3,-23}, 5 },
    { {7,14}, 5 },      { {3,-22}, 5 },  { {27,2}, 5 },    { {27,3}, 5 },    { {-14,4}, 5 },   { {27,23}, 5 },   { {7,19}, 5 },    { {-2,-25}, 5 },
    { {-14,8}, 5 },     { {8,-9}, 5 },   { {28,2}, 5 },    { {28,5}, 5 },    { {29,-27}, 5 },  { {-2,-19}, 5 },  { {-14,10}, 5 },  { {29,-14}, 5 },
    { {29,-7}, 5 },     { {-13,-5}, 5 }, { {-13,-4}, 5 },  { {9,-21}, 4 },   { {-15,5}, 4 },   { {-6,10}, 4 },   { {-12,7}, 4 },   { {13,5}, 4 },
    { {14,-1}, 4 },     { {0,17}, 4 },   { {5,-11}, 4 },   { {-10,-5}, 4 },  { {15,-3}, 4 },   { {-3,15}, 4 },   { {-1,21}, 4 },   { {-5,8}, 4 },
    { {-3,19}, 4 },     { {-2,-16}, 4 }, { {-11,-6}, 4 },  { {1,-31}, 4 },   { {3,8}, 4 },     { {-14,-2}, 4 },  { {-7,9}, 4 },    { {1,12}, 4 },
    { {18,2}, 4 },      { {19,-7}, 4 },  { {10,-5}, 4 },   { {-30,-1}, 4 },  { {-17,3}, 4 },   { {19,3}, 4 },    { {21,-1}, 4 },   { {1,-17}, 4 },
    { {-7,17}, 4 },     { {-3,-31}, 4 }, { {23,3}, 4 },    { {5,8}, 4 },     { {6,-27}, 4 },   { {1,26}, 4 },    { {6,-11}, 4 },   { {27,-3}, 4 },
    { {6,-10}, 4 },     { {1,27}, 4 },   { {7,13}, 4 },    { {-19,-1}, 4 },  { {0,-23}, 4 },   { {8,-6}, 4 },    { {29,-23}, 4 },  { {29,-3}, 4 },
    { {0,-21}, 4 },     { {-23,0}, 4 },  { {12,-2}, 4 },   { {-29,-29}, 4 }, { {-1,-19}, 4 },  { {-3,-12}, 4 },  { {-7,-14}, 4 },  { {-8,3}, 3 },
    { {16,0}, 3 },      { {-16,0}, 3 },  { {-4,-8}, 3 },   { {17,1}, 3 },    { {-10,-2}, 3 },  { {2,8}, 3 },     { {-1,15}, 3 },   { {6,7}, 3 },
    { {7,5}, 3 },       { {12,0}, 3 },   { {-21,1}, 3 },   { {3,-8}, 3 },    { {-2,-9}, 3 },   { {1,13}, 3 },    { {1,15}, 3 },    { {4,-7}, 2 },
    { {-1,27}, 2 },     { {8,2}, 2 },    { {-7,-5}, 2 },   { {-5,-5}, 2 },   { {6,-6}, 2 },    { {-1,8}, 2 },    { {4,5}, 2 },     { {-4,-5}, 2 },
    { {0,-1}, 4 },      { {-1,-1}, 5 },  { {2,3}, 4 },     { {0,5}, 4 },     { {2,2}, 3 },     { {-8,-1}, 1 },   { {7,2}, 1 },     { {2,5}, 6 },
    { {-5,1}, 5 },      { {-4,3}, 6 },   { {-1,29}, 2 },   { {4,-6}, 2 },    { {-7,7}, 2 },    { {13,1}, 2 },    { {-7,-1}, 5 },   { {3,2}, 4 },
    { {-29,-1}, 2 },    { {2,-10}, 2 },  { {6,5}, 2 },     { {7,-7}, 2 },    { {8,-2}, 2 },    { {6,-7}, 2 },    { {-31,0}, 1 },   { {-7,-2}, 1 },
    { {7,3}, 1 },       { {-2,6}, 6 },   { {5,-3}, 6 },    { {0,8}, 1 },     { {-4,-4}, 1 },   { {-3,6}, 1 },    { {0,-27}, 1 },   { {5,2}, 6 },
    { {-1,-5}, 5 },     { {3,-5}, 6 },   { {-5,-3}, 6 },   { {-9,-5}, 3 },   { {-4,-9}, 3 },   { {1,10}, 3 },    { {14,0}, 3 },    { {-17,0}, 3 },
    { {-19,1}, 3 },     { {-8,4}, 3 },   { {9,5}, 3 },     { {-8,5}, 3 },    { {2,-15}, 3 },   { {2,-14}, 3 },   { {-2,-10}, 3 },  { {-6,8}, 3 },
    { {-8,6}, 3 },      { {-18,0}, 3 },  { {28,-1}, 3 },   { {-11,3}, 3 },   { {-3,-8}, 3 },   { {7,-15}, 3 },   { {-9,-7}, 3 },   { {3,-15}, 3 },
    { {5,-9}, 3 },      { {-2,-8}, 2 },  { {0,29}, 2 },    { {-13,-1}, 2 },  { {-8,2}, 2 },    { {-7,-7}, 2 },   { {-6,6}, 2 },    { {13,0}, 2 },
    { {6,3}, 1 },       { {4,-3}, 6 },   { {-29,0}, 6 },   { {-6,-3}, 1 },   { {4,4}, 1 },     { {-2,-1}, 2 },   { {27,0}, 6 },    { {-4,4}, 1 },
    { {31,0}, 1 },      { {-6,0}, 5 },   { {6,2}, 6 },     { {31,1}, 3 },    { {-1,-12}, 4 },  { {-5,-21}, 4 },  { {-12,0}, 2 },   { {-8,-2}, 2 },
    { {1,-29}, 2 },     { {5,3}, 6 },    { {-4,6}, 1 },    { {7,-2}, 1 },    { {0,-29}, 6 },   { {-1,-6}, 6 },   { {7,-1}, 5 },    { {3,-3}, 4 },
    { {-1,-2}, 2 },     { {0,6}, 5 },    { {-9,1}, 1 },    { {-9,-29}, 4 },  { {-23,-3}, 4 },  { {-7,8}, 4 },    { {-23,-1}, 4 },  { {-3,21}, 4 },
    { {-12,-2}, 4 },    { {-2,-15}, 4 }, { {-2,-12}, 4 },  { {10,5}, 4 },    { {-14,-1}, 4 },  { {-4,10}, 4 },   { {-7,15}, 4 },   { {-4,15}, 4 },
    { {-4,22}, 4 },     { {-11,6}, 4 },  { {-3,-23}, 4 },  { {11,2}, 4 },    { {-3,-19}, 4 },  { {11,5}, 4 },    { {-6,-11}, 4 },  { {12,-7}, 4 },
    { {12,-5}, 4 },     { {-11,11}, 4 }, { {6,10}, 4 },    { {3,-2}, 4 },    { {-11,13}, 4 },  { {-8,8}, 4 },    { {13,-7}, 4 },   { {13,-5}, 4 },
    { {3,14}, 4 },      { {7,-10}, 4 },  { {-10,-7}, 4 },  { {3,21}, 4 },    { {4,-12}, 4 },   { {2,-30}, 4 },   { {2,-18}, 4 },   { {13,7}, 4 },
    { {2,-17}, 4 },     { {-3,-10}, 4 }, { {-1,12}, 4 },   { {14,2}, 4 },    { {-7,-11}, 4 },  { {14,6}, 4 },    { {-16,1}, 4 },   { {-15,-5}, 4 },
    { {-1,16}, 4 },     { {-12,2}, 4 },  { {0,20}, 4 },    { {15,3}, 4 },    { {15,15}, 4 },   { {15,17}, 4 },   { {0,22}, 4 },    { {17,-30}, 4 },
    { {17,-19}, 4 },    { {17,-9}, 4 },  { {-1,20}, 4 },   { {-31,-3}, 4 },  { {-5,13}, 4 },   { {-4,-10}, 4 },  { {7,17}, 4 },    { {7,22}, 4 },
    { {-11,-11}, 4 },   { {4,8}, 4 },    { {-9,10}, 4 },   { {19,-1}, 4 },   { {-30,-2}, 4 },  { {8,-3}, 4 },    { {19,2}, 4 },    { {0,-32}, 4 },
    { {21,-7}, 4 },     { {-8,-9}, 4 },  { {-2,19}, 4 },   { {-8,-8}, 4 },   { {-2,27}, 4 },   { {-11,-4}, 4 },  { {8,6}, 4 },     { {25,-3}, 4 },
    { {25,-1}, 4 },     { {-1,-30}, 4 }, { {9,-19}, 4 },   { {26,-1}, 4 },   { {0,-24}, 4 },   { {-20,-1}, 4 },  { {-28,1}, 4 },   { {0,-20}, 4 },
    { {2,13}, 4 },      { {27,9}, 4 },   { {-1,-25}, 4 },  { {0,-18}, 4 },   { {-19,-2}, 4 },  { {-23,-7}, 4 },  { {3,-14}, 4 },   { {-6,11}, 4 },
    { {3,-12}, 4 },     { {5,11}, 4 },   { {29,3}, 4 },    { {5,12}, 4 },    { {31,-31}, 4 },  { {-6,17}, 4 },   { {-3,10}, 4 },   { {9,10}, 4 },
    { {13,2}, 3 },      { {1,19}, 3 },   { {2,10}, 3 },    { {15,-1}, 3 },   { {9,4}, 3 },     { {-10,4}, 3 },   { {10,-3}, 3 },   { {3,-11}, 3 },
    { {3,-10}, 3 },     { {-9,5}, 3 },   { {0,12}, 3 },    { {3,11}, 3 },    { {11,-7}, 3 },   { {0,15}, 3 },    { {-25,1}, 3 },   { {-1,13}, 3 },
    { {9,-5}, 3 },      { {-12,-1}, 3 }, { {-1,26}, 3 },   { {-16,-1}, 3 },  { {-19,0}, 3 },   { {31,-1}, 3 },   { {-7,6}, 3 },    { {-2,11}, 3 },
    { {1,29}, 2 },      { {-1,11}, 2 },  { {9,-3}, 2 },    { {2,-9}, 2 },    { {7,-4}, 2 },    { {15,0}, 2 },    { {8,-4}, 2 },    { {26,0}, 2 },
    { {27,-1}, 2 },     { {9,2}, 2 },    { {1,-27}, 2 },   { {-29,1}, 2 },   { {-15,0}, 2 },   { {29,1}, 2 },    { {10,1}, 2 },    { {-11,-1}, 1 },
    { {-6,3}, 1 },      { {3,-6}, 1 },   { {-3,4}, 6 },    { {-6,-1}, 6 },   { {1,6}, 6 },     { {-2,-2}, 3 },   { {-1,0}, 4 },    { {1,-1}, 5 },
    { {5,-2}, 6 },      { {-1,-9}, 1 },  { {-2,10}, 2 },   { {-6,5}, 2 },    { {1,-6}, 6 },    { {-5,3}, 6 },    { {-1,4}, 4 },    { {-5,2}, 6 },
    { {3,5}, 6 },       { {-3,-9}, 2 },  { {4,6}, 2 },     { {29,-1}, 2 },   { {1,8}, 2 },     { {5,-6}, 2 },    { {30,0}, 2 },    { {3,6}, 1 },
    { {25,0}, 1 },      { {-1,9}, 1 },   { {2,-6}, 6 },    { {2,-7}, 6 },    { {8,0}, 6 },     { {3,3}, 4 },     { {-3,2}, 4 },    { {0,-7}, 4 },
    { {-3,-2}, 4 },     { {-4,-6}, 2 },  { {6,-14}, 4 },   { {-9,9}, 4 },    { {0,-12}, 3 },   { {-3,-4}, 1 },   { {-3,-7}, 1 },   { {-4,5}, 1 },
    { {10,0}, 6 },      { {1,7}, 6 },    { {0,-6}, 5 },    { {-1,-7}, 5 },   { {-2,8}, 1 },    { {3,15}, 3 },    { {-2,13}, 3 },   { {-2,22}, 3 },
    { {-1,-31}, 3 },    { {0,-9}, 6 },   { {1,-7}, 5 },    { {10,-6}, 3 },   { {15,2}, 3 },    { {7,6}, 3 },     { {6,-18}, 3 },   { {8,-10}, 3 },
    { {8,-8}, 3 },      { {19,1}, 3 },   { {23,2}, 3 },    { {24,0}, 3 },    { {-14,0}, 3 },   { {-11,5}, 3 },   { {7,-11}, 3 },   { {7,-9}, 3 },
    { {1,17}, 3 },      { {-15,3}, 3 },  { {9,-9}, 3 },    { {-9,-4}, 3 },   { {-8,7}, 3 },    { {11,7}, 3 },    { {-7,-9}, 3 },   { {-1,23}, 3 },
    { {-12,1}, 3 },     { {-7,5}, 2 },   { {6,6}, 2 },     { {-7,4}, 2 },    { {-5,5}, 1 },    { {-3,5}, 6 },    { {-28,0}, 6 },   { {7,1}, 5 },
    { {-27,0}, 6 },     { {-4,-3}, 6 },  { {6,-8}, 2 },    { {-15,-3}, 2 },  { {3,7}, 1 },     { {-30,0}, 1 },   { {6,4}, 1 },     { {-2,-3}, 4 },
    { {-3,3}, 4 },      { {0,2}, 6 },    { {0,1}, 4 },     { {0,0}, 1 }
};

const int mv_tree0_indices[] = {
    0x60040, 0x45,    0x46,    0x200be, 0x600c2, 0x601e4, 0x130,   0x130,
    0x60230, 0x602c6, 0x60328, 0x60388, 0x308,   0x308,   0x308,   0x308,
    0x309,   0x309,   0x60542, 0x605b8, 0x3f6,   0x3f6,   0x3f6,   0x3f6,
    0x3f7,   0x3f7,   0x606a6, 0x449,   0x44a,   0x44a,   0x44a,   0x44a,
    0x44b,   0x44b,   0x44b,   0x44b,   0x44b,   0x44b,   0x44b,   0x44b,
    0x44b,   0x44b,   0x44b,   0x44b,   0x44b,   0x44b,   0x44b,   0x44b,
    0x44b,   0x44b,   0x44b,   0x44b,   0x44b,   0x44b,   0x44b,   0x44b,
    0x44b,   0x44b,   0x44b,   0x44b,   0x44b,   0x44b,   0x44b,   0x44b,
    0x0,     0x0,     0x0,     0x0,     0x0,     0x0,     0x0,     0x0,
    0x0,     0x0,     0x0,     0x0,     0x0,     0x0,     0x0,     0x0,
    0x1,     0x2,     0x30040, 0x8,     0x30048, 0x20050, 0x13,    0x13,
    0x14,    0x14,    0x14,    0x14,    0x14,    0x14,    0x14,    0x14,
    0x15,    0x15,    0x15,    0x15,    0x15,    0x15,    0x15,    0x15,
    0x15,    0x15,    0x15,    0x15,    0x15,    0x15,    0x15,    0x15,
    0x20054, 0x20058, 0x1c,    0x1c,    0x1d,    0x1e,    0x1f,    0x20,
    0x21,    0x21,    0x21,    0x21,    0x1005c, 0x24,    0x25,    0x5005e,
    0x3,     0x3,     0x3,     0x3,     0x4,     0x5,     0x6,     0x7,
    0x9,     0xa,     0xb,     0xc,     0xd,     0xd,     0xe,     0xe,
    0xf,     0x10,    0x11,    0x12,    0x16,    0x16,    0x17,    0x18,
    0x19,    0x1a,    0x1b,    0x1b,    0x22,    0x23,    0x26,    0x26,
    0x27,    0x28,    0x29,    0x2a,    0x2b,    0x2c,    0x2d,    0x2e,
    0x2f,    0x30,    0x31,    0x32,    0x33,    0x34,    0x35,    0x36,
    0x37,    0x38,    0x39,    0x3a,    0x3b,    0x3c,    0x3d,    0x3e,
    0x3f,    0x40,    0x41,    0x42,    0x43,    0x44,    0x47,    0x47,
    0x48,    0x49,    0x50040, 0x50060, 0x50080, 0x500a0, 0x400c0, 0x400d0,
    0x400e0, 0x300f0, 0x200f8, 0xf9,    0xfa,    0xfa,    0xfb,    0xfb,
    0xfb,    0xfb,    0xfc,    0xfc,    0xfc,    0xfc,    0xfc,    0xfc,
    0xfc,    0xfc,    0xfd,    0xfd,    0xfd,    0xfd,    0xfd,    0xfd,
    0xfd,    0xfd,    0xfe,    0xfe,    0x100fc, 0x200fe, 0x10102, 0x10104,
    0x108,   0x40106, 0x112,   0x112,   0x112,   0x112,   0x112,   0x112,
    0x112,   0x112,   0x113,   0x113,   0x113,   0x113,   0x30116, 0x2011e,
    0x11e,   0x11e,   0x11f,   0x11f,   0x11f,   0x11f,   0x11f,   0x11f,
    0x11f,   0x11f,   0x4a,    0x4b,    0x4c,    0x4d,    0x4e,    0x4f,
    0x50,    0x51,    0x52,    0x53,    0x54,    0x55,    0x56,    0x57,
    0x58,    0x59,    0x5a,    0x5b,    0x5c,    0x5d,    0x5e,    0x5f,
    0x60,    0x61,    0x62,    0x63,    0x64,    0x65,    0x66,    0x67,
    0x68,    0x69,    0x6a,    0x6b,    0x6c,    0x6d,    0x6e,    0x6f,
    0x70,    0x71,    0x72,    0x73,    0x74,    0x75,    0x76,    0x77,
    0x78,    0x79,    0x7a,    0x7b,    0x7c,    0x7d,    0x7e,    0x7f,
    0x80,    0x81,    0x82,    0x83,    0x84,    0x85,    0x86,    0x87,
    0x88,    0x89,    0x8a,    0x8b,    0x8c,    0x8d,    0x8e,    0x8f,
    0x90,    0x91,    0x92,    0x93,    0x94,    0x95,    0x96,    0x97,
    0x98,    0x99,    0x9a,    0x9b,    0x9c,    0x9d,    0x9e,    0x9f,
    0xa0,    0xa1,    0xa2,    0xa3,    0xa4,    0xa5,    0xa6,    0xa7,
    0xa8,    0xa9,    0xaa,    0xab,    0xac,    0xad,    0xae,    0xaf,
    0xb0,    0xb1,    0xb2,    0xb3,    0xb4,    0xb5,    0xb6,    0xb7,
    0xb8,    0xb9,    0xba,    0xbb,    0xbc,    0xbd,    0xbe,    0xbf,
    0xc0,    0xc1,    0xc2,    0xc3,    0xc4,    0xc4,    0xc5,    0xc5,
    0xc6,    0xc6,    0xc7,    0xc8,    0xc9,    0xca,    0xcb,    0xcc,
    0xcd,    0xce,    0xcf,    0xd0,    0xd1,    0xd2,    0xd3,    0xd4,
    0xd5,    0xd6,    0xd7,    0xd8,    0xd9,    0xda,    0xdb,    0xdc,
    0xdd,    0xde,    0xdf,    0xe0,    0xe1,    0xe2,    0xe3,    0xe4,
    0xe5,    0xe6,    0xe7,    0xe8,    0xe9,    0xe9,    0xea,    0xea,
    0xeb,    0xeb,    0xec,    0xec,    0xed,    0xed,    0xee,    0xee,
    0xef,    0xef,    0xf0,    0xf1,    0xf2,    0xf3,    0xf4,    0xf4,
    0xf5,    0xf5,    0xf6,    0xf7,    0xf8,    0xf8,    0xff,    0x100,
    0x101,   0x102,   0x103,   0x103,   0x104,   0x105,   0x106,   0x107,
    0x109,   0x10a,   0x10b,   0x10b,   0x10c,   0x10c,   0x10d,   0x10d,
    0x10e,   0x10e,   0x10f,   0x10f,   0x110,   0x110,   0x111,   0x111,
    0x114,   0x115,   0x116,   0x117,   0x118,   0x119,   0x11a,   0x11a,
    0x11b,   0x11c,   0x11d,   0x11d,   0x120,   0x120,   0x120,   0x120,
    0x120,   0x120,   0x120,   0x120,   0x120,   0x120,   0x120,   0x120,
    0x120,   0x120,   0x120,   0x120,   0x121,   0x121,   0x121,   0x121,
    0x122,   0x122,   0x123,   0x20040, 0x127,   0x127,   0x127,   0x127,
    0x20044, 0x20048, 0x12e,   0x12e,   0x12f,   0x12f,   0x12f,   0x12f,
    0x12f,   0x12f,   0x12f,   0x12f,   0x12f,   0x12f,   0x12f,   0x12f,
    0x12f,   0x12f,   0x12f,   0x12f,   0x12f,   0x12f,   0x12f,   0x12f,
    0x12f,   0x12f,   0x12f,   0x12f,   0x12f,   0x12f,   0x12f,   0x12f,
    0x12f,   0x12f,   0x12f,   0x12f,   0x124,   0x125,   0x126,   0x126,
    0x128,   0x128,   0x129,   0x12a,   0x12b,   0x12c,   0x12d,   0x12d,
    0x131,   0x131,   0x131,   0x131,   0x131,   0x131,   0x131,   0x131,
    0x131,   0x131,   0x131,   0x131,   0x131,   0x131,   0x131,   0x131,
    0x132,   0x132,   0x132,   0x132,   0x132,   0x132,   0x132,   0x132,
    0x133,   0x133,   0x134,   0x40040, 0x13e,   0x13e,   0x13f,   0x40050,
    0x150,   0x150,   0x150,   0x150,   0x150,   0x150,   0x150,   0x150,
    0x150,   0x150,   0x150,   0x150,   0x150,   0x150,   0x150,   0x150,
    0x151,   0x151,   0x151,   0x151,   0x40060, 0x40070, 0x30080, 0x30088,
    0x17c,   0x17c,   0x17d,   0x10090, 0x180,   0x180,   0x181,   0x20092,
    0x135,   0x135,   0x135,   0x135,   0x135,   0x135,   0x135,   0x135,
    0x136,   0x137,   0x138,   0x139,   0x13a,   0x13b,   0x13c,   0x13d,
    0x140,   0x141,   0x142,   0x143,   0x144,   0x145,   0x146,   0x147,
    0x148,   0x149,   0x14a,   0x14b,   0x14c,   0x14d,   0x14e,   0x14f,
    0x152,   0x153,   0x154,   0x155,   0x156,   0x157,   0x158,   0x159,
    0x15a,   0x15b,   0x15c,   0x15d,   0x15e,   0x15f,   0x160,   0x161,
    0x162,   0x163,   0x164,   0x165,   0x166,   0x167,   0x168,   0x169,
    0x16a,   0x16a,   0x16b,   0x16b,   0x16c,   0x16c,   0x16d,   0x16d,
    0x16e,   0x16f,   0x170,   0x171,   0x172,   0x173,   0x174,   0x175,
    0x176,   0x177,   0x178,   0x179,   0x17a,   0x17a,   0x17b,   0x17b,
    0x17e,   0x17f,   0x182,   0x182,   0x183,   0x184,   0x185,   0x185,
    0x185,   0x185,   0x185,   0x185,   0x185,   0x185,   0x186,   0x186,
    0x186,   0x186,   0x186,   0x186,   0x186,   0x186,   0x187,   0x187,
    0x187,   0x187,   0x187,   0x187,   0x187,   0x187,   0x187,   0x187,
    0x187,   0x187,   0x187,   0x187,   0x187,   0x187,   0x188,   0x188,
    0x188,   0x188,   0x10040, 0x50042, 0x191,   0x191,   0x192,   0x192,
    0x192,   0x192,   0x193,   0x193,   0x193,   0x193,   0x194,   0x194,
    0x194,   0x194,   0x194,   0x194,   0x194,   0x194,   0x194,   0x194,
    0x194,   0x194,   0x194,   0x194,   0x194,   0x194,   0x189,   0x18a,
    0x18b,   0x18b,   0x18b,   0x18b,   0x18b,   0x18b,   0x18b,   0x18b,
    0x18b,   0x18b,   0x18b,   0x18b,   0x18b,   0x18b,   0x18b,   0x18b,
    0x18c,   0x18c,   0x18c,   0x18c,   0x18c,   0x18c,   0x18c,   0x18c,
    0x18d,   0x18d,   0x18e,   0x18f,   0x190,   0x190,   0x190,   0x190,
    0x195,   0x195,   0x195,   0x195,   0x195,   0x195,   0x195,   0x195,
    0x196,   0x196,   0x30040, 0x30048, 0x30050, 0x30058, 0x1b2,   0x1b3,
    0x1b4,   0x1b4,   0x1b4,   0x1b4,   0x1b4,   0x1b4,   0x1b4,   0x1b4,
    0x1b4,   0x1b4,   0x1b4,   0x1b4,   0x1b4,   0x1b4,   0x1b4,   0x1b4,
    0x1b5,   0x1b5,   0x1b5,   0x1b5,   0x1b5,   0x1b5,   0x1b5,   0x1b5,
    0x1b5,   0x1b5,   0x1b5,   0x1b5,   0x1b5,   0x1b5,   0x1b5,   0x1b5,
    0x1b5,   0x1b5,   0x1b5,   0x1b5,   0x1b5,   0x1b5,   0x1b5,   0x1b5,
    0x1b5,   0x1b5,   0x1b5,   0x1b5,   0x1b5,   0x1b5,   0x1b5,   0x1b5,
    0x197,   0x197,   0x197,   0x197,   0x198,   0x199,   0x19a,   0x19b,
    0x19c,   0x19d,   0x19e,   0x19f,   0x1a0,   0x1a1,   0x1a2,   0x1a3,
    0x1a4,   0x1a5,   0x1a6,   0x1a7,   0x1a8,   0x1a9,   0x1aa,   0x1ab,
    0x1ac,   0x1ad,   0x1ae,   0x1af,   0x1b0,   0x1b0,   0x1b1,   0x1b1,
    0x1b6,   0x1b6,   0x20040, 0x10044, 0x1bd,   0x1bd,   0x1bd,   0x1bd,
    0x1be,   0x1be,   0x1be,   0x1be,   0x20046, 0x2004a, 0x2004e, 0x1c9,
    0x1ca,   0x1ca,   0x1ca,   0x1ca,   0x1ca,   0x1ca,   0x1ca,   0x1ca,
    0x1ca,   0x1ca,   0x1ca,   0x1ca,   0x1ca,   0x1ca,   0x1ca,   0x1ca,
    0x1cb,   0x1cb,   0x1cb,   0x1cb,   0x1cb,   0x1cb,   0x1cb,   0x1cb,
    0x1cc,   0x1cc,   0x1cd,   0x1cd,   0x50052, 0x50072, 0x1e9,   0x1e9,
    0x1ea,   0x1ea,   0x50092, 0x500b2, 0x500d2, 0x500f2, 0x50112, 0x50132,
    0x50152, 0x40172, 0x40182, 0x40192, 0x301a2, 0x301aa, 0x201b2, 0x201b6,
    0x1b7,   0x1b8,   0x1b9,   0x1ba,   0x1bb,   0x1bc,   0x1bf,   0x1bf,
    0x1c0,   0x1c1,   0x1c2,   0x1c3,   0x1c4,   0x1c5,   0x1c6,   0x1c7,
    0x1c8,   0x1c8,   0x1ce,   0x1ce,   0x1ce,   0x1ce,   0x1ce,   0x1ce,
    0x1ce,   0x1ce,   0x1cf,   0x1d0,   0x1d1,   0x1d2,   0x1d3,   0x1d4,
    0x1d5,   0x1d6,   0x1d7,   0x1d7,   0x1d7,   0x1d7,   0x1d7,   0x1d7,
    0x1d7,   0x1d7,   0x1d7,   0x1d7,   0x1d7,   0x1d7,   0x1d7,   0x1d7,
    0x1d7,   0x1d7,   0x1d8,   0x1d8,   0x1d8,   0x1d8,   0x1d8,   0x1d8,
    0x1d8,   0x1d8,   0x1d8,   0x1d8,   0x1d8,   0x1d8,   0x1d8,   0x1d8,
    0x1d8,   0x1d8,   0x1d9,   0x1da,   0x1db,   0x1dc,   0x1dd,   0x1de,
    0x1df,   0x1e0,   0x1e1,   0x1e2,   0x1e3,   0x1e4,   0x1e5,   0x1e6,
    0x1e7,   0x1e8,   0x1eb,   0x1ec,   0x1ed,   0x1ee,   0x1ef,   0x1f0,
    0x1f1,   0x1f2,   0x1f3,   0x1f4,   0x1f5,   0x1f6,   0x1f7,   0x1f8,
    0x1f9,   0x1fa,   0x1fb,   0x1fc,   0x1fd,   0x1fe,   0x1ff,   0x200,
    0x201,   0x202,   0x203,   0x204,   0x205,   0x206,   0x207,   0x208,
    0x209,   0x20a,   0x20b,   0x20c,   0x20d,   0x20e,   0x20f,   0x210,
    0x211,   0x212,   0x213,   0x214,   0x215,   0x216,   0x217,   0x218,
    0x219,   0x21a,   0x21b,   0x21c,   0x21d,   0x21e,   0x21f,   0x220,
    0x221,   0x222,   0x223,   0x224,   0x225,   0x226,   0x227,   0x228,
    0x229,   0x22a,   0x22b,   0x22c,   0x22d,   0x22e,   0x22f,   0x230,
    0x231,   0x232,   0x233,   0x234,   0x235,   0x236,   0x237,   0x238,
    0x239,   0x23a,   0x23b,   0x23c,   0x23d,   0x23e,   0x23f,   0x240,
    0x241,   0x242,   0x243,   0x244,   0x245,   0x246,   0x247,   0x248,
    0x249,   0x24a,   0x24b,   0x24c,   0x24d,   0x24e,   0x24f,   0x250,
    0x251,   0x252,   0x253,   0x254,   0x255,   0x256,   0x257,   0x258,
    0x259,   0x25a,   0x25b,   0x25c,   0x25d,   0x25e,   0x25f,   0x260,
    0x261,   0x262,   0x263,   0x264,   0x265,   0x266,   0x267,   0x268,
    0x269,   0x26a,   0x26b,   0x26c,   0x26d,   0x26e,   0x26f,   0x270,
    0x271,   0x272,   0x273,   0x274,   0x275,   0x276,   0x277,   0x278,
    0x279,   0x27a,   0x27b,   0x27c,   0x27d,   0x27e,   0x27f,   0x280,
    0x281,   0x282,   0x283,   0x284,   0x285,   0x286,   0x287,   0x288,
    0x289,   0x28a,   0x28b,   0x28c,   0x28d,   0x28e,   0x28f,   0x290,
    0x291,   0x292,   0x293,   0x294,   0x295,   0x296,   0x297,   0x298,
    0x299,   0x29a,   0x29b,   0x29c,   0x29d,   0x29e,   0x29f,   0x2a0,
    0x2a1,   0x2a2,   0x2a3,   0x2a4,   0x2a5,   0x2a6,   0x2a7,   0x2a8,
    0x2a9,   0x2aa,   0x2ab,   0x2ac,   0x2ad,   0x2ae,   0x2af,   0x2b0,
    0x2b1,   0x2b2,   0x2b3,   0x2b4,   0x2b5,   0x2b6,   0x2b7,   0x2b8,
    0x2b9,   0x2ba,   0x2bb,   0x2bb,   0x2bc,   0x2bc,   0x2bd,   0x2bd,
    0x2be,   0x2be,   0x2bf,   0x2bf,   0x2c0,   0x2c0,   0x2c1,   0x2c1,
    0x2c2,   0x2c2,   0x2c3,   0x2c4,   0x2c5,   0x2c6,   0x2c7,   0x2c8,
    0x2c9,   0x2ca,   0x2cb,   0x2cc,   0x2cd,   0x2ce,   0x2cf,   0x2d0,
    0x2d1,   0x2d2,   0x2d3,   0x2d4,   0x2d5,   0x2d6,   0x2d7,   0x2d8,
    0x2d9,   0x2da,   0x2db,   0x2dc,   0x2dd,   0x2de,   0x2df,   0x2e0,
    0x2e1,   0x2e2,   0x2e3,   0x2e4,   0x2e5,   0x2e6,   0x2e7,   0x2e8,
    0x2e9,   0x2ea,   0x2eb,   0x2ec,   0x2ed,   0x2ee,   0x2ef,   0x2ef,
    0x2f0,   0x2f0,   0x2f1,   0x2f2,   0x2f3,   0x2f4,   0x2f5,   0x2f6,
    0x2f7,   0x2f8,   0x2f9,   0x2fa,   0x2fb,   0x2fc,   0x2fd,   0x2fe,
    0x2ff,   0x2ff,   0x300,   0x301,   0x302,   0x303,   0x304,   0x305,
    0x306,   0x307,   0x30a,   0x30a,   0x30a,   0x30a,   0x30b,   0x30b,
    0x30b,   0x30b,   0x30c,   0x30c,   0x30c,   0x30c,   0x30c,   0x30c,
    0x30c,   0x30c,   0x10040, 0x30f,   0x310,   0x310,   0x311,   0x20042,
    0x316,   0x316,   0x317,   0x317,   0x317,   0x317,   0x20046, 0x2004a,
    0x1004e, 0x321,   0x322,   0x10050, 0x10052, 0x327,   0x328,   0x328,
    0x329,   0x32a,   0x30054, 0x3005c, 0x30064, 0x2006c, 0x20070, 0x349,
    0x34a,   0x10074, 0x34d,   0x34d,   0x34d,   0x34d,   0x34d,   0x34d,
    0x34d,   0x34d,   0x34d,   0x34d,   0x34d,   0x34d,   0x34d,   0x34d,
    0x34d,   0x34d,   0x30d,   0x30e,   0x312,   0x313,   0x314,   0x315,
    0x318,   0x319,   0x31a,   0x31b,   0x31c,   0x31d,   0x31e,   0x31e,
    0x31f,   0x320,   0x323,   0x324,   0x325,   0x326,   0x32b,   0x32c,
    0x32d,   0x32e,   0x32f,   0x330,   0x331,   0x332,   0x333,   0x334,
    0x335,   0x336,   0x337,   0x338,   0x339,   0x33a,   0x33b,   0x33c,
    0x33d,   0x33e,   0x33f,   0x340,   0x341,   0x341,   0x342,   0x343,
    0x344,   0x345,   0x346,   0x347,   0x348,   0x348,   0x34b,   0x34c,
    0x34e,   0x10040, 0x351,   0x351,   0x352,   0x40042, 0x359,   0x10052,
    0x35c,   0x35d,   0x35e,   0x35e,   0x35f,   0x35f,   0x35f,   0x35f,
    0x360,   0x360,   0x360,   0x360,   0x360,   0x360,   0x360,   0x360,
    0x360,   0x360,   0x360,   0x360,   0x360,   0x360,   0x360,   0x360,
    0x361,   0x361,   0x40054, 0x40064, 0x37b,   0x37b,   0x37b,   0x37b,
    0x40074, 0x40084, 0x40094, 0x400a4, 0x400b4, 0x300c4, 0x300cc, 0x300d4,
    0x200dc, 0x200e0, 0x200e4, 0x200e8, 0x100ec, 0x3f2,   0x3f3,   0x3f4,
    0x3f5,   0x3f5,   0x3f5,   0x3f5,   0x3f5,   0x3f5,   0x3f5,   0x3f5,
    0x34f,   0x350,   0x353,   0x353,   0x354,   0x355,   0x356,   0x356,
    0x356,   0x356,   0x357,   0x357,   0x357,   0x357,   0x358,   0x358,
    0x358,   0x358,   0x35a,   0x35b,   0x362,   0x362,   0x362,   0x362,
    0x362,   0x362,   0x362,   0x362,   0x363,   0x364,   0x365,   0x366,
    0x367,   0x368,   0x369,   0x36a,   0x36b,   0x36c,   0x36d,   0x36e,
    0x36f,   0x370,   0x371,   0x372,   0x373,   0x374,   0x375,   0x376,
    0x377,   0x378,   0x379,   0x37a,   0x37c,   0x37d,   0x37e,   0x37f,
    0x380,   0x381,   0x382,   0x383,   0x384,   0x385,   0x386,   0x387,
    0x388,   0x389,   0x38a,   0x38b,   0x38c,   0x38d,   0x38e,   0x38f,
    0x390,   0x391,   0x392,   0x393,   0x394,   0x395,   0x396,   0x397,
    0x398,   0x399,   0x39a,   0x39b,   0x39c,   0x39d,   0x39e,   0x39f,
    0x3a0,   0x3a1,   0x3a2,   0x3a3,   0x3a4,   0x3a5,   0x3a6,   0x3a7,
    0x3a8,   0x3a9,   0x3aa,   0x3ab,   0x3ac,   0x3ad,   0x3ae,   0x3af,
    0x3b0,   0x3b1,   0x3b2,   0x3b3,   0x3b4,   0x3b5,   0x3b6,   0x3b7,
    0x3b8,   0x3b9,   0x3ba,   0x3bb,   0x3bc,   0x3bd,   0x3be,   0x3bf,
    0x3c0,   0x3c1,   0x3c2,   0x3c3,   0x3c4,   0x3c5,   0x3c6,   0x3c7,
    0x3c8,   0x3c8,   0x3c9,   0x3c9,   0x3ca,   0x3cb,   0x3cc,   0x3cd,
    0x3ce,   0x3cf,   0x3d0,   0x3d1,   0x3d2,   0x3d3,   0x3d4,   0x3d5,
    0x3d6,   0x3d7,   0x3d8,   0x3d9,   0x3da,   0x3db,   0x3dc,   0x3dd,
    0x3de,   0x3df,   0x3e0,   0x3e0,   0x3e1,   0x3e2,   0x3e3,   0x3e4,
    0x3e5,   0x3e6,   0x3e7,   0x3e8,   0x3e9,   0x3ea,   0x3eb,   0x3ec,
    0x3ed,   0x3ee,   0x3ef,   0x3ef,   0x3f0,   0x3f1,   0x3f8,   0x20040,
    0x3fc,   0x3fd,   0x3fe,   0x3fe,   0x3fe,   0x3fe,   0x3ff,   0x400,
    0x20044, 0x20048, 0x1004c, 0x40a,   0x40b,   0x40c,   0x40d,   0x40d,
    0x40d,   0x40d,   0x40e,   0x40e,   0x40e,   0x40e,   0x40f,   0x40f,
    0x40f,   0x40f,   0x410,   0x410,   0x410,   0x410,   0x4004e, 0x1005e,
    0x418,   0x419,   0x41a,   0x41a,   0x41b,   0x41b,   0x30060, 0x421,
    0x422,   0x422,   0x30068, 0x30070, 0x30078, 0x20080, 0x43d,   0x43e,
    0x43f,   0x43f,   0x440,   0x441,   0x20084, 0x10088, 0x447,   0x447,
    0x447,   0x447,   0x448,   0x448,   0x448,   0x448,   0x3f9,   0x3f9,
    0x3fa,   0x3fb,   0x401,   0x402,   0x403,   0x404,   0x405,   0x406,
    0x407,   0x407,   0x408,   0x409,   0x411,   0x411,   0x411,   0x411,
    0x412,   0x413,   0x414,   0x414,   0x415,   0x415,   0x415,   0x415,
    0x415,   0x415,   0x415,   0x415,   0x416,   0x417,   0x41c,   0x41c,
    0x41c,   0x41c,   0x41d,   0x41e,   0x41f,   0x420,   0x423,   0x424,
    0x425,   0x426,   0x427,   0x428,   0x429,   0x42a,   0x42b,   0x42c,
    0x42d,   0x42e,   0x42f,   0x430,   0x431,   0x432,   0x433,   0x434,
    0x435,   0x436,   0x437,   0x438,   0x439,   0x439,   0x43a,   0x43b,
    0x43c,   0x43c,   0x442,   0x443,   0x444,   0x444,   0x445,   0x446
};

const mv_item_t mv_tree1_items[] = {
    { {0,0}, 2 },       { {10,7}, 3 },      { {3,21}, 3 },      { {-29,-4}, 3 },    { {19,7}, 3 },      { {3,25}, 3 },      { {-16,14}, 3 },    { {3,-22}, 3 },
    { {-2,20}, 3 },     { {31,-5}, 3 },     { {25,3}, 3 },      { {7,10}, 3 },      { {7,13}, 3 },      { {-7,27}, 3 },     { {3,-17}, 3 },     { {19,2}, 2 },
    { {-1,-23}, 2 },    { {16,2}, 2 },      { {-30,1}, 2 },     { {-26,-1}, 2 },    { {2,17}, 2 },      { {-2,11}, 2 },     { {-4,10}, 2 },     { {1,19}, 2 },
    { {7,-5}, 1 },      { {1,10}, 1 },      { {5,-7}, 1 },      { {28,2}, 2 },      { {6,28}, 3 },      { {-23,6}, 3 },     { {6,1}, 5 },       { {19,0}, 1 },
    { {-2,-10}, 1 },    { {1,-9}, 6 },      { {0,-8}, 5 },      { {0,-6}, 4 },      { {0,-3}, 2 },      { {8,-3}, 2 },      { {-5,-9}, 2 },     { {14,-3}, 2 },
    { {-1,-18}, 2 },    { {-23,-2}, 2 },    { {3,13}, 2 },      { {-3,17}, 2 },     { {-1,-21}, 2 },    { {15,0}, 1 },      { {0,16}, 1 },      { {7,3}, 6 },
    { {5,-1}, 4 },      { {-7,2}, 6 },      { {-2,-7}, 6 },     { {-8,-2}, 6 },     { {3,-7}, 6 },      { {29,0}, 4 },      { {7,-8}, 2 },      { {-16,-8}, 3 },
    { {4,-9}, 3 },      { {18,0}, 1 },      { {0,13}, 1 },      { {-13,1}, 1 },     { {27,1}, 6 },      { {-3,-7}, 6 },     { {-2,4}, 5 },      { {31,1}, 1 },
    { {13,7}, 3 },      { {-1,-20}, 3 },    { {28,-3}, 3 },     { {-18,-8}, 3 },    { {2,-32}, 3 },     { {10,-12}, 3 },    { {-8,-16}, 3 },    { {-32,-4}, 3 },
    { {5,11}, 3 },      { {-14,3}, 3 },     { {29,-4}, 3 },     { {25,-31}, 3 },    { {-2,-2}, 3 },     { {-1,1}, 6 },      { {-1,3}, 3 },      { {-6,0}, 4 },
    { {5,17}, 3 },      { {-4,-28}, 3 },    { {21,-11}, 3 },    { {-12,10}, 3 },    { {14,7}, 3 },      { {-18,-3}, 3 },    { {15,-29}, 3 },    { {6,12}, 3 },
    { {6,-11}, 3 },     { {6,21}, 3 },      { {-23,23}, 3 },    { {2,-21}, 3 },     { {7,-27}, 3 },     { {11,-29}, 3 },    { {-15,7}, 3 },     { {7,21}, 3 },
    { {27,-4}, 3 },     { {-27,-7}, 3 },    { {-5,-13}, 3 },    { {-32,2}, 3 },     { {23,-1}, 2 },     { {14,-4}, 2 },     { {-13,3}, 2 },     { {5,9}, 2 },
    { {30,-2}, 2 },     { {2,12}, 2 },      { {-2,-14}, 2 },    { {-16,-3}, 2 },    { {-13,2}, 2 },     { {17,3}, 2 },      { {-2,9}, 1 },      { {-7,-5}, 1 },
    { {11,0}, 5 },      { {-28,0}, 5 },     { {2,-7}, 6 },      { {-5,-7}, 1 },     { {1,-13}, 1 },     { {0,9}, 5 },       { {-7,-3}, 6 },     { {30,-1}, 1 },
    { {-8,3}, 1 },      { {0,6}, 4 },       { {-2,0}, 1 },      { {2,1}, 2 },       { {2,-3}, 4 },      { {9,4}, 2 },       { {-20,-4}, 3 },    { {-5,-11}, 3 },
    { {9,-7}, 2 },      { {7,-6}, 2 },      { {-2,-8}, 6 },     { {5,-11}, 2 },     { {-18,-1}, 2 },    { {-27,-2}, 2 },    { {-19,2}, 2 },     { {3,-13}, 2 },
    { {23,2}, 2 },      { {-2,12}, 2 },     { {8,4}, 2 },       { {8,6}, 2 },       { {10,-7}, 2 },     { {-1,-13}, 1 },    { {-5,4}, 1 },      { {-2,10}, 1 },
    { {5,-5}, 1 },      { {-1,-15}, 1 },    { {-11,1}, 6 },     { {13,-1}, 1 },     { {0,12}, 1 },      { {7,-4}, 1 },      { {-12,1}, 1 },     { {14,1}, 1 },
    { {15,-1}, 1 },     { {3,-9}, 1 },      { {-13,-1}, 1 },    { {1,-2}, 2 },      { {-4,0}, 3 },      { {4,0}, 3 },       { {1,0}, 5 },       { {2,8}, 1 },
    { {-24,-1}, 2 },    { {-12,-4}, 2 },    { {3,7}, 6 },       { {11,1}, 6 },      { {-7,-9}, 2 },     { {13,5}, 2 },      { {3,-29}, 2 },     { {1,23}, 2 },
    { {3,-3}, 4 },      { {4,9}, 2 },       { {22,-2}, 2 },     { {6,-10}, 2 },     { {-5,9}, 2 },      { {5,-8}, 2 },      { {30,1}, 2 },      { {8,-6}, 2 },
    { {-17,3}, 2 },     { {27,3}, 2 },      { {17,-2}, 2 },     { {-31,1}, 1 },     { {8,1}, 6 },       { {0,-32}, 6 },     { {-3,5}, 6 },      { {0,-30}, 5 },
    { {-29,0}, 4 },     { {10,0}, 5 },      { {17,-1}, 1 },     { {-11,2}, 1 },     { {-11,-2}, 1 },    { {-18,0}, 1 },     { {-27,-1}, 6 },    { {-4,4}, 6 },
    { {-1,-11}, 6 },    { {19,1}, 1 },      { {-1,23}, 2 },     { {-3,19}, 2 },     { {-1,6}, 5 },      { {30,0}, 6 },      { {2,15}, 2 },      { {2,16}, 2 },
    { {7,6}, 2 },       { {-8,-8}, 2 },     { {0,-2}, 1 },      { {-3,0}, 2 },      { {-2,2}, 3 },      { {3,2}, 4 },       { {-3,-17}, 2 },    { {-7,-11}, 2 },
    { {-6,4}, 1 },      { {1,29}, 6 },      { {-1,-6}, 5 },     { {0,2}, 1 },       { {-2,1}, 2 },      { {-5,-1}, 4 },     { {-9,3}, 1 },      { {-3,18}, 2 },
    { {-11,-7}, 2 },    { {-1,15}, 1 },     { {4,5}, 1 },       { {3,9}, 1 },       { {26,-1}, 1 },     { {-3,-9}, 1 },     { {-3,9}, 1 },      { {-11,-3}, 1 },
    { {-12,-2}, 1 },    { {1,-8}, 6 },      { {0,-10}, 5 },     { {10,3}, 1 },      { {-3,14}, 2 },     { {-22,-2}, 2 },    { {29,-3}, 2 },     { {1,-22}, 2 },
    { {17,2}, 2 },      { {3,10}, 2 },      { {2,13}, 2 },      { {-29,-3}, 2 },    { {6,10}, 2 },      { {7,-10}, 2 },     { {-3,-29}, 2 },    { {-25,1}, 2 },
    { {9,-5}, 2 },      { {-31,2}, 2 },     { {-2,-1}, 2 },     { {-19,0}, 1 },     { {-4,-7}, 1 },     { {-20,0}, 1 },     { {8,-4}, 1 },      { {-7,3}, 6 },
    { {-1,29}, 6 },     { {-4,-1}, 4 },     { {-3,2}, 4 },      { {2,3}, 4 },       { {-4,1}, 4 },      { {-6,1}, 5 },      { {3,-31}, 2 },     { {-28,2}, 2 },
    { {-1,26}, 1 },     { {1,-30}, 1 },     { {7,5}, 1 },       { {-11,-1}, 6 },    { {28,1}, 1 },      { {-9,-4}, 2 },     { {-17,2}, 2 },     { {6,-2}, 5 },
    { {5,1}, 4 },       { {2,2}, 3 },       { {-1,-4}, 4 },     { {-9,4}, 2 },      { {-21,3}, 2 },     { {5,-9}, 2 },      { {-4,-9}, 2 },     { {3,-19}, 2 },
    { {-2,26}, 2 },     { {-2,-29}, 2 },    { {-8,-6}, 2 },     { {-31,31}, 2 },    { {11,-7}, 2 },     { {24,-1}, 2 },     { {-24,2}, 2 },     { {0,-18}, 1 },
    { {12,1}, 1 },      { {0,3}, 2 },       { {-6,-1}, 5 },     { {-1,-27}, 6 },    { {1,17}, 1 },      { {-1,-12}, 1 },    { {4,1}, 4 },       { {0,-31}, 4 },
    { {-5,1}, 4 },      { {-1,2}, 2 },      { {-1,-2}, 2 },     { {-4,7}, 1 },      { {5,4}, 1 },       { {11,-1}, 6 },     { {-1,27}, 6 },     { {2,7}, 6 },
    { {-1,-5}, 4 },     { {2,29}, 2 },      { {10,6}, 2 },      { {-8,7}, 2 },      { {13,-7}, 2 },     { {-2,29}, 2 },     { {-12,-3}, 2 },    { {-9,5}, 2 },
    { {-24,-2}, 2 },    { {6,9}, 2 },       { {-10,-6}, 2 },    { {1,16}, 2 },      { {-15,-4}, 2 },    { {20,1}, 2 },      { {2,18}, 2 },      { {-3,-11}, 1 },
    { {0,-23}, 1 },     { {-2,-9}, 1 },     { {17,1}, 1 },      { {11,3}, 1 },      { {-4,-8}, 1 },     { {7,7}, 1 },       { {1,-11}, 6 },     { {1,2}, 2 },
    { {0,-4}, 3 },      { {-2,-3}, 4 },     { {-7,5}, 1 },      { {0,-21}, 1 },     { {16,1}, 1 },      { {-30,-2}, 1 },    { {-17,-1}, 1 },    { {-12,-1}, 1 },
    { {-10,3}, 2 },     { {21,-2}, 2 },     { {11,5}, 2 },      { {12,-3}, 2 },     { {-3,-2}, 4 },     { {-31,-3}, 2 },    { {-5,8}, 2 },      { {-1,-26}, 2 },
    { {9,7}, 2 },       { {11,-4}, 2 },     { {9,-4}, 2 },      { {-2,-13}, 2 },    { {-1,-24}, 2 },    { {4,-10}, 2 },     { {-2,13}, 2 },     { {-7,-4}, 1 },
    { {-1,19}, 1 },     { {-4,8}, 1 },      { {0,-7}, 3 },      { {-11,3}, 1 },     { {-8,-3}, 1 },     { {-7,-7}, 1 },     { {-17,1}, 1 },     { {-12,0}, 6 },
    { {8,-2}, 6 },      { {7,2}, 6 },       { {-1,14}, 1 },     { {-15,3}, 1 },     { {-10,0}, 5 },     { {7,-1}, 4 },      { {1,-4}, 4 },      { {-3,-3}, 4 },
    { {-11,0}, 5 },     { {5,5}, 1 },       { {11,-2}, 1 },     { {-14,-2}, 1 },    { {0,-24}, 1 },     { {5,0}, 3 },       { {-1,0}, 4 },      { {-1,-10}, 6 },
    { {-1,8}, 6 },      { {25,0}, 6 },      { {6,-3}, 6 },      { {1,5}, 4 },       { {3,3}, 4 },       { {1,31}, 1 },      { {-27,2}, 2 },     { {23,3}, 2 },
    { {-1,-22}, 2 },    { {1,26}, 2 },      { {-2,-15}, 2 },    { {8,5}, 2 },       { {-9,7}, 2 },      { {-17,-2}, 2 },    { {-3,-14}, 2 },    { {2,22}, 2 },
    { {2,-18}, 2 },     { {27,-3}, 2 },     { {2,-16}, 2 },     { {-2,27}, 2 },     { {-21,-2}, 2 },    { {-19,3}, 2 },     { {6,-9}, 2 },      { {-27,3}, 2 },
    { {-8,-4}, 1 },     { {1,-17}, 1 },     { {5,-2}, 5 },      { {-7,-1}, 4 },     { {4,8}, 1 },       { {-19,1}, 1 },     { {1,13}, 1 },      { {-1,17}, 1 },
    { {0,-16}, 6 },     { {10,-1}, 6 },     { {-7,1}, 4 },      { {0,4}, 3 },       { {7,-7}, 1 },      { {-21,0}, 1 },     { {1,-27}, 6 },     { {29,-1}, 5 },
    { {31,0}, 5 },      { {-1,-28}, 1 },    { {-32,-2}, 2 },    { {-2,15}, 2 },     { {0,30}, 6 },      { {5,-3}, 5 },      { {-1,-30}, 6 },    { {10,4}, 2 },
    { {-27,-3}, 2 },    { {-2,23}, 2 },     { {-3,-12}, 2 },    { {-3,3}, 4 },      { {2,-20}, 2 },     { {-22,-1}, 2 },    { {12,3}, 2 },      { {-2,-18}, 2 },
    { {31,-3}, 2 },     { {3,-14}, 2 },     { {-20,2}, 2 },     { {-29,2}, 2 },     { {1,15}, 1 },      { {0,19}, 1 },      { {7,4}, 1 },       { {5,7}, 1 },
    { {0,21}, 1 },      { {0,-22}, 1 },     { {-3,-8}, 1 },     { {-15,-3}, 1 },    { {0,-12}, 6 },     { {-3,7}, 6 },      { {1,-5}, 4 },      { {-1,4}, 4 },
    { {0,-5}, 3 },      { {-1,-29}, 5 },    { {-2,7}, 6 },      { {12,0}, 6 },      { {-1,5}, 4 },      { {-27,1}, 6 },     { {12,-2}, 1 },     { {14,-1}, 1 },
    { {0,8}, 5 },       { {4,-7}, 1 },      { {3,8}, 1 },       { {-6,6}, 1 },      { {5,6}, 1 },       { {1,6}, 5 },       { {-7,0}, 3 },      { {-30,0}, 5 },
    { {26,1}, 1 },      { {-6,-8}, 2 },     { {-17,-3}, 2 },    { {-1,-31}, 6 },    { {-1,-7}, 4 },     { {-15,-6}, 2 },    { {-7,-10}, 2 },    { {2,-30}, 2 },
    { {11,-5}, 2 },     { {7,-9}, 2 },      { {2,-24}, 2 },     { {24,-2}, 2 },     { {-3,23}, 2 },     { {-9,6}, 2 },      { {-2,28}, 2 },     { {-20,-1}, 2 },
    { {-2,-28}, 2 },    { {-22,2}, 2 },     { {3,17}, 2 },      { {-23,2}, 2 },     { {-8,-5}, 2 },     { {26,2}, 2 },      { {-22,1}, 2 },     { {-20,-2}, 2 },
    { {22,-1}, 2 },     { {0,24}, 1 },      { {2,-9}, 1 },      { {6,-5}, 1 },      { {-24,0}, 1 },     { {-10,-1}, 6 },    { {2,-8}, 6 },      { {4,4}, 6 },
    { {-15,0}, 6 },     { {6,4}, 6 },       { {1,-7}, 4 },      { {0,1}, 5 },       { {0,-1}, 4 },      { {26,0}, 6 },      { {6,-4}, 6 },      { {6,5}, 1 },
    { {6,-6}, 1 },      { {-10,-3}, 1 },    { {-3,11}, 1 },     { {0,29}, 4 },      { {-7,4}, 1 },      { {-16,1}, 1 },     { {3,-8}, 1 },      { {0,23}, 1 },
    { {3,11}, 1 },      { {1,-23}, 1 },     { {11,-3}, 1 },     { {-14,2}, 1 },     { {14,2}, 1 },      { {6,-8}, 1 },      { {3,-6}, 6 },      { {0,-26}, 6 },
    { {28,-1}, 6 },     { {-31,0}, 5 },     { {-9,1}, 5 },      { {-2,3}, 4 },      { {-5,0}, 3 },      { {1,-6}, 5 },      { {9,-1}, 5 },      { {3,6}, 6 },
    { {1,22}, 2 },      { {5,10}, 2 },      { {-12,3}, 2 },     { {9,6}, 2 },       { {3,14}, 2 },      { {-3,12}, 2 },     { {-14,-6}, 2 },    { {29,-5}, 2 },
    { {-2,-23}, 2 },    { {8,7}, 2 },       { {-8,-7}, 2 },     { {7,-11}, 2 },     { {7,0}, 3 },       { {21,-3}, 2 },     { {30,-4}, 2 },     { {-6,10}, 2 },
    { {-3,-19}, 2 },    { {1,-32}, 2 },     { {2,-27}, 2 },     { {21,2}, 2 },      { {17,5}, 2 },      { {-11,-4}, 2 },    { {-5,-8}, 2 },     { {-21,-3}, 2 },
    { {31,31}, 2 },     { {18,1}, 1 },      { {1,-14}, 1 },     { {-14,1}, 1 },     { {21,1}, 1 },      { {28,-2}, 1 },     { {-19,-1}, 1 },    { {0,18}, 1 },
    { {4,-8}, 1 },      { {-8,2}, 6 },      { {-5,2}, 5 },      { {0,26}, 6 },      { {6,3}, 6 },       { {3,-4}, 5 },      { {-16,0}, 6 },     { {1,28}, 1 },
    { {19,-2}, 1 },     { {0,-28}, 4 },     { {4,7}, 1 },       { {11,2}, 1 },      { {13,-2}, 1 },     { {-5,7}, 1 },      { {13,1}, 6 },      { {10,1}, 6 },
    { {-2,6}, 5 },      { {0,-15}, 6 },     { {-1,11}, 6 },     { {-12,-6}, 2 },    { {-6,-10}, 2 },    { {-9,-5}, 2 },     { {-25,-3}, 2 },    { {-19,-7}, 2 },
    { {-26,1}, 2 },     { {15,-7}, 2 },     { {-3,29}, 2 },     { {-2,-32}, 2 },    { {-23,3}, 2 },     { {19,-7}, 2 },     { {-10,4}, 2 },     { {2,-17}, 2 },
    { {-11,-5}, 2 },    { {-7,8}, 2 },      { {1,21}, 2 },      { {0,5}, 3 },       { {24,1}, 2 },      { {25,-29}, 2 },    { {-2,-22}, 2 },    { {6,-16}, 2 },
    { {19,5}, 2 },      { {19,6}, 2 },      { {6,-14}, 2 },     { {31,-2}, 2 },     { {-4,14}, 2 },     { {8,-5}, 2 },      { {3,-23}, 2 },     { {1,-26}, 2 },
    { {10,-4}, 1 },     { {-3,-10}, 1 },    { {-8,6}, 1 },      { {-2,-30}, 1 },    { {-7,-6}, 1 },     { {-1,31}, 1 },     { {20,0}, 1 },      { {-1,25}, 1 },
    { {-3,-6}, 6 },     { {3,-1}, 2 },      { {0,-27}, 4 },     { {9,0}, 4 },       { {3,-11}, 1 },     { {6,7}, 1 },       { {-28,-1}, 6 },    { {-2,8}, 6 },
    { {-15,-1}, 6 },    { {-23,1}, 1 },     { {-10,-4}, 1 },    { {2,-14}, 1 },     { {-28,-2}, 1 },    { {-15,2}, 1 },     { {-4,-10}, 1 },    { {23,1}, 1 },
    { {10,-3}, 1 },     { {8,2}, 6 },       { {14,0}, 6 },      { {6,2}, 5 },       { {16,0}, 6 },      { {31,-1}, 6 },     { {-9,-1}, 5 },     { {7,1}, 4 },
    { {1,-29}, 5 },     { {-29,-1}, 5 },    { {-14,-3}, 2 },    { {1,30}, 2 },      { {1,-24}, 2 },     { {-8,10}, 2 },     { {26,-4}, 2 },     { {26,-3}, 2 },
    { {2,-29}, 2 },     { {17,-7}, 2 },     { {-3,-16}, 2 },    { {11,-6}, 2 },     { {-28,-3}, 2 },    { {-31,3}, 2 },     { {-28,-4}, 2 },    { {10,-5}, 2 },
    { {3,19}, 2 },      { {3,29}, 2 },      { {-2,16}, 2 },     { {-15,5}, 2 },     { {-27,-23}, 2 },   { {24,2}, 2 },      { {-7,9}, 1 },      { {-15,-2}, 1 },
    { {-12,2}, 1 },     { {15,3}, 1 },      { {2,-11}, 1 },     { {1,-19}, 1 },     { {-16,2}, 1 },     { {8,3}, 1 },       { {0,-13}, 6 },     { {-4,3}, 5 },
    { {1,4}, 4 },       { {4,-2}, 4 },      { {-7,7}, 1 },      { {-16,-2}, 1 },    { {10,-2}, 6 },     { {-13,0}, 6 },     { {-2,14}, 1 },     { {21,0}, 1 },
    { {0,-9}, 4 },      { {-3,10}, 1 },     { {-22,0}, 1 },     { {-21,-1}, 1 },    { {-18,1}, 1 },     { {2,6}, 5 },       { {0,7}, 3 },       { {9,-3}, 6 },
    { {-6,-6}, 1 },     { {29,-25}, 2 },    { {-7,17}, 2 },     { {-10,1}, 6 },     { {-4,6}, 6 },      { {4,6}, 6 },       { {13,0}, 6 },      { {2,-5}, 5 },
    { {-4,-2}, 4 },     { {2,-4}, 4 },      { {1,27}, 6 },      { {5,13}, 2 },      { {4,-12}, 2 },     { {23,-3}, 2 },     { {-4,-11}, 2 },    { {3,-27}, 2 },
    { {-3,-27}, 2 },    { {18,-3}, 2 },     { {16,-4}, 2 },     { {20,2}, 2 },      { {-30,-3}, 2 },    { {10,-8}, 2 },     { {2,-22}, 2 },     { {8,-8}, 2 },
    { {14,3}, 2 },      { {14,4}, 2 },      { {11,6}, 2 },      { {1,-21}, 1 },     { {-28,1}, 1 },     { {1,8}, 6 },       { {0,-14}, 6 },     { {4,2}, 4 },
    { {-5,3}, 5 },      { {3,-10}, 1 },     { {3,23}, 2 },      { {-3,-21}, 2 },    { {-3,6}, 6 },      { {9,1}, 5 },       { {-3,-4}, 5 },     { {-25,0}, 6 },
    { {12,-1}, 1 },     { {-6,-7}, 1 },     { {7,-3}, 5 },      { {0,-29}, 3 },     { {-16,-1}, 1 },    { {-1,21}, 1 },     { {-6,-5}, 1 },     { {2,11}, 1 },
    { {6,-7}, 1 },      { {-3,8}, 1 },      { {9,3}, 6 },       { {3,-5}, 5 },      { {4,-3}, 5 },      { {6,-1}, 4 },      { {-3,-5}, 5 },     { {0,11}, 5 },
    { {-5,-3}, 5 },     { {-2,5}, 5 },      { {-8,0}, 4 },      { {-128,-128}, 4 }, { {0,31}, 5 },      { {-8,-1}, 5 },     { {10,2}, 6 },      { {16,4}, 2 },
    { {-12,6}, 2 },     { {-3,21}, 2 },     { {-1,22}, 2 },     { {29,1}, 5 },      { {9,-6}, 2 },      { {-25,-2}, 2 },    { {-2,17}, 2 },     { {3,-12}, 2 },
    { {-13,-5}, 2 },    { {-18,-2}, 2 },    { {-11,7}, 2 },     { {-24,1}, 2 },     { {7,9}, 2 },       { {7,17}, 2 },      { {8,-10}, 2 },     { {14,6}, 2 },
    { {23,6}, 2 },      { {2,-28}, 2 },     { {-26,-2}, 2 },    { {-2,-24}, 2 },    { {2,-23}, 2 },     { {5,-29}, 2 },     { {-7,-8}, 2 },     { {5,-10}, 2 },
    { {1,18}, 2 },      { {-10,5}, 2 },     { {12,4}, 2 },      { {20,-1}, 2 },     { {-15,-5}, 2 },    { {3,-30}, 2 },     { {-1,18}, 1 },     { {-2,-11}, 1 },
    { {-8,4}, 1 },      { {3,1}, 2 },       { {-10,6}, 1 },     { {29,-2}, 1 },     { {0,-20}, 1 },     { {-23,-1}, 1 },    { {13,2}, 1 },      { {2,-12}, 1 },
    { {-1,-17}, 1 },    { {-13,-3}, 1 },    { {-23,0}, 1 },     { {-1,30}, 1 },     { {-14,0}, 6 },     { {1,-15}, 6 },     { {1,-31}, 6 },     { {5,2}, 5 },
    { {0,-17}, 6 },     { {-10,-2}, 6 },    { {-6,-2}, 5 },     { {27,-1}, 5 },     { {-3,-23}, 2 },    { {4,10}, 2 },      { {14,-2}, 1 },     { {-1,-19}, 1 },
    { {3,-15}, 1 },     { {22,0}, 1 },      { {-3,-13}, 1 },    { {25,-1}, 1 },     { {-2,-12}, 1 },    { {18,-1}, 1 },     { {-29,-2}, 1 },    { {-1,-25}, 1 },
    { {31,-31}, 1 },    { {2,-15}, 1 },     { {15,2}, 1 },      { {9,5}, 1 },       { {3,31}, 2 },      { {8,-7}, 2 },      { {-7,-2}, 5 },     { {5,-4}, 6 },
    { {-31,-1}, 6 },    { {-6,-4}, 6 },     { {-10,2}, 6 },     { {3,5}, 5 },       { {2,0}, 6 },       { {28,0}, 4 },      { {-5,-2}, 5 },     { {5,-13}, 2 },
    { {-4,12}, 2 },     { {-2,-31}, 2 },    { {18,-4}, 2 },     { {-18,-4}, 2 },    { {-4,16}, 2 },     { {23,-2}, 2 },     { {-26,2}, 2 },     { {-9,9}, 2 },
    { {-13,9}, 2 },     { {-18,6}, 2 },     { {-2,-20}, 2 },    { {-29,-5}, 2 },    { {-2,-17}, 2 },    { {-4,-32}, 2 },    { {-4,-16}, 2 },    { {29,2}, 2 },
    { {29,3}, 2 },      { {15,6}, 2 },      { {13,-4}, 2 },     { {16,-3}, 2 },     { {8,8}, 2 },       { {8,10}, 2 },      { {2,19}, 2 },      { {2,20}, 2 },
    { {-7,13}, 2 },     { {-2,22}, 2 },     { {-3,27}, 2 },     { {3,27}, 2 },      { {-28,10}, 2 },    { {19,-1}, 1 },     { {-14,-1}, 1 },    { {-1,12}, 1 },
    { {-18,2}, 1 },     { {5,-6}, 1 },      { {4,3}, 5 },       { {5,3}, 5 },       { {-2,-6}, 5 },     { {-1,9}, 5 },      { {-1,7}, 4 },      { {-9,0}, 4 },
    { {-9,-3}, 6 },     { {6,8}, 1 },       { {-1,-16}, 1 },    { {-8,5}, 1 },      { {0,20}, 1 },      { {-1,16}, 1 },     { {18,-2}, 1 },     { {-4,2}, 4 },
    { {0,-11}, 4 },     { {1,-12}, 1 },     { {-1,-14}, 1 },    { {17,0}, 6 },      { {2,5}, 5 },       { {1,-3}, 2 },      { {-1,-3}, 2 },     { {8,-1}, 5 },
    { {-29,1}, 5 },     { {-4,-5}, 6 },     { {-6,3}, 6 },      { {-4,-4}, 5 },     { {1,7}, 4 },       { {2,-6}, 5 },      { {-6,12}, 2 },     { {21,5}, 2 },
    { {18,-6}, 2 },     { {-6,14}, 2 },     { {9,-8}, 2 },      { {-5,-17}, 2 },    { {27,7}, 2 },      { {-5,-10}, 2 },    { {-3,-1}, 2 },     { {6,14}, 2 },
    { {7,-13}, 2 },     { {-29,3}, 2 },     { {18,6}, 2 },      { {11,-15}, 2 },    { {15,5}, 2 },      { {-9,-9}, 2 },     { {1,20}, 2 },      { {23,23}, 2 },
    { {3,18}, 2 },      { {-11,5}, 2 },     { {-9,-6}, 2 },     { {3,-21}, 2 },     { {29,5}, 2 },      { {1,-20}, 2 },     { {14,-8}, 2 },     { {20,-2}, 2 },
    { {3,-16}, 2 },     { {2,-19}, 2 },     { {-8,-10}, 2 },    { {-2,-19}, 2 },    { {11,4}, 2 },      { {-16,3}, 2 },     { {5,8}, 2 },       { {-11,9}, 2 },
    { {-30,2}, 2 },     { {22,1}, 1 },      { {-5,6}, 1 },      { {-23,-3}, 1 },    { {1,-25}, 1 },     { {-9,-7}, 1 },     { {-13,-2}, 1 },    { {0,22}, 1 },
    { {-3,13}, 1 },     { {-3,15}, 1 },     { {1,14}, 1 },      { {-4,9}, 1 },      { {-5,-5}, 6 },     { {0,17}, 6 },      { {7,-2}, 5 },      { {1,-1}, 5 },
    { {27,0}, 4 },      { {0,10}, 5 },      { {1,-10}, 6 },     { {15,-3}, 1 },     { {17,-3}, 1 },     { {0,27}, 4 },      { {8,0}, 4 },       { {-1,-8}, 5 },
    { {-5,5}, 6 },      { {-9,2}, 6 },      { {-4,5}, 6 },      { {4,-6}, 6 },      { {0,-25}, 5 },     { {6,0}, 3 },       { {-3,1}, 2 },      { {-17,0}, 6 },
    { {-2,-16}, 1 },    { {15,-2}, 1 },     { {1,-18}, 1 },     { {-5,-6}, 1 },     { {-7,6}, 1 },      { {22,2}, 1 },      { {12,2}, 1 },      { {13,-3}, 1 },
    { {18,2}, 1 },      { {26,-2}, 1 },     { {19,-3}, 1 },     { {16,-2}, 1 },     { {1,25}, 1 },      { {27,-2}, 1 },     { {-26,0}, 6 },     { {2,-10}, 6 },
    { {-5,-4}, 6 },     { {-1,13}, 6 },     { {-2,-5}, 5 },     { {-8,1}, 5 },      { {-6,-3}, 6 },     { {1,-28}, 1 },     { {-8,9}, 2 },      { {13,-6}, 2 },
    { {-9,-2}, 6 },     { {-30,-1}, 6 },    { {-4,-3}, 5 },     { {3,4}, 5 },       { {-2,-4}, 4 },     { {2,21}, 2 },      { {-2,19}, 2 },     { {23,-27}, 2 },
    { {23,-11}, 2 },    { {-31,-2}, 2 },    { {-3,-30}, 2 },    { {-3,31}, 2 },     { {-6,9}, 2 },      { {-4,-12}, 2 },    { {-7,-31}, 2 },    { {-1,24}, 2 },
    { {4,-11}, 2 },     { {-10,-8}, 2 },    { {-15,-7}, 2 },    { {-2,-27}, 2 },    { {20,-4}, 2 },     { {-30,3}, 2 },     { {12,-6}, 2 },     { {12,-4}, 2 },
    { {25,-2}, 2 },     { {-6,-14}, 2 },    { {30,-3}, 2 },     { {9,-9}, 2 },      { {7,8}, 2 },       { {25,2}, 2 },      { {-6,-12}, 2 },    { {14,10}, 2 },
    { {17,7}, 2 },      { {-21,2}, 2 },     { {-16,-4}, 2 },    { {-13,29}, 2 },    { {-27,6}, 2 },     { {2,14}, 1 },      { {25,1}, 1 },      { {-19,-3}, 1 },
    { {-6,7}, 1 },      { {1,12}, 1 },      { {-19,-2}, 1 },    { {16,-1}, 1 },     { {-2,18}, 1 },     { {-21,1}, 1 },     { {-25,-1}, 1 },    { {24,0}, 1 },
    { {2,-13}, 1 },     { {1,11}, 6 },      { {0,14}, 6 },      { {2,9}, 6 },       { {9,-2}, 6 },      { {4,-4}, 5 },      { {2,-1}, 1 },      { {1,1}, 5 },
    { {1,3}, 2 },       { {-6,2}, 5 },      { {-4,-6}, 6 },     { {0,-19}, 6 },     { {9,2}, 6 },       { {-32,0}, 6 },     { {0,25}, 5 },      { {3,-2}, 3 },
    { {3,0}, 1 },       { {23,0}, 1 },      { {-6,8}, 1 },      { {-32,-1}, 1 },    { {-6,5}, 1 },      { {3,15}, 1 },      { {-31,-31}, 1 },   { {19,3}, 1 },
    { {1,-16}, 1 },     { {21,-1}, 1 },     { {-1,-32}, 1 },    { {13,3}, 1 },      { {-20,1}, 1 },     { {-3,-31}, 1 },    { {-3,-15}, 1 },    { {4,-5}, 6 },
    { {-27,0}, 4 },     { {6,6}, 6 },       { {27,-5}, 2 },     { {6,30}, 2 },      { {7,-23}, 2 },     { {26,4}, 2 },      { {2,10}, 6 },      { {-1,10}, 6 },
    { {4,-1}, 3 },      { {15,1}, 6 },      { {0,15}, 6 },      { {-15,1}, 6 },     { {-1,28}, 6 },     { {-1,-9}, 5 },     { {1,9}, 5 },       { {2,-2}, 2 },
    { {2,4}, 4 },       { {0,28}, 4 },      { {-3,4}, 5 },      { {6,-15}, 2 },     { {-7,-23}, 2 },    { {17,17}, 2 },     { {18,-8}, 2 },     { {-10,-7}, 2 },
    { {-4,22}, 2 },     { {27,2}, 2 },      { {-23,7}, 2 },     { {27,5}, 2 },      { {-25,-29}, 2 },   { {-4,-31}, 2 },    { {23,-7}, 2 },     { {-15,6}, 2 },
    { {-28,6}, 2 },     { {3,12}, 2 },      { {18,3}, 2 },      { {-11,4}, 2 },     { {-3,-20}, 2 },    { {12,28}, 2 },     { {15,4}, 2 },      { {-14,6}, 2 },
    { {-8,8}, 2 },      { {-13,-7}, 2 },    { {-7,11}, 2 },     { {-1,-1}, 4 }
};

const int mv_tree1_indices[] = {
    0x0,     0x0,     0x0,     0x0,     0x0,     0x0,     0x0,     0x0,
    0x0,     0x0,     0x0,     0x0,     0x0,     0x0,     0x0,     0x0,
    0x60040, 0x4d,    0x600c8, 0x6012e, 0x9e,    0x9e,    0x6018e, 0x601ee,
    0x60232, 0x60292, 0x602ec, 0x60344, 0x16e,   0x16e,   0x16e,   0x16e,
    0x603a6, 0x6041a, 0x1eb,   0x1eb,   0x1ec,   0x1ec,   0x1ec,   0x1ec,
    0x6047c, 0x604ec, 0x6055e, 0x605c6, 0x2e3,   0x2e3,   0x2e3,   0x2e3,
    0x60624, 0x334,   0x606a4, 0x60710, 0x3a7,   0x3a7,   0x6077e, 0x607ce,
    0x407,   0x407,   0x6083e, 0x6087e, 0x44b,   0x44b,   0x44b,   0x44b,
    0x30040, 0x30048, 0x20050, 0x20054, 0x10058, 0x3005a, 0x1e,    0x1e,
    0x10062, 0x21,    0x22,    0x22,    0x23,    0x23,    0x23,    0x23,
    0x24,    0x24,    0x24,    0x24,    0x24,    0x24,    0x24,    0x24,
    0x24,    0x24,    0x24,    0x24,    0x24,    0x24,    0x24,    0x24,
    0x20064, 0x20068, 0x1006c, 0x2f,    0x30,    0x30,    0x30,    0x30,
    0x31,    0x32,    0x33,    0x34,    0x35,    0x35,    0x35,    0x35,
    0x3006e, 0x10076, 0x3c,    0x3d,    0x3e,    0x3e,    0x30078, 0x30080,
    0x4c,    0x4c,    0x4c,    0x4c,    0x4c,    0x4c,    0x4c,    0x4c,
    0x1,     0x2,     0x3,     0x4,     0x5,     0x6,     0x7,     0x8,
    0x9,     0xa,     0xb,     0xc,     0xd,     0xe,     0xf,     0xf,
    0x10,    0x11,    0x12,    0x13,    0x14,    0x15,    0x16,    0x17,
    0x18,    0x19,    0x1a,    0x1a,    0x1a,    0x1a,    0x1b,    0x1b,
    0x1c,    0x1d,    0x1f,    0x20,    0x25,    0x26,    0x27,    0x28,
    0x29,    0x2a,    0x2b,    0x2c,    0x2d,    0x2e,    0x36,    0x36,
    0x37,    0x38,    0x39,    0x39,    0x39,    0x39,    0x3a,    0x3b,
    0x3f,    0x3f,    0x3f,    0x3f,    0x40,    0x41,    0x42,    0x43,
    0x44,    0x45,    0x46,    0x47,    0x48,    0x49,    0x4a,    0x4b,
    0x4e,    0x4e,    0x4e,    0x4e,    0x4e,    0x4e,    0x4e,    0x4e,
    0x4f,    0x4f,    0x4f,    0x4f,    0x30040, 0x30048, 0x30050, 0x20058,
    0x2005c, 0x10060, 0x70,    0x70,    0x71,    0x71,    0x72,    0x10062,
    0x75,    0x75,    0x76,    0x10064, 0x79,    0x79,    0x79,    0x79,
    0x7a,    0x7a,    0x7a,    0x7a,    0x7a,    0x7a,    0x7a,    0x7a,
    0x7a,    0x7a,    0x7a,    0x7a,    0x7a,    0x7a,    0x7a,    0x7a,
    0x7a,    0x7a,    0x7a,    0x7a,    0x7a,    0x7a,    0x7a,    0x7a,
    0x7a,    0x7a,    0x7a,    0x7a,    0x7a,    0x7a,    0x7a,    0x7a,
    0x50,    0x51,    0x52,    0x53,    0x54,    0x55,    0x56,    0x57,
    0x58,    0x59,    0x5a,    0x5b,    0x5c,    0x5d,    0x5e,    0x5f,
    0x60,    0x61,    0x62,    0x63,    0x64,    0x64,    0x65,    0x65,
    0x66,    0x67,    0x68,    0x69,    0x6a,    0x6b,    0x6c,    0x6d,
    0x6e,    0x6f,    0x73,    0x74,    0x77,    0x78,    0x7b,    0x7b,
    0x7b,    0x7b,    0x7b,    0x7b,    0x7b,    0x7b,    0x7b,    0x7b,
    0x7b,    0x7b,    0x7b,    0x7b,    0x7b,    0x7b,    0x7c,    0x7c,
    0x7c,    0x7c,    0x30040, 0x82,    0x20048, 0x2004c, 0x20050, 0x10054,
    0x10056, 0x92,    0x10058, 0x1005a, 0x1005c, 0x1005e, 0x9b,    0x9b,
    0x9b,    0x9b,    0x9b,    0x9b,    0x9b,    0x9b,    0x9b,    0x9b,
    0x9b,    0x9b,    0x9b,    0x9b,    0x9b,    0x9b,    0x9c,    0x9c,
    0x9c,    0x9c,    0x9c,    0x9c,    0x9c,    0x9c,    0x9d,    0x9d,
    0x9d,    0x9d,    0x9d,    0x9d,    0x9d,    0x9d,    0x7d,    0x7d,
    0x7e,    0x7f,    0x80,    0x80,    0x81,    0x81,    0x83,    0x84,
    0x85,    0x86,    0x87,    0x88,    0x89,    0x8a,    0x8b,    0x8c,
    0x8d,    0x8d,    0x8e,    0x8f,    0x90,    0x91,    0x93,    0x94,
    0x95,    0x96,    0x97,    0x98,    0x99,    0x9a,    0x20040, 0xa2,
    0xa3,    0x20044, 0xa8,    0xa8,    0xa8,    0xa8,    0x20048, 0x2004c,
    0x20050, 0xb4,    0xb5,    0xb6,    0xb7,    0xb7,    0xb8,    0xb8,
    0xb8,    0xb8,    0xb9,    0xb9,    0x10054, 0x10056, 0xbe,    0xbf,
    0xc0,    0x20058, 0xc4,    0xc4,    0xc5,    0x2005c, 0xca,    0xca,
    0xca,    0xca,    0xca,    0xca,    0xca,    0xca,    0xca,    0xca,
    0xca,    0xca,    0xca,    0xca,    0xca,    0xca,    0xca,    0xca,
    0xca,    0xca,    0xca,    0xca,    0xca,    0xca,    0xca,    0xca,
    0xca,    0xca,    0xca,    0xca,    0xca,    0xca,    0x9f,    0x9f,
    0xa0,    0xa1,    0xa4,    0xa5,    0xa6,    0xa7,    0xa9,    0xaa,
    0xab,    0xac,    0xad,    0xae,    0xaf,    0xb0,    0xb1,    0xb2,
    0xb3,    0xb3,    0xba,    0xbb,    0xbc,    0xbd,    0xc1,    0xc1,
    0xc2,    0xc3,    0xc6,    0xc7,    0xc8,    0xc9,    0xcb,    0xcb,
    0xcb,    0xcb,    0xcb,    0xcb,    0xcb,    0xcb,    0xcb,    0xcb,
    0xcb,    0xcb,    0xcb,    0xcb,    0xcb,    0xcb,    0xcc,    0xcc,
    0xcc,    0xcc,    0xcc,    0xcc,    0xcc,    0xcc,    0xcd,    0xcd,
    0xcd,    0xcd,    0x20040, 0xd1,    0xd2,    0xd2,    0xd3,    0xd3,
    0xd3,    0xd3,    0xd3,    0xd3,    0xd3,    0xd3,    0xd3,    0xd3,
    0xd3,    0xd3,    0xd3,    0xd3,    0xd3,    0xd3,    0xd3,    0xd3,
    0xd3,    0xd3,    0xd3,    0xd3,    0xd3,    0xd3,    0xd3,    0xd3,
    0xd3,    0xd3,    0xd3,    0xd3,    0xd3,    0xd3,    0xce,    0xcf,
    0xd0,    0xd0,    0xd4,    0xd4,    0xd4,    0xd4,    0xd4,    0xd4,
    0xd4,    0xd4,    0xd4,    0xd4,    0xd4,    0xd4,    0xd4,    0xd4,
    0xd4,    0xd4,    0xd5,    0xd5,    0xd5,    0xd5,    0x20040, 0x10044,
    0x10046, 0x10048, 0x1004a, 0xe1,    0xe2,    0xe2,    0x2004c, 0x20050,
    0x20054, 0x20058, 0xf2,    0xf2,    0xf2,    0xf2,    0xf2,    0xf2,
    0xf2,    0xf2,    0xf2,    0xf2,    0xf2,    0xf2,    0xf2,    0xf2,
    0xf2,    0xf2,    0x1005c, 0x1005e, 0xf7,    0xf8,    0xf9,    0xf9,
    0xf9,    0xf9,    0xfa,    0xfa,    0xfa,    0xfa,    0xfb,    0xfb,
    0xfb,    0xfb,    0xd6,    0xd6,    0xd7,    0xd8,    0xd9,    0xda,
    0xdb,    0xdc,    0xdd,    0xde,    0xdf,    0xe0,    0xe3,    0xe3,
    0xe4,    0xe5,    0xe6,    0xe7,    0xe8,    0xe9,    0xea,    0xeb,
    0xec,    0xed,    0xee,    0xef,    0xf0,    0xf1,    0xf3,    0xf4,
    0xf5,    0xf6,    0xfc,    0xfc,    0xfc,    0xfc,    0xfd,    0xfd,
    0x20040, 0x10044, 0x103,   0x20046, 0x107,   0x107,   0x108,   0x108,
    0x108,   0x108,   0x109,   0x109,   0x109,   0x109,   0x109,   0x109,
    0x109,   0x109,   0x10a,   0x10a,   0x10a,   0x10a,   0x2004a, 0x2004e,
    0x20052, 0x10056, 0x119,   0x119,   0x119,   0x119,   0x119,   0x119,
    0x119,   0x119,   0x119,   0x119,   0x119,   0x119,   0x119,   0x119,
    0x119,   0x119,   0x11a,   0x11a,   0x11b,   0x10058, 0x11e,   0x11e,
    0x11e,   0x11e,   0x11f,   0x11f,   0x11f,   0x11f,   0x120,   0x120,
    0x120,   0x120,   0xfe,    0xff,    0x100,   0x100,   0x101,   0x102,
    0x104,   0x104,   0x105,   0x106,   0x10b,   0x10c,   0x10d,   0x10e,
    0x10f,   0x110,   0x111,   0x112,   0x113,   0x114,   0x115,   0x116,
    0x117,   0x118,   0x11c,   0x11d,   0x121,   0x121,   0x121,   0x121,
    0x121,   0x121,   0x121,   0x121,   0x121,   0x121,   0x121,   0x121,
    0x121,   0x121,   0x121,   0x121,   0x122,   0x122,   0x122,   0x122,
    0x122,   0x122,   0x122,   0x122,   0x122,   0x122,   0x122,   0x122,
    0x122,   0x122,   0x122,   0x122,   0x10040, 0x125,   0x126,   0x127,
    0x128,   0x128,   0x128,   0x128,   0x20042, 0x20046, 0x2004a, 0x2004e,
    0x10052, 0x10054, 0x10056, 0x13e,   0x13f,   0x13f,   0x13f,   0x13f,
    0x13f,   0x13f,   0x13f,   0x13f,   0x13f,   0x13f,   0x13f,   0x13f,
    0x13f,   0x13f,   0x13f,   0x13f,   0x123,   0x124,   0x129,   0x12a,
    0x12b,   0x12c,   0x12d,   0x12e,   0x12f,   0x130,   0x131,   0x132,
    0x133,   0x134,   0x135,   0x136,   0x137,   0x137,   0x138,   0x139,
    0x13a,   0x13b,   0x13c,   0x13d,   0x140,   0x140,   0x140,   0x140,
    0x140,   0x140,   0x140,   0x140,   0x141,   0x141,   0x141,   0x141,
    0x10040, 0x10042, 0x10044, 0x20046, 0x14c,   0x14c,   0x14c,   0x14c,
    0x2004a, 0x2004e, 0x20052, 0x10056, 0x15a,   0x15a,   0x15a,   0x15a,
    0x15a,   0x15a,   0x15a,   0x15a,   0x10058, 0x1005a, 0x15f,   0x160,
    0x161,   0x1005c, 0x164,   0x164,   0x165,   0x165,   0x165,   0x165,
    0x166,   0x166,   0x166,   0x166,   0x167,   0x167,   0x167,   0x167,
    0x168,   0x168,   0x1005e, 0x10060, 0x16d,   0x16d,   0x16d,   0x16d,
    0x16d,   0x16d,   0x16d,   0x16d,   0x142,   0x143,   0x144,   0x145,
    0x146,   0x147,   0x148,   0x149,   0x14a,   0x14b,   0x14d,   0x14e,
    0x14f,   0x150,   0x151,   0x152,   0x153,   0x154,   0x155,   0x156,
    0x157,   0x157,   0x158,   0x159,   0x15b,   0x15c,   0x15d,   0x15e,
    0x162,   0x163,   0x169,   0x16a,   0x16b,   0x16c,   0x16f,   0x170,
    0x171,   0x172,   0x173,   0x173,   0x173,   0x173,   0x174,   0x174,
    0x174,   0x174,   0x20040, 0x20044, 0x20048, 0x2004c, 0x20050, 0x10054,
    0x18a,   0x18a,   0x18b,   0x18b,   0x18b,   0x18b,   0x10056, 0x10058,
    0x190,   0x191,   0x192,   0x192,   0x192,   0x192,   0x193,   0x193,
    0x193,   0x193,   0x193,   0x193,   0x193,   0x193,   0x1005a, 0x196,
    0x197,   0x197,   0x198,   0x198,   0x2005c, 0x19c,   0x19d,   0x19d,
    0x19e,   0x20060, 0x1a3,   0x1a3,   0x1a3,   0x1a3,   0x20064, 0x20068,
    0x1006c, 0x1006e, 0x10070, 0x10072, 0x1b4,   0x1b5,   0x175,   0x175,
    0x176,   0x177,   0x178,   0x179,   0x17a,   0x17b,   0x17c,   0x17d,
    0x17e,   0x17f,   0x180,   0x181,   0x182,   0x183,   0x184,   0x185,
    0x186,   0x187,   0x188,   0x189,   0x18c,   0x18d,   0x18e,   0x18f,
    0x194,   0x195,   0x199,   0x199,   0x19a,   0x19b,   0x19f,   0x1a0,
    0x1a1,   0x1a2,   0x1a4,   0x1a5,   0x1a6,   0x1a7,   0x1a8,   0x1a9,
    0x1aa,   0x1ab,   0x1ac,   0x1ad,   0x1ae,   0x1af,   0x1b0,   0x1b1,
    0x1b2,   0x1b3,   0x1b6,   0x1b6,   0x1b6,   0x1b6,   0x1b7,   0x1b7,
    0x1b7,   0x1b7,   0x1b8,   0x1b8,   0x1b8,   0x1b8,   0x1b8,   0x1b8,
    0x1b8,   0x1b8,   0x1b9,   0x1b9,   0x1ba,   0x1bb,   0x1bc,   0x1bc,
    0x1bc,   0x1bc,   0x1bd,   0x10040, 0x1c0,   0x1c0,   0x10042, 0x10044,
    0x1c5,   0x1c5,   0x1c6,   0x1c6,   0x1c6,   0x1c6,   0x1c6,   0x1c6,
    0x1c6,   0x1c6,   0x1c7,   0x1c7,   0x20046, 0x1cb,   0x1cc,   0x1cc,
    0x1cc,   0x1cc,   0x2004a, 0x2004e, 0x20052, 0x20056, 0x2005a, 0x1005e,
    0x10060, 0x1e5,   0x1e6,   0x1e7,   0x1e8,   0x1e9,   0x1ea,   0x1ea,
    0x1ea,   0x1ea,   0x1be,   0x1bf,   0x1c1,   0x1c2,   0x1c3,   0x1c4,
    0x1c8,   0x1c8,   0x1c9,   0x1ca,   0x1cd,   0x1ce,   0x1cf,   0x1d0,
    0x1d1,   0x1d2,   0x1d3,   0x1d4,   0x1d5,   0x1d6,   0x1d7,   0x1d8,
    0x1d9,   0x1da,   0x1db,   0x1dc,   0x1dd,   0x1de,   0x1df,   0x1e0,
    0x1e1,   0x1e2,   0x1e3,   0x1e4,   0x1ed,   0x1ee,   0x10040, 0x10042,
    0x1f3,   0x1f3,   0x1f3,   0x1f3,   0x10044, 0x10046, 0x10048, 0x1004a,
    0x1004c, 0x1fe,   0x1ff,   0x200,   0x201,   0x201,   0x202,   0x202,
    0x203,   0x203,   0x203,   0x203,   0x204,   0x204,   0x204,   0x204,
    0x204,   0x204,   0x204,   0x204,   0x205,   0x205,   0x206,   0x206,
    0x207,   0x2004e, 0x20052, 0x20056, 0x214,   0x214,   0x214,   0x214,
    0x214,   0x214,   0x214,   0x214,   0x2005a, 0x2005e, 0x20062, 0x10066,
    0x10068, 0x1006a, 0x1006c, 0x229,   0x22a,   0x22a,   0x22b,   0x22c,
    0x22d,   0x22d,   0x22e,   0x1006e, 0x1ef,   0x1f0,   0x1f1,   0x1f2,
    0x1f4,   0x1f5,   0x1f6,   0x1f7,   0x1f8,   0x1f9,   0x1fa,   0x1fb,
    0x1fc,   0x1fd,   0x208,   0x209,   0x20a,   0x20b,   0x20c,   0x20d,
    0x20e,   0x20f,   0x210,   0x211,   0x212,   0x213,   0x215,   0x216,
    0x217,   0x218,   0x219,   0x21a,   0x21b,   0x21c,   0x21d,   0x21e,
    0x21f,   0x220,   0x221,   0x222,   0x223,   0x224,   0x225,   0x226,
    0x227,   0x228,   0x22f,   0x230,   0x231,   0x231,   0x231,   0x231,
    0x10040, 0x10042, 0x236,   0x237,   0x238,   0x238,   0x239,   0x23a,
    0x20044, 0x20048, 0x2004c, 0x20050, 0x24b,   0x24b,   0x24b,   0x24b,
    0x24b,   0x24b,   0x24b,   0x24b,   0x20054, 0x20058, 0x2005c, 0x10060,
    0x10062, 0x10064, 0x10066, 0x260,   0x261,   0x261,   0x261,   0x261,
    0x261,   0x261,   0x261,   0x261,   0x261,   0x261,   0x261,   0x261,
    0x261,   0x261,   0x261,   0x261,   0x262,   0x262,   0x262,   0x262,
    0x263,   0x263,   0x263,   0x263,   0x10068, 0x266,   0x267,   0x268,
    0x1006a, 0x1006c, 0x1006e, 0x10070, 0x232,   0x233,   0x234,   0x235,
    0x23b,   0x23c,   0x23d,   0x23e,   0x23f,   0x240,   0x241,   0x242,
    0x243,   0x244,   0x245,   0x246,   0x247,   0x248,   0x249,   0x24a,
    0x24c,   0x24d,   0x24e,   0x24f,   0x250,   0x251,   0x252,   0x253,
    0x254,   0x255,   0x256,   0x257,   0x258,   0x259,   0x25a,   0x25b,
    0x25c,   0x25d,   0x25e,   0x25f,   0x264,   0x265,   0x269,   0x26a,
    0x26b,   0x26c,   0x26d,   0x26e,   0x26f,   0x270,   0x271,   0x272,
    0x273,   0x273,   0x274,   0x275,   0x276,   0x276,   0x277,   0x277,
    0x277,   0x277,   0x278,   0x278,   0x279,   0x279,   0x20040, 0x20044,
    0x20048, 0x2004c, 0x20050, 0x10054, 0x10056, 0x10058, 0x1005a, 0x296,
    0x297,   0x297,   0x298,   0x298,   0x298,   0x298,   0x299,   0x299,
    0x299,   0x299,   0x1005c, 0x29c,   0x29d,   0x1005e, 0x2a0,   0x2a0,
    0x2a0,   0x2a0,   0x10060, 0x10062, 0x2a5,   0x2a5,   0x2a6,   0x2a6,
    0x2a6,   0x2a6,   0x2a6,   0x2a6,   0x2a6,   0x2a6,   0x2a7,   0x20064,
    0x2ab,   0x2ac,   0x2ad,   0x2ae,   0x2af,   0x2af,   0x27a,   0x27b,
    0x27c,   0x27d,   0x27e,   0x27f,   0x280,   0x281,   0x282,   0x283,
    0x284,   0x285,   0x286,   0x287,   0x288,   0x289,   0x28a,   0x28b,
    0x28c,   0x28d,   0x28e,   0x28f,   0x290,   0x291,   0x292,   0x293,
    0x294,   0x295,   0x29a,   0x29b,   0x29e,   0x29f,   0x2a1,   0x2a2,
    0x2a3,   0x2a4,   0x2a8,   0x2a8,   0x2a9,   0x2aa,   0x2b0,   0x2b0,
    0x2b0,   0x2b0,   0x2b1,   0x2b1,   0x2b1,   0x2b1,   0x2b2,   0x20040,
    0x20044, 0x20048, 0x2004c, 0x10050, 0x2c5,   0x2c6,   0x2c7,   0x2c7,
    0x2c7,   0x2c7,   0x2c8,   0x2c8,   0x20052, 0x2cc,   0x2cd,   0x2cd,
    0x2ce,   0x2ce,   0x2cf,   0x10056, 0x2d2,   0x2d2,   0x2d3,   0x2d3,
    0x2d3,   0x2d3,   0x2d3,   0x2d3,   0x2d3,   0x2d3,   0x10058, 0x1005a,
    0x1005c, 0x2da,   0x2db,   0x2db,   0x2dc,   0x2dc,   0x2dd,   0x2dd,
    0x2dd,   0x2dd,   0x2de,   0x2de,   0x2df,   0x2df,   0x2e0,   0x2e0,
    0x2e1,   0x2e1,   0x2e2,   0x2e2,   0x2e2,   0x2e2,   0x2b3,   0x2b4,
    0x2b5,   0x2b6,   0x2b7,   0x2b8,   0x2b9,   0x2ba,   0x2bb,   0x2bc,
    0x2bd,   0x2be,   0x2bf,   0x2c0,   0x2c1,   0x2c2,   0x2c3,   0x2c4,
    0x2c9,   0x2c9,   0x2ca,   0x2cb,   0x2d0,   0x2d1,   0x2d4,   0x2d5,
    0x2d6,   0x2d7,   0x2d8,   0x2d9,   0x2e4,   0x2e4,   0x2e5,   0x2e5,
    0x2e6,   0x20040, 0x2eb,   0x2eb,   0x20044, 0x20048, 0x2004c, 0x20050,
    0x20054, 0x20058, 0x2005c, 0x10060, 0x309,   0x309,   0x309,   0x309,
    0x309,   0x309,   0x309,   0x309,   0x309,   0x309,   0x309,   0x309,
    0x309,   0x309,   0x309,   0x309,   0x10062, 0x10064, 0x10066, 0x10068,
    0x1006a, 0x314,   0x315,   0x316,   0x317,   0x317,   0x318,   0x319,
    0x31a,   0x31a,   0x31b,   0x31b,   0x2006c, 0x10070, 0x10072, 0x10074,
    0x10076, 0x10078, 0x1007a, 0x2007c, 0x32e,   0x32e,   0x32f,   0x330,
    0x331,   0x332,   0x333,   0x333,   0x2e7,   0x2e8,   0x2e9,   0x2ea,
    0x2ec,   0x2ed,   0x2ee,   0x2ef,   0x2f0,   0x2f1,   0x2f2,   0x2f3,
    0x2f4,   0x2f5,   0x2f6,   0x2f7,   0x2f8,   0x2f9,   0x2fa,   0x2fb,
    0x2fc,   0x2fd,   0x2fe,   0x2ff,   0x300,   0x301,   0x302,   0x303,
    0x304,   0x305,   0x306,   0x306,   0x307,   0x308,   0x30a,   0x30b,
    0x30c,   0x30d,   0x30e,   0x30f,   0x310,   0x311,   0x312,   0x313,
    0x31c,   0x31d,   0x31e,   0x31e,   0x31f,   0x320,   0x321,   0x322,
    0x323,   0x324,   0x325,   0x326,   0x327,   0x328,   0x329,   0x32a,
    0x32b,   0x32b,   0x32c,   0x32d,   0x335,   0x335,   0x335,   0x335,
    0x336,   0x336,   0x20040, 0x20044, 0x20048, 0x2004c, 0x20050, 0x20054,
    0x20058, 0x2005c, 0x10060, 0x10062, 0x35a,   0x35a,   0x35b,   0x35b,
    0x35c,   0x35c,   0x35d,   0x35d,   0x35e,   0x35e,   0x35e,   0x35e,
    0x35f,   0x35f,   0x35f,   0x35f,   0x360,   0x10064, 0x10066, 0x10068,
    0x367,   0x367,   0x367,   0x367,   0x368,   0x368,   0x368,   0x368,
    0x1006a, 0x36b,   0x36c,   0x36c,   0x36d,   0x36d,   0x36d,   0x36d,
    0x36d,   0x36d,   0x36d,   0x36d,   0x36d,   0x36d,   0x36d,   0x36d,
    0x36d,   0x36d,   0x36d,   0x36d,   0x337,   0x338,   0x339,   0x33a,
    0x33b,   0x33c,   0x33d,   0x33e,   0x33f,   0x340,   0x341,   0x342,
    0x343,   0x344,   0x345,   0x346,   0x347,   0x348,   0x349,   0x34a,
    0x34b,   0x34c,   0x34d,   0x34e,   0x34f,   0x350,   0x351,   0x352,
    0x353,   0x354,   0x355,   0x355,   0x356,   0x357,   0x358,   0x359,
    0x361,   0x362,   0x363,   0x364,   0x365,   0x366,   0x369,   0x36a,
    0x36e,   0x36e,   0x36e,   0x36e,   0x36e,   0x36e,   0x36e,   0x36e,
    0x36e,   0x36e,   0x36e,   0x36e,   0x36e,   0x36e,   0x36e,   0x36e,
    0x36f,   0x36f,   0x370,   0x370,   0x371,   0x372,   0x373,   0x373,
    0x374,   0x374,   0x374,   0x374,   0x375,   0x375,   0x20040, 0x20044,
    0x37e,   0x37e,   0x37e,   0x37e,   0x37e,   0x37e,   0x37e,   0x37e,
    0x37e,   0x37e,   0x37e,   0x37e,   0x37e,   0x37e,   0x37e,   0x37e,
    0x20048, 0x2004c, 0x20050, 0x20054, 0x20058, 0x2005c, 0x20060, 0x10064,
    0x10066, 0x10068, 0x1006a, 0x1006c, 0x3a4,   0x3a5,   0x3a6,   0x3a6,
    0x376,   0x377,   0x378,   0x379,   0x37a,   0x37b,   0x37c,   0x37d,
    0x37f,   0x380,   0x381,   0x382,   0x383,   0x384,   0x385,   0x386,
    0x387,   0x388,   0x389,   0x38a,   0x38b,   0x38c,   0x38d,   0x38e,
    0x38f,   0x390,   0x391,   0x392,   0x393,   0x394,   0x395,   0x396,
    0x397,   0x398,   0x399,   0x399,   0x39a,   0x39b,   0x39c,   0x39d,
    0x39e,   0x39f,   0x3a0,   0x3a1,   0x3a2,   0x3a3,   0x3a8,   0x3a8,
    0x3a8,   0x3a8,   0x3a9,   0x3a9,   0x3aa,   0x10040, 0x3ad,   0x3ad,
    0x3ad,   0x3ad,   0x3ae,   0x3ae,   0x3ae,   0x3ae,   0x3af,   0x3af,
    0x3b0,   0x3b1,   0x3b2,   0x3b3,   0x3b4,   0x3b4,   0x3b5,   0x3b5,
    0x3b5,   0x3b5,   0x3b5,   0x3b5,   0x3b5,   0x3b5,   0x3b6,   0x3b6,
    0x3b6,   0x3b6,   0x3b6,   0x3b6,   0x3b6,   0x3b6,   0x3b6,   0x3b6,
    0x3b6,   0x3b6,   0x3b6,   0x3b6,   0x3b6,   0x3b6,   0x3b7,   0x10042,
    0x10044, 0x10046, 0x10048, 0x1004a, 0x1004c, 0x1004e, 0x3c6,   0x3c7,
    0x3c8,   0x3c9,   0x3ca,   0x3ca,   0x3cb,   0x3cb,   0x3ab,   0x3ac,
    0x3b8,   0x3b9,   0x3ba,   0x3bb,   0x3bc,   0x3bd,   0x3be,   0x3bf,
    0x3c0,   0x3c1,   0x3c2,   0x3c3,   0x3c4,   0x3c5,   0x3cc,   0x20040,
    0x3d0,   0x3d1,   0x3d2,   0x3d2,   0x3d3,   0x3d3,   0x3d4,   0x3d4,
    0x3d4,   0x3d4,   0x20044, 0x20048, 0x2004c, 0x20050, 0x20054, 0x20058,
    0x2005c, 0x20060, 0x10064, 0x10066, 0x10068, 0x1006a, 0x1006c, 0x1006e,
    0x401,   0x402,   0x403,   0x404,   0x405,   0x405,   0x406,   0x406,
    0x406,   0x406,   0x406,   0x406,   0x406,   0x406,   0x406,   0x406,
    0x406,   0x406,   0x406,   0x406,   0x406,   0x406,   0x406,   0x406,
    0x406,   0x406,   0x406,   0x406,   0x406,   0x406,   0x406,   0x406,
    0x406,   0x406,   0x406,   0x406,   0x406,   0x406,   0x3cd,   0x3cd,
    0x3ce,   0x3cf,   0x3d5,   0x3d6,   0x3d7,   0x3d8,   0x3d9,   0x3da,
    0x3db,   0x3dc,   0x3dd,   0x3de,   0x3df,   0x3e0,   0x3e1,   0x3e2,
    0x3e3,   0x3e4,   0x3e5,   0x3e6,   0x3e7,   0x3e8,   0x3e9,   0x3ea,
    0x3eb,   0x3ec,   0x3ed,   0x3ee,   0x3ef,   0x3f0,   0x3f1,   0x3f2,
    0x3f3,   0x3f4,   0x3f5,   0x3f6,   0x3f7,   0x3f8,   0x3f9,   0x3fa,
    0x3fb,   0x3fc,   0x3fd,   0x3fe,   0x3ff,   0x400,   0x408,   0x408,
    0x408,   0x408,   0x408,   0x408,   0x408,   0x408,   0x408,   0x408,
    0x408,   0x408,   0x408,   0x408,   0x408,   0x408,   0x409,   0x409,
    0x40a,   0x40b,   0x40c,   0x40d,   0x40e,   0x40e,   0x40f,   0x40f,
    0x40f,   0x40f,   0x40f,   0x40f,   0x40f,   0x40f,   0x410,   0x410,
    0x410,   0x410,   0x410,   0x410,   0x410,   0x410,   0x410,   0x410,
    0x410,   0x410,   0x410,   0x410,   0x410,   0x410,   0x410,   0x410,
    0x410,   0x410,   0x410,   0x410,   0x410,   0x410,   0x410,   0x410,
    0x410,   0x410,   0x410,   0x410,   0x410,   0x410,   0x10040, 0x10042,
    0x10044, 0x10046, 0x10048, 0x1004a, 0x1004c, 0x41f,   0x420,   0x420,
    0x420,   0x420,   0x421,   0x2004e, 0x426,   0x427,   0x428,   0x428,
    0x428,   0x428,   0x428,   0x428,   0x428,   0x428,   0x429,   0x42a,
    0x42b,   0x42c,   0x42d,   0x42d,   0x42e,   0x42e,   0x42f,   0x42f,
    0x42f,   0x42f,   0x42f,   0x42f,   0x42f,   0x42f,   0x42f,   0x42f,
    0x42f,   0x42f,   0x42f,   0x42f,   0x42f,   0x42f,   0x430,   0x430,
    0x430,   0x430,   0x431,   0x431,   0x431,   0x431,   0x432,   0x432,
    0x20052, 0x20056, 0x2005a, 0x2005e, 0x20062, 0x20066, 0x411,   0x412,
    0x413,   0x414,   0x415,   0x416,   0x417,   0x418,   0x419,   0x41a,
    0x41b,   0x41c,   0x41d,   0x41e,   0x422,   0x423,   0x424,   0x425,
    0x433,   0x434,   0x435,   0x436,   0x437,   0x438,   0x439,   0x43a,
    0x43b,   0x43c,   0x43d,   0x43e,   0x43f,   0x440,   0x441,   0x442,
    0x443,   0x444,   0x445,   0x446,   0x447,   0x448,   0x449,   0x44a
};

int wmv2_table0_dc_luma[] = {
    0x60040, 0x60088, 0x1403,  0x1403,  0x1002,  0x1002,  0x1002,  0x1002,
    0x1806,  0x40172, 0x1404,  0x1404,  0x1807,  0x30182, 0x1405,  0x1405,
    0x801,   0x801,   0x801,   0x801,   0x801,   0x801,   0x801,   0x801,
    0x801,   0x801,   0x801,   0x801,   0x801,   0x801,   0x801,   0x801,
    0x400,   0x400,   0x400,   0x400,   0x400,   0x400,   0x400,   0x400,
    0x400,   0x400,   0x400,   0x400,   0x400,   0x400,   0x400,   0x400,
    0x400,   0x400,   0x400,   0x400,   0x400,   0x400,   0x400,   0x400,
    0x400,   0x400,   0x400,   0x400,   0x400,   0x400,   0x400,   0x400,
    0x408,   0x408,   0x408,   0x408,   0x408,   0x408,   0x408,   0x408,
    0x408,   0x408,   0x408,   0x408,   0x408,   0x408,   0x408,   0x408,
    0x408,   0x408,   0x408,   0x408,   0x408,   0x408,   0x408,   0x408,
    0x408,   0x408,   0x408,   0x408,   0x408,   0x408,   0x408,   0x408,
    0x1014,  0x1014,  0x1014,  0x1014,  0x20040, 0x20044, 0x1419,  0x1419,
    0xc10,   0xc10,   0xc10,   0xc10,   0xc10,   0xc10,   0xc10,   0xc10,
    0x80c,   0x80c,   0x80c,   0x80c,   0x80c,   0x80c,   0x80c,   0x80c,
    0x80c,   0x80c,   0x80c,   0x80c,   0x80c,   0x80c,   0x80c,   0x80c,
    0x41d,   0x41d,   0x822,   0x824,   0x41f,   0x41f,   0x827,   0x828,
    0x409,   0x409,   0x409,   0x409,   0x409,   0x409,   0x409,   0x409,
    0x409,   0x409,   0x409,   0x409,   0x409,   0x409,   0x409,   0x409,
    0x409,   0x409,   0x409,   0x409,   0x409,   0x409,   0x409,   0x409,
    0x409,   0x409,   0x409,   0x409,   0x409,   0x409,   0x409,   0x409,
    0x60040, 0x181c,  0x300e0, 0x100e8, 0x1015,  0x1015,  0x1015,  0x1015,
    0x141a,  0x141a,  0x141b,  0x141b,  0x1017,  0x1017,  0x1017,  0x1017,
    0x80d,   0x80d,   0x80d,   0x80d,   0x80d,   0x80d,   0x80d,   0x80d,
    0x80d,   0x80d,   0x80d,   0x80d,   0x80d,   0x80d,   0x80d,   0x80d,
    0x829,   0x829,   0x829,   0x829,   0x829,   0x829,   0x829,   0x829,
    0x829,   0x829,   0x829,   0x829,   0x829,   0x829,   0x829,   0x829,
    0x102d,  0x102d,  0x102d,  0x102d,  0x102c,  0x102c,  0x102c,  0x102c,
    0x102e,  0x102e,  0x102e,  0x102e,  0x142f,  0x142f,  0x60040, 0x50080,
    0x826,   0x826,   0x826,   0x826,   0x826,   0x826,   0x826,   0x826,
    0x826,   0x826,   0x826,   0x826,   0x826,   0x826,   0x826,   0x826,
    0x825,   0x825,   0x825,   0x825,   0x825,   0x825,   0x825,   0x825,
    0x825,   0x825,   0x825,   0x825,   0x825,   0x825,   0x825,   0x825,
    0x1868,  0x1869,  0x186a,  0x186b,  0x186c,  0x186d,  0x186e,  0x186f,
    0x1870,  0x1871,  0x1872,  0x1873,  0x1874,  0x1875,  0x1876,  0x1877,
    0x1432,  0x1432,  0x1431,  0x1431,  0x1433,  0x1433,  0x1434,  0x1434,
    0x1435,  0x1435,  0x1430,  0x1430,  0x1436,  0x1436,  0x1437,  0x1437,
    0x1438,  0x1438,  0x1439,  0x1439,  0x143a,  0x143a,  0x143b,  0x143b,
    0x143c,  0x143c,  0x143d,  0x143d,  0x143e,  0x143e,  0x143f,  0x143f,
    0x1440,  0x1440,  0x1441,  0x1441,  0x1442,  0x1442,  0x1443,  0x1443,
    0x1444,  0x1444,  0x1445,  0x1445,  0x1446,  0x1446,  0x1447,  0x1447,
    0x1448,  0x1449,  0x144a,  0x144b,  0x144c,  0x144d,  0x144e,  0x144f,
    0x1450,  0x1451,  0x1452,  0x1453,  0x1454,  0x1455,  0x1456,  0x1457,
    0x1458,  0x1459,  0x145a,  0x145b,  0x145c,  0x145d,  0x145e,  0x145f,
    0x1460,  0x1461,  0x1462,  0x1463,  0x1464,  0x1465,  0x1466,  0x1467,
    0x41e,   0x41e,   0x41e,   0x41e,   0xc2a,   0xc2b,   0x823,   0x823,
    0x420,   0x421,   0x40a,   0x40a,   0x40a,   0x40a,   0x40a,   0x40a,
    0x40a,   0x40a,   0xc11,   0xc11,   0x1018,  0x1016,  0x80e,   0x80e,
    0x80e,   0x80e,   0x40b,   0x40b,   0x40b,   0x40b,   0xc12,   0xc13,
    0x80f,   0x80f
};

int wmv2_table0_dc_chroma[] = {
    0x800,   0x800,   0x800,   0x800,   0x800,   0x800,   0x800,   0x800,
    0x800,   0x800,   0x800,   0x800,   0x800,   0x800,   0x800,   0x800,
    0x801,   0x801,   0x801,   0x801,   0x801,   0x801,   0x801,   0x801,
    0x801,   0x801,   0x801,   0x801,   0x801,   0x801,   0x801,   0x801,
    0x50040, 0x1808,  0x1405,  0x1405,  0x1003,  0x1003,  0x1003,  0x1003,
    0xc02,   0xc02,   0xc02,   0xc02,   0xc02,   0xc02,   0xc02,   0xc02,
    0x60060, 0x1809,  0x60130, 0x180b,  0x1004,  0x1004,  0x1004,  0x1004,
    0x180a,  0x180c,  0x1406,  0x1406,  0x30170, 0x180d,  0x1407,  0x1407,
    0x810,   0x810,   0x810,   0x810,   0x810,   0x810,   0x810,   0x810,
    0x814,   0x814,   0x814,   0x814,   0x814,   0x814,   0x814,   0x814,
    0x1426,  0x1423,  0x1420,  0x1421,  0x101d,  0x101d,  0x101e,  0x101e,
    0xc18,   0xc18,   0xc18,   0xc18,   0xc17,   0xc17,   0xc17,   0xc17,
    0x815,   0x815,   0x815,   0x815,   0x815,   0x815,   0x815,   0x815,
    0x815,   0x815,   0x815,   0x815,   0x815,   0x815,   0x815,   0x815,
    0x182a,  0x60040, 0x141f,  0x141f,  0x1424,  0x1424,  0x1422,  0x1422,
    0xc1a,   0xc1a,   0xc1a,   0xc1a,   0xc1a,   0xc1a,   0xc1a,   0xc1a,
    0x40e,   0x40e,   0x40e,   0x40e,   0x40e,   0x40e,   0x40e,   0x40e,
    0x40e,   0x40e,   0x40e,   0x40e,   0x40e,   0x40e,   0x40e,   0x40e,
    0x40e,   0x40e,   0x40e,   0x40e,   0x40e,   0x40e,   0x40e,   0x40e,
    0x40e,   0x40e,   0x40e,   0x40e,   0x40e,   0x40e,   0x40e,   0x40e,
    0x102f,  0x102f,  0x102f,  0x102f,  0x50040, 0x40060, 0x40070, 0x40080,
    0xc2e,   0xc2e,   0xc2e,   0xc2e,   0xc2e,   0xc2e,   0xc2e,   0xc2e,
    0x82d,   0x82d,   0x82d,   0x82d,   0x82d,   0x82d,   0x82d,   0x82d,
    0x82d,   0x82d,   0x82d,   0x82d,   0x82d,   0x82d,   0x82d,   0x82d,
    0x42c,   0x42c,   0x42c,   0x42c,   0x42c,   0x42c,   0x42c,   0x42c,
    0x42c,   0x42c,   0x42c,   0x42c,   0x42c,   0x42c,   0x42c,   0x42c,
    0x42c,   0x42c,   0x42c,   0x42c,   0x42c,   0x42c,   0x42c,   0x42c,
    0x42c,   0x42c,   0x42c,   0x42c,   0x42c,   0x42c,   0x42c,   0x42c,
    0x1468,  0x1469,  0x146a,  0x146b,  0x146c,  0x146d,  0x146e,  0x146f,
    0x1470,  0x1471,  0x1472,  0x1473,  0x1474,  0x1475,  0x1476,  0x1477,
    0x1030,  0x1030,  0x1031,  0x1031,  0x1032,  0x1032,  0x1033,  0x1033,
    0x1034,  0x1034,  0x1035,  0x1035,  0x1036,  0x1036,  0x1037,  0x1037,
    0x1038,  0x1039,  0x103a,  0x103b,  0x103c,  0x103d,  0x103e,  0x103f,
    0x1040,  0x1041,  0x1042,  0x1043,  0x1044,  0x1045,  0x1046,  0x1047,
    0x1048,  0x1049,  0x104a,  0x104b,  0x104c,  0x104d,  0x104e,  0x104f,
    0x1050,  0x1051,  0x1052,  0x1053,  0x1054,  0x1055,  0x1056,  0x1057,
    0x1058,  0x1059,  0x105a,  0x105b,  0x105c,  0x105d,  0x105e,  0x105f,
    0x1060,  0x1061,  0x1062,  0x1063,  0x1064,  0x1065,  0x1066,  0x1067,
    0x811,   0x811,   0x811,   0x811,   0x811,   0x811,   0x811,   0x811,
    0x811,   0x811,   0x811,   0x811,   0x811,   0x811,   0x811,   0x811,
    0x816,   0x816,   0x816,   0x816,   0x816,   0x816,   0x816,   0x816,
    0x816,   0x816,   0x816,   0x816,   0x816,   0x816,   0x816,   0x816,
    0x812,   0x812,   0x812,   0x812,   0x812,   0x812,   0x812,   0x812,
    0x812,   0x812,   0x812,   0x812,   0x812,   0x812,   0x812,   0x812,
    0xc19,   0xc19,   0xc19,   0xc19,   0xc19,   0xc19,   0xc19,   0xc19,
    0x1829,  0x182b,  0x1427,  0x1427,  0x1428,  0x1428,  0x1425,  0x1425,
    0x813,   0x813,   0xc1c,   0xc1b,   0x40f,   0x40f,   0x40f,   0x40f
};

int wmv2_table1_dc_luma[] = {
    0x1808,  0x60040, 0x1405,  0x1405,  0x3014a, 0x1809,  0x1406,  0x1406,
    0x1003,  0x1003,  0x1003,  0x1003,  0x60152, 0x180a,  0x3019a, 0x180b,
    0x1407,  0x1407,  0x201a2, 0x180c,  0x1004,  0x1004,  0x1004,  0x1004,
    0xc02,   0xc02,   0xc02,   0xc02,   0xc02,   0xc02,   0xc02,   0xc02,
    0x800,   0x800,   0x800,   0x800,   0x800,   0x800,   0x800,   0x800,
    0x800,   0x800,   0x800,   0x800,   0x800,   0x800,   0x800,   0x800,
    0x801,   0x801,   0x801,   0x801,   0x801,   0x801,   0x801,   0x801,
    0x801,   0x801,   0x801,   0x801,   0x801,   0x801,   0x801,   0x801,
    0x811,   0x811,   0x811,   0x811,   0x811,   0x811,   0x811,   0x811,
    0x811,   0x811,   0x811,   0x811,   0x811,   0x811,   0x811,   0x811,
    0x101e,  0x101e,  0x101e,  0x101e,  0x1826,  0x40040, 0x1422,  0x1422,
    0xc18,   0xc18,   0xc18,   0xc18,   0xc18,   0xc18,   0xc18,   0xc18,
    0x812,   0x812,   0x812,   0x812,   0x812,   0x812,   0x812,   0x812,
    0x812,   0x812,   0x812,   0x812,   0x812,   0x812,   0x812,   0x812,
    0x101f,  0x101f,  0x101f,  0x101f,  0x1021,  0x1021,  0x1021,  0x1021,
    0x20050, 0x60054, 0x1423,  0x1423,  0x1020,  0x1020,  0x1020,  0x1020,
    0x830,   0x830,   0x830,   0x830,   0x1037,  0x1039,  0xc33,   0xc33,
    0x42a,   0x42a,   0x42a,   0x42a,   0x42a,   0x42a,   0x42a,   0x42a,
    0x82e,   0x82f,   0x42b,   0x42b,   0x42d,   0x42d,   0x42d,   0x42d,
    0x42d,   0x42d,   0x42d,   0x42d,   0x42d,   0x42d,   0x42d,   0x42d,
    0x42d,   0x42d,   0x42d,   0x42d,   0x42d,   0x42d,   0x42d,   0x42d,
    0x42d,   0x42d,   0x42d,   0x42d,   0x42d,   0x42d,   0x42d,   0x42d,
    0x42d,   0x42d,   0x42d,   0x42d,   0xc32,   0xc32,   0xc32,   0xc32,
    0xc32,   0xc32,   0xc32,   0xc32,   0x183f,  0x60040, 0x143d,  0x143d,
    0x100b4, 0x183e,  0x143b,  0x143b,  0xc35,   0xc35,   0xc35,   0xc35,
    0xc35,   0xc35,   0xc35,   0xc35,   0x143c,  0x143c,  0x143a,  0x143a,
    0x1038,  0x1038,  0x1038,  0x1038,  0x843,   0x843,   0x843,   0x843,
    0x843,   0x843,   0x843,   0x843,   0x843,   0x843,   0x843,   0x843,
    0x843,   0x843,   0x843,   0x843,   0x20040, 0x20044, 0x20048, 0x2004c,
    0x20050, 0x20054, 0x20058, 0x2005c, 0x20060, 0x20064, 0x10068, 0x1006a,
    0x1006c, 0x1006e, 0x10070, 0x10072, 0x441,   0x441,   0x441,   0x441,
    0x441,   0x441,   0x441,   0x441,   0x441,   0x441,   0x441,   0x441,
    0x441,   0x441,   0x441,   0x441,   0x441,   0x441,   0x441,   0x441,
    0x441,   0x441,   0x441,   0x441,   0x441,   0x441,   0x441,   0x441,
    0x441,   0x441,   0x441,   0x441,   0x850,   0x851,   0x852,   0x853,
    0x854,   0x855,   0x856,   0x857,   0x858,   0x859,   0x85a,   0x85b,
    0x85c,   0x85d,   0x85e,   0x85f,   0x860,   0x861,   0x862,   0x863,
    0x864,   0x865,   0x866,   0x867,   0x868,   0x869,   0x86a,   0x86b,
    0x86c,   0x86d,   0x86e,   0x86f,   0x870,   0x871,   0x872,   0x873,
    0x874,   0x875,   0x876,   0x877,   0x445,   0x446,   0x447,   0x448,
    0x449,   0x44a,   0x444,   0x44b,   0x44c,   0x44d,   0x44e,   0x44f,
    0x440,   0x442,   0x40d,   0x40d,   0x40d,   0x40d,   0x813,   0x813,
    0xc19,   0xc1a,   0x40e,   0x40e,   0x40e,   0x40e,   0x40e,   0x40e,
    0x40e,   0x40e,   0x40e,   0x40e,   0x40e,   0x40e,   0x40e,   0x40e,
    0x40e,   0x40e,   0x40e,   0x40e,   0x40e,   0x40e,   0x40e,   0x40e,
    0x40e,   0x40e,   0x40e,   0x40e,   0x40e,   0x40e,   0x40e,   0x40e,
    0x40e,   0x40e,   0x814,   0x814,   0x814,   0x814,   0x814,   0x814,
    0x814,   0x814,   0x814,   0x814,   0x814,   0x814,   0x814,   0x814,
    0x814,   0x814,   0xc1b,   0xc1b,   0xc1b,   0xc1b,   0xc1b,   0xc1b,
    0xc1b,   0xc1b,   0x1828,  0x1827,  0x1424,  0x1424,  0x30040, 0x1829,
    0x1425,  0x1425,  0x42c,   0x42c,   0x42c,   0x42c,   0x831,   0x831,
    0xc36,   0xc34,   0x40f,   0x40f,   0x40f,   0x40f,   0xc1c,   0xc1d,
    0x815,   0x815,   0x410,   0x410,   0x816,   0x817
};

int wmv2_table1_dc_chroma[] = {
    0x800,   0x800,   0x800,   0x800,   0x800,   0x800,   0x800,   0x800,
    0x800,   0x800,   0x800,   0x800,   0x800,   0x800,   0x800,   0x800,
    0x801,   0x801,   0x801,   0x801,   0x801,   0x801,   0x801,   0x801,
    0x801,   0x801,   0x801,   0x801,   0x801,   0x801,   0x801,   0x801,
    0xc02,   0xc02,   0xc02,   0xc02,   0xc02,   0xc02,   0xc02,   0xc02,
    0x1807,  0x60040, 0x1406,  0x1406,  0x1004,  0x1004,  0x1004,  0x1004,
    0x1808,  0x60084, 0x1809,  0x60192, 0x1005,  0x1005,  0x1005,  0x1005,
    0xc03,   0xc03,   0xc03,   0xc03,   0xc03,   0xc03,   0xc03,   0xc03,
    0x40a,   0x40a,   0x40a,   0x40a,   0x40a,   0x40a,   0x40a,   0x40a,
    0x40a,   0x40a,   0x40a,   0x40a,   0x40a,   0x40a,   0x40a,   0x40a,
    0x40a,   0x40a,   0x40a,   0x40a,   0x40a,   0x40a,   0x40a,   0x40a,
    0x40a,   0x40a,   0x40a,   0x40a,   0x40a,   0x40a,   0x40a,   0x40a,
    0x80d,   0x80d,   0x80d,   0x80d,   0x80d,   0x80d,   0x80d,   0x80d,
    0x80d,   0x80d,   0x80d,   0x80d,   0x80d,   0x80d,   0x80d,   0x80d,
    0x1415,  0x1415,  0x20040, 0x181a,  0x1013,  0x1013,  0x1013,  0x1013,
    0xc10,   0xc10,   0xc10,   0xc10,   0xc10,   0xc10,   0xc10,   0xc10,
    0x81f,   0x820,   0x41d,   0x41d,   0x40b,   0x40b,   0x40b,   0x40b,
    0x40b,   0x40b,   0x40b,   0x40b,   0x40b,   0x40b,   0x40b,   0x40b,
    0x40b,   0x40b,   0x40b,   0x40b,   0x40b,   0x40b,   0x40b,   0x40b,
    0x40b,   0x40b,   0x40b,   0x40b,   0x40b,   0x40b,   0x40b,   0x40b,
    0x40b,   0x40b,   0x40b,   0x40b,   0x80e,   0x80e,   0x80e,   0x80e,
    0x80e,   0x80e,   0x80e,   0x80e,   0x80e,   0x80e,   0x80e,   0x80e,
    0x80e,   0x80e,   0x80e,   0x80e,   0xc11,   0xc11,   0xc11,   0xc11,
    0xc11,   0xc11,   0xc11,   0xc11,   0x1416,  0x1416,  0x181b,  0x60040,
    0x1417,  0x1417,  0x1418,  0x1418,  0xc25,   0xc25,   0xc25,   0xc25,
    0xc25,   0xc25,   0xc25,   0xc25,   0x182f,  0x60040, 0x142e,  0x142e,
    0x1027,  0x1027,  0x1027,  0x1027,  0x1028,  0x1028,  0x1028,  0x1028,
    0x1029,  0x1029,  0x1029,  0x1029,  0x1024,  0x1024,  0x1024,  0x1024,
    0x102b,  0x102b,  0x102b,  0x102b,  0x102c,  0x102c,  0x102c,  0x102c,
    0x102d,  0x102d,  0x102d,  0x102d,  0xc21,   0xc21,   0xc21,   0xc21,
    0xc21,   0xc21,   0xc21,   0xc21,   0xc2a,   0xc2a,   0xc2a,   0xc2a,
    0xc2a,   0xc2a,   0xc2a,   0xc2a,   0xc26,   0xc26,   0xc26,   0xc26,
    0xc26,   0xc26,   0xc26,   0xc26,   0x60040, 0x10080, 0x10082, 0x10084,
    0x10086, 0x10088, 0x1008a, 0x1008c, 0x1830,  0x1831,  0x1832,  0x1833,
    0x1834,  0x1835,  0x1836,  0x1837,  0x1838,  0x1839,  0x183a,  0x183b,
    0x183c,  0x183d,  0x183e,  0x183f,  0x1840,  0x1841,  0x1842,  0x1843,
    0x1844,  0x1845,  0x1846,  0x1847,  0x1848,  0x1849,  0x184a,  0x184b,
    0x184c,  0x184d,  0x184e,  0x184f,  0x1850,  0x1851,  0x1852,  0x1853,
    0x1854,  0x1855,  0x1856,  0x1857,  0x1858,  0x1859,  0x185a,  0x185b,
    0x185c,  0x185d,  0x185e,  0x185f,  0x1860,  0x1861,  0x1862,  0x1863,
    0x1864,  0x1865,  0x1866,  0x1867,  0x468,   0x468,   0x468,   0x468,
    0x468,   0x468,   0x468,   0x468,   0x468,   0x468,   0x468,   0x468,
    0x468,   0x468,   0x468,   0x468,   0x468,   0x468,   0x468,   0x468,
    0x468,   0x468,   0x468,   0x468,   0x468,   0x468,   0x468,   0x468,
    0x468,   0x468,   0x468,   0x468,   0x469,   0x469,   0x469,   0x469,
    0x469,   0x469,   0x469,   0x469,   0x469,   0x469,   0x469,   0x469,
    0x469,   0x469,   0x469,   0x469,   0x469,   0x469,   0x469,   0x469,
    0x469,   0x469,   0x469,   0x469,   0x469,   0x469,   0x469,   0x469,
    0x469,   0x469,   0x469,   0x469,   0x46a,   0x46b,   0x46c,   0x46d,
    0x46e,   0x46f,   0x470,   0x471,   0x472,   0x473,   0x474,   0x475,
    0x476,   0x477,   0x40c,   0x40c,   0x40c,   0x40c,   0x40c,   0x40c,
    0x40c,   0x40c,   0x40c,   0x40c,   0x40c,   0x40c,   0x40c,   0x40c,
    0x40c,   0x40c,   0x40c,   0x40c,   0x40c,   0x40c,   0x40c,   0x40c,
    0x40c,   0x40c,   0x40c,   0x40c,   0x40c,   0x40c,   0x40c,   0x40c,
    0x40c,   0x40c,   0xc12,   0xc12,   0xc12,   0xc12,   0xc12,   0xc12,
    0xc12,   0xc12,   0x1014,  0x1014,  0x1014,  0x1014,  0x1419,  0x1419,
    0x20040, 0x181c,  0x80f,   0x80f,   0x80f,   0x80f,   0x80f,   0x80f,
    0x80f,   0x80f,   0x80f,   0x80f,   0x80f,   0x80f,   0x80f,   0x80f,
    0x80f,   0x80f,   0x822,   0x823,   0x41e,   0x41e
};

#endif
