/*
 * Copyright (C) 2020-2025 ArtInChip Technology Co. Ltd
 *
 * SPDX-License-Identifier: Apache-2.0
 *
 *  author: <xiaodong.zhao@artinchip.com>
 *  Desc: mpeg4 picture 311 interface
 *
 */

#include <math.h>
#include <stdio.h>
#include <stdlib.h>
#include <string.h>

#include "mp4_vars.h"
#include "mp4_vld_311.h"

#include "mp4_header.h"
#include "mp4_mblock.h"

#include "mp4_block.h"
#include "mp4_getbits.h"
#include "mp4_global.h"
#include "mp4_predict.h"
#include "mp4_recon.h"
#include "mpeg4_decoder.h"
#include "mpeg_register.h"

extern void MemInitial();

static void set_mv_311(mp4_stream_t *ld, struct mp4_state *mp4_state,
                      motion_vector_t wmv2_pmv);
extern motion_vector_t find_pmv_311(struct mp4_state *mp4_state,
                                    mp4_stream_t *ld);
extern void mp4_set_mb_info(struct mp4_state *_mp4_state);
extern void mp4_save_sw_recon_result(reference_t *ref);
extern void mp4_update_info(struct mp4_state *_mp4_state);

extern void wmv2_8x8_idct(short *block);
extern void hardware_idct(short *block);
extern unsigned int wmv1_scantable[4][64];
void ff_h263_loop_filter(reference_t *ref);
short x8_iqis_out[64];
short x8_idct_out[64];
FILE *fp_x8_iq, *fp_x8_it, *fp_x8_irec;

int my_debug = 0;

extern int DECORE_DEBUG;
#define Debug if (DECORE_DEBUG)

uint8_t wmv1_y_dc_scale_table[32] = {
    0,  8,  8,  8,  8,  8,  9,  9,  10, 10, 11,
    11, 12, 12, 13, 13, 14, 14, 15, 15, 16, 16,
    17, 17, 18, 18, 19, 19, 20, 20, 21, 21
};
uint8_t wmv1_c_dc_scale_table[32] = {
    0,  8,  8,  8,  8,  9,  9,  10, 10, 11, 11,
    12, 12, 13, 13, 14, 14, 15, 15, 16, 16, 17,
    17, 18, 18, 19, 19, 20, 20, 21, 21, 22
};
int x8_orient_lowquant_table_0[] = {
    0x400,  0x400,  0x400,  0x400,  0x400,  0x400,  0x400,  0x400,
    0x400,  0x400,  0x400,  0x400,  0x400,  0x400,  0x400,  0x400,
    0x400,  0x400,  0x400,  0x400,  0x400,  0x400,  0x400,  0x400,
    0x400,  0x400,  0x400,  0x400,  0x400,  0x400,  0x400,  0x400,
    0xc01,  0xc01,  0xc01,  0xc01,  0xc01,  0xc01,  0xc01,  0xc01,
    0xc02,  0xc02,  0xc02,  0xc02,  0xc02,  0xc02,  0xc02,  0xc02,
    0x1003, 0x1003, 0x1003, 0x1003, 0x1004, 0x1004, 0x1004, 0x1004,
    0x1805, 0x1807, 0x1406, 0x1406, 0x1808, 0x1809, 0x180a, 0x180b,
};

int x8_orient_lowquant_table_1[] = {
    0x1400, 0x1400, 0x1401, 0x1401, 0x1402, 0x1402, 0x1406, 0x1406,
    0x1005, 0x1005, 0x1005, 0x1005, 0x1008, 0x1008, 0x1008, 0x1008,
    0x803,  0x803,  0x803,  0x803,  0x803,  0x803,  0x803,  0x803,
    0x803,  0x803,  0x803,  0x803,  0x803,  0x803,  0x803,  0x803,
    0x804,  0x804,  0x804,  0x804,  0x804,  0x804,  0x804,  0x804,
    0x804,  0x804,  0x804,  0x804,  0x804,  0x804,  0x804,  0x804,
    0xc07,  0xc07,  0xc07,  0xc07,  0xc07,  0xc07,  0xc07,  0xc07,
    0x1009, 0x1009, 0x1009, 0x1009, 0x140a, 0x140a, 0x140b, 0x140b,
};

int x8_orient_lowquant_table_2[] = {
    0x800,  0x800,  0x800,  0x800,  0x800,  0x800,  0x800,  0x800,
    0x800,  0x800,  0x800,  0x800,  0x800,  0x800,  0x800,  0x800,
    0x801,  0x801,  0x801,  0x801,  0x801,  0x801,  0x801,  0x801,
    0x801,  0x801,  0x801,  0x801,  0x801,  0x801,  0x801,  0x801,
    0xc02,  0xc02,  0xc02,  0xc02,  0xc02,  0xc02,  0xc02,  0xc02,
    0xc03,  0xc03,  0xc03,  0xc03,  0xc03,  0xc03,  0xc03,  0xc03,
    0xc04,  0xc04,  0xc04,  0xc04,  0xc04,  0xc04,  0xc04,  0xc04,
    0x1805, 0x1806, 0x1407, 0x1407, 0x1808, 0x1809, 0x180a, 0x180b,
};

int x8_orient_lowquant_table_3[] = {
    0xc00,  0xc00,  0xc00,  0xc00,  0xc00,  0xc00,  0xc00,  0xc00,
    0x1001, 0x1001, 0x1001, 0x1001, 0x1002, 0x1002, 0x1002, 0x1002,
    0x803,  0x803,  0x803,  0x803,  0x803,  0x803,  0x803,  0x803,
    0x803,  0x803,  0x803,  0x803,  0x803,  0x803,  0x803,  0x803,
    0x804,  0x804,  0x804,  0x804,  0x804,  0x804,  0x804,  0x804,
    0x804,  0x804,  0x804,  0x804,  0x804,  0x804,  0x804,  0x804,
    0x1405, 0x1405, 0x1406, 0x1406, 0x1007, 0x1007, 0x1007, 0x1007,
    0x1408, 0x1408, 0x1409, 0x1409, 0x140a, 0x140a, 0x140b, 0x140b,
};

int x8_orient_highquant_table_0[] = {
    0x800,  0x800,  0x800,  0x800,  0x800,  0x800,  0x800,  0x800,
    0x800,  0x800,  0x800,  0x800,  0x800,  0x800,  0x800,  0x800,
    0x801,  0x801,  0x801,  0x801,  0x801,  0x801,  0x801,  0x801,
    0x801,  0x801,  0x801,  0x801,  0x801,  0x801,  0x801,  0x801,
    0xc02,  0xc02,  0xc02,  0xc02,  0xc02,  0xc02,  0xc02,  0xc02,
    0xc03,  0xc03,  0xc03,  0xc03,  0xc03,  0xc03,  0xc03,  0xc03,
    0xc04,  0xc04,  0xc04,  0xc04,  0xc04,  0xc04,  0xc04,  0xc04,
    0x1805, 0x1807, 0x1406, 0x1406, 0x1808, 0x1809, 0x180a, 0x180b,
};

int x8_orient_highquant_table_1[] = {
    0x400,   0x400, 0x400,  0x400,  0x400,  0x400,  0x400,   0x400,  0x400,
    0x400,   0x400, 0x400,  0x400,  0x400,  0x400,  0x400,   0x400,  0x400,
    0x400,   0x400, 0x400,  0x400,  0x400,  0x400,  0x400,   0x400,  0x400,
    0x400,   0x400, 0x400,  0x400,  0x400,  0x801,  0x801,   0x801,  0x801,
    0x801,   0x801, 0x801,  0x801,  0x801,  0x801,  0x801,   0x801,  0x801,
    0x801,   0x801, 0x801,  0xc02,  0xc02,  0xc02,  0xc02,   0xc02,  0xc02,
    0xc02,   0xc02, 0x1403, 0x1403, 0x1404, 0x1404, 0x10040, 0x1806, 0x10042,
    0x10044, 0x405, 0x407,  0x408,  0x409,  0x40a,  0x40b
};

int x8_dc_lowquant_table_0[] = {
    0x1400,  0x1400,  0x1402,  0x1402,  0x1001,  0x1001,  0x1001,  0x1001,
    0x1403,  0x1403,  0x1404,  0x1404,  0x1405,  0x1405,  0x1806,  0x1807,
    0x60040, 0x1816,  0x1415,  0x1415,  0x1014,  0x1014,  0x1014,  0x1014,
    0xc13,   0xc13,   0xc13,   0xc13,   0xc13,   0xc13,   0xc13,   0xc13,
    0x811,   0x811,   0x811,   0x811,   0x811,   0x811,   0x811,   0x811,
    0x811,   0x811,   0x811,   0x811,   0x811,   0x811,   0x811,   0x811,
    0x812,   0x812,   0x812,   0x812,   0x812,   0x812,   0x812,   0x812,
    0x812,   0x812,   0x812,   0x812,   0x812,   0x812,   0x812,   0x812,
    0x808,   0x808,   0x808,   0x808,   0x808,   0x808,   0x808,   0x808,
    0x808,   0x808,   0x808,   0x808,   0x808,   0x808,   0x808,   0x808,
    0x809,   0x809,   0x809,   0x809,   0x809,   0x809,   0x809,   0x809,
    0x809,   0x809,   0x809,   0x809,   0x809,   0x809,   0x809,   0x809,
    0x10040, 0x10042, 0x10044, 0x10046, 0x10048, 0x1004a, 0x1004c, 0x1004e,
    0xc18,   0xc18,   0xc18,   0xc18,   0xc18,   0xc18,   0xc18,   0xc18,
    0x817,   0x817,   0x817,   0x817,   0x817,   0x817,   0x817,   0x817,
    0x817,   0x817,   0x817,   0x817,   0x817,   0x817,   0x817,   0x817,
    0x40a,   0x40b,   0x40c,   0x40d,   0x40e,   0x40f,   0x410,   0x419,
    0x41a,   0x41b,   0x41c,   0x41d,   0x41e,   0x41f,   0x420,   0x421};

int x8_dc_lowquant_table_1[] = {
    0x1000,  0x1000,  0x1000, 0x1000, 0x1003, 0x1003,  0x1003, 0x1003, 0xc01,
    0xc01,   0xc01,   0xc01,  0xc01,  0xc01,  0xc01,   0xc01,  0xc02,  0xc02,
    0xc02,   0xc02,   0xc02,  0xc02,  0xc02,  0xc02,   0x1004, 0x1004, 0x1004,
    0x1004,  0x1006,  0x1006, 0x1006, 0x1006, 0xc05,   0xc05,  0xc05,  0xc05,
    0xc05,   0xc05,   0xc05,  0xc05,  0xc07,  0xc07,   0xc07,  0xc07,  0xc07,
    0xc07,   0xc07,   0xc07,  0x1008, 0x1008, 0x1008,  0x1008, 0x1009, 0x1009,
    0x1009,  0x1009,  0x140a, 0x140a, 0x180b, 0x60040, 0x1811, 0x1812, 0x1813,
    0x30086, 0xc0c,   0xc0c,  0xc0c,  0xc0c,  0xc0c,   0xc0c,  0xc0c,  0xc0c,
    0xc0d,   0xc0d,   0xc0d,  0xc0d,  0xc0d,  0xc0d,   0xc0d,  0xc0d,  0x10040,
    0x10042, 0x10044, 0x181c, 0x181d, 0x181f, 0x1820,  0x1821, 0xc15,  0xc15,
    0xc15,   0xc15,   0xc15,  0xc15,  0xc15,  0xc15,   0x414,  0x414,  0x414,
    0x414,   0x414,   0x414,  0x414,  0x414,  0x414,   0x414,  0x414,  0x414,
    0x414,   0x414,   0x414,  0x414,  0x414,  0x414,   0x414,  0x414,  0x414,
    0x414,   0x414,   0x414,  0x414,  0x414,  0x414,   0x414,  0x414,  0x414,
    0x414,   0x414,   0x40e,  0x40f,  0x410,  0x419,   0x41a,  0x41b,  0x416,
    0x416,   0x416,   0x416,  0x817,  0x817,  0xc18,   0xc1e
};

int x8_dc_lowquant_table_2[] = {
    0x1000, 0x1000, 0x1000, 0x1000, 0x1003, 0x1003, 0x1003,  0x1003,  0xc01,
    0xc01,  0xc01,  0xc01,  0xc01,  0xc01,  0xc01,  0xc01,   0xc02,   0xc02,
    0xc02,  0xc02,  0xc02,  0xc02,  0xc02,  0xc02,  0x1004,  0x1004,  0x1004,
    0x1004, 0x1005, 0x1005, 0x1005, 0x1005, 0x1006, 0x1006,  0x1006,  0x1006,
    0x1007, 0x1007, 0x1007, 0x1007, 0x1808, 0x1809, 0x10040, 0x60042, 0x1011,
    0x1011, 0x1011, 0x1011, 0xc12,  0xc12,  0xc12,  0xc12,   0xc12,   0xc12,
    0xc12,  0xc12,  0x1013, 0x1013, 0x1013, 0x1013, 0x1414,  0x1414,  0x1815,
    0x1816, 0x40a,  0x40b,  0x180c, 0x180d, 0x180e, 0x180f,  0x1810,  0x1819,
    0x181a, 0x181b, 0x181c, 0x181d, 0x181e, 0x181f, 0x1420,  0x1420,  0x1421,
    0x1421, 0x818,  0x818,  0x818,  0x818,  0x818,  0x818,   0x818,   0x818,
    0x818,  0x818,  0x818,  0x818,  0x818,  0x818,  0x818,   0x818,   0x417,
    0x417,  0x417,  0x417,  0x417,  0x417,  0x417,  0x417,   0x417,   0x417,
    0x417,  0x417,  0x417,  0x417,  0x417,  0x417,  0x417,   0x417,   0x417,
    0x417,  0x417,  0x417,  0x417,  0x417,  0x417,  0x417,   0x417,   0x417,
    0x417,  0x417,  0x417,  0x417
};

int x8_dc_lowquant_table_3[] = {
    0x1000,  0x1000,  0x1000,  0x1000,  0x1006,  0x1006,  0x1006,  0x1006,
    0xc02,   0xc02,   0xc02,   0xc02,   0xc02,   0xc02,   0xc02,   0xc02,
    0x801,   0x801,   0x801,   0x801,   0x801,   0x801,   0x801,   0x801,
    0x801,   0x801,   0x801,   0x801,   0x801,   0x801,   0x801,   0x801,
    0xc03,   0xc03,   0xc03,   0xc03,   0xc03,   0xc03,   0xc03,   0xc03,
    0xc04,   0xc04,   0xc04,   0xc04,   0xc04,   0xc04,   0xc04,   0xc04,
    0xc05,   0xc05,   0xc05,   0xc05,   0xc05,   0xc05,   0xc05,   0xc05,
    0x1007,  0x1007,  0x1007,  0x1007,  0x1808,  0x1809,  0x60040, 0x20092,
    0x40a,   0x40a,   0x40a,   0x40a,   0x40a,   0x40a,   0x40a,   0x40a,
    0x40a,   0x40a,   0x40a,   0x40a,   0x40a,   0x40a,   0x40a,   0x40a,
    0x40a,   0x40a,   0x40a,   0x40a,   0x40a,   0x40a,   0x40a,   0x40a,
    0x40a,   0x40a,   0x40a,   0x40a,   0x40a,   0x40a,   0x40a,   0x40a,
    0x80b,   0x80b,   0x80b,   0x80b,   0x80b,   0x80b,   0x80b,   0x80b,
    0x80b,   0x80b,   0x80b,   0x80b,   0x80b,   0x80b,   0x80b,   0x80b,
    0x20040, 0x10044, 0x10046, 0x10048, 0x1004a, 0x1004c, 0x1004e, 0x10050,
    0xc11,   0xc11,   0xc11,   0xc11,   0xc11,   0xc11,   0xc11,   0xc11,
    0x80c,   0x80d,   0x80e,   0x80f,   0x410,   0x415,   0x416,   0x417,
    0x418,   0x419,   0x41a,   0x41b,   0x41c,   0x41d,   0x41e,   0x41f,
    0x420,   0x421,   0x412,   0x412,   0x813,   0x814
};

int x8_dc_lowquant_table_4[] = {
    0x60040, 0x10080, 0x10082, 0x10084, 0x10086, 0x10088, 0x1008a, 0x1008c,
    0x1008e, 0x10090, 0x10092, 0x10094, 0x10096, 0x10098, 0x1009a, 0x1009c,
    0x812,   0x812,   0x812,   0x812,   0x812,   0x812,   0x812,   0x812,
    0x812,   0x812,   0x812,   0x812,   0x812,   0x812,   0x812,   0x812,
    0x411,   0x411,   0x411,   0x411,   0x411,   0x411,   0x411,   0x411,
    0x411,   0x411,   0x411,   0x411,   0x411,   0x411,   0x411,   0x411,
    0x411,   0x411,   0x411,   0x411,   0x411,   0x411,   0x411,   0x411,
    0x411,   0x411,   0x411,   0x411,   0x411,   0x411,   0x411,   0x411,
    0x400,   0x400,   0x400,   0x400,   0x400,   0x400,   0x400,   0x400,
    0x400,   0x400,   0x400,   0x400,   0x400,   0x400,   0x400,   0x400,
    0x400,   0x400,   0x400,   0x400,   0x400,   0x400,   0x400,   0x400,
    0x400,   0x400,   0x400,   0x400,   0x400,   0x400,   0x400,   0x400,
    0x401,   0x401,   0x401,   0x401,   0x401,   0x401,   0x401,   0x401,
    0x401,   0x401,   0x401,   0x401,   0x401,   0x401,   0x401,   0x401,
    0x401,   0x401,   0x401,   0x401,   0x401,   0x401,   0x401,   0x401,
    0x401,   0x401,   0x401,   0x401,   0x401,   0x401,   0x401,   0x401,
    0x402,   0x403,   0x404,   0x405,   0x406,   0x407,   0x408,   0x409,
    0x40a,   0x40b,   0x40c,   0x40d,   0x40e,   0x40f,   0x410,   0x413,
    0x414,   0x415,   0x416,   0x417,   0x418,   0x419,   0x41a,   0x41b,
    0x41c,   0x41d,   0x41e,   0x41f,   0x420,   0x421
};

int x8_dc_lowquant_table_5[] = {
    0x1400,  0x1400,  0x1402,  0x1402,  0x1001,  0x1001, 0x1001,  0x1001,
    0x1803,  0x1804,  0x1805,  0x10040, 0x1807,  0x1809, 0x20042, 0x60046,
    0xc11,   0xc11,   0xc11,   0xc11,   0xc11,   0xc11,  0xc11,   0xc11,
    0xc13,   0xc13,   0xc13,   0xc13,   0xc13,   0xc13,  0xc13,   0xc13,
    0x412,   0x412,   0x412,   0x412,   0x412,   0x412,  0x412,   0x412,
    0x412,   0x412,   0x412,   0x412,   0x412,   0x412,  0x412,   0x412,
    0x412,   0x412,   0x412,   0x412,   0x412,   0x412,  0x412,   0x412,
    0x412,   0x412,   0x412,   0x412,   0x412,   0x412,  0x412,   0x412,
    0x406,   0x408,   0x80a,   0x80c,   0x40b,   0x40b,  0x60040, 0x10080,
    0x10082, 0x10084, 0x10086, 0x10088, 0x1008a, 0x1821, 0xc16,   0xc16,
    0xc16,   0xc16,   0xc16,   0xc16,   0xc16,   0xc16,  0x815,   0x815,
    0x815,   0x815,   0x815,   0x815,   0x815,   0x815,  0x815,   0x815,
    0x815,   0x815,   0x815,   0x815,   0x815,   0x815,  0x414,   0x414,
    0x414,   0x414,   0x414,   0x414,   0x414,   0x414,  0x414,   0x414,
    0x414,   0x414,   0x414,   0x414,   0x414,   0x414,  0x414,   0x414,
    0x414,   0x414,   0x414,   0x414,   0x414,   0x414,  0x414,   0x414,
    0x414,   0x414,   0x414,   0x414,   0x414,   0x414,  0x40d,   0x40d,
    0x40d,   0x40d,   0x40d,   0x40d,   0x40d,   0x40d,  0x40d,   0x40d,
    0x40d,   0x40d,   0x40d,   0x40d,   0x40d,   0x40d,  0x40d,   0x40d,
    0x40d,   0x40d,   0x40d,   0x40d,   0x40d,   0x40d,  0x40d,   0x40d,
    0x40d,   0x40d,   0x40d,   0x40d,   0x40d,   0x40d,  0x40e,   0x40e,
    0x40e,   0x40e,   0x40e,   0x40e,   0x40e,   0x40e,  0x40e,   0x40e,
    0x40e,   0x40e,   0x40e,   0x40e,   0x40e,   0x40e,  0x40e,   0x40e,
    0x40e,   0x40e,   0x40e,   0x40e,   0x40e,   0x40e,  0x40e,   0x40e,
    0x40e,   0x40e,   0x40e,   0x40e,   0x40e,   0x40e,  0x40f,   0x410,
    0x417,   0x418,   0x419,   0x41a,   0x41b,   0x41c,  0x41d,   0x41e,
    0x41f,   0x420
};

int x8_dc_lowquant_table_6[] = {
    0x1000, 0x1000,  0x1000,  0x1000,  0x1004,  0x1004, 0x1004, 0x1004, 0xc02,
    0xc02,  0xc02,   0xc02,   0xc02,   0xc02,   0xc02,  0xc02,  0x801,  0x801,
    0x801,  0x801,   0x801,   0x801,   0x801,   0x801,  0x801,  0x801,  0x801,
    0x801,  0x801,   0x801,   0x801,   0x801,   0xc03,  0xc03,  0xc03,  0xc03,
    0xc03,  0xc03,   0xc03,   0xc03,   0x1005,  0x1005, 0x1005, 0x1005, 0x1406,
    0x1406, 0x1807,  0x10040, 0x60042, 0x1814,  0x1413, 0x1413, 0x1011, 0x1011,
    0x1011, 0x1011,  0xc12,   0xc12,   0xc12,   0xc12,  0xc12,  0xc12,  0xc12,
    0xc12,  0x408,   0x409,   0x80a,   0x80a,   0x80a,  0x80a,  0x80a,  0x80a,
    0x80a,  0x80a,   0x80a,   0x80a,   0x80a,   0x80a,  0x80a,  0x80a,  0x80a,
    0x80a,  0x20040, 0x20044, 0x20048, 0x2004c, 0x100d, 0x100d, 0x100d, 0x100d,
    0xc0e,  0xc0e,   0xc0e,   0xc0e,   0xc0e,   0xc0e,  0xc0e,  0xc0e,  0x815,
    0x815,  0x815,   0x815,   0x815,   0x815,   0x815,  0x815,  0x815,  0x815,
    0x815,  0x815,   0x815,   0x815,   0x815,   0x815,  0x816,  0x816,  0x816,
    0x816,  0x816,   0x816,   0x816,   0x816,   0x816,  0x816,  0x816,  0x816,
    0x816,  0x816,   0x816,   0x816,   0x80b,   0x80c,  0x80f,  0x810,  0x817,
    0x818,  0x819,   0x81a,   0x81b,   0x81c,   0x81d,  0x81e,  0x81f,  0x820,
    0x421,  0x421
};

int x8_dc_lowquant_table_7[] = {
    0x1800,  0x1801, 0x1802,  0x10040, 0x1805,  0x1806,  0x1807, 0x20042,
    0x60046, 0x1815, 0x1414,  0x1414,  0x1013,  0x1013,  0x1013, 0x1013,
    0x812,   0x812,  0x812,   0x812,   0x812,   0x812,   0x812,  0x812,
    0x812,   0x812,  0x812,   0x812,   0x812,   0x812,   0x812,  0x812,
    0x411,   0x411,  0x411,   0x411,   0x411,   0x411,   0x411,  0x411,
    0x411,   0x411,  0x411,   0x411,   0x411,   0x411,   0x411,  0x411,
    0x411,   0x411,  0x411,   0x411,   0x411,   0x411,   0x411,  0x411,
    0x411,   0x411,  0x411,   0x411,   0x411,   0x411,   0x411,  0x411,
    0x403,   0x404,  0x408,   0x408,   0x809,   0x80a,   0xc0b,  0xc0b,
    0xc0b,   0xc0b,  0xc0b,   0xc0b,   0xc0b,   0xc0b,   0x100c, 0x100c,
    0x100c,  0x100c, 0x20040, 0x20044, 0x20048, 0x1004c, 0x817,  0x817,
    0x817,   0x817,  0x817,   0x817,   0x817,   0x817,   0x817,  0x817,
    0x817,   0x817,  0x817,   0x817,   0x817,   0x817,   0x416,  0x416,
    0x416,   0x416,  0x416,   0x416,   0x416,   0x416,   0x416,  0x416,
    0x416,   0x416,  0x416,   0x416,   0x416,   0x416,   0x416,  0x416,
    0x416,   0x416,  0x416,   0x416,   0x416,   0x416,   0x416,  0x416,
    0x416,   0x416,  0x416,   0x416,   0x416,   0x416,   0x80d,  0x80e,
    0x80f,   0x810,  0x818,   0x819,   0x81a,   0x81b,   0x81c,  0x81d,
    0x81e,   0x81f,  0x420,   0x421
};

int x8_dc_highquant_table_0[] = {
    0x1400, 0x1400, 0x1403, 0x1403, 0x1001,  0x1001,  0x1001, 0x1001, 0x1002,
    0x1002, 0x1002, 0x1002, 0x1404, 0x1404,  0x1406,  0x1406, 0x1005, 0x1005,
    0x1005, 0x1005, 0x1407, 0x1407, 0x10040, 0x60042, 0xc11,  0xc11,  0xc11,
    0xc11,  0xc11,  0xc11,  0xc11,  0xc11,   0x812,   0x812,  0x812,  0x812,
    0x812,  0x812,  0x812,  0x812,  0x812,   0x812,   0x812,  0x812,  0x812,
    0x812,  0x812,  0x812,  0xc13,  0xc13,   0xc13,   0xc13,  0xc13,  0xc13,
    0xc13,  0xc13,  0x1014, 0x1014, 0x1014,  0x1014,  0x1415, 0x1415, 0x1416,
    0x1416, 0x408,  0x409,  0x180a, 0x180b,  0x180c,  0x180d, 0x180e, 0x180f,
    0x1810, 0x1819, 0x181a, 0x181b, 0x181c,  0x181d,  0x181e, 0x181f, 0x1820,
    0x1821, 0x818,  0x818,  0x818,  0x818,   0x818,   0x818,  0x818,  0x818,
    0x818,  0x818,  0x818,  0x818,  0x818,   0x818,   0x818,  0x818,  0x417,
    0x417,  0x417,  0x417,  0x417,  0x417,   0x417,   0x417,  0x417,  0x417,
    0x417,  0x417,  0x417,  0x417,  0x417,   0x417,   0x417,  0x417,  0x417,
    0x417,  0x417,  0x417,  0x417,  0x417,   0x417,   0x417,  0x417,  0x417,
    0x417,  0x417,  0x417,  0x417
};

int x8_dc_highquant_table_1[] = {
    0xc00,  0xc00,  0xc00,  0xc00,  0xc00,   0xc00,   0xc00,  0xc00,   0xc01,
    0xc01,  0xc01,  0xc01,  0xc01,  0xc01,   0xc01,   0xc01,  0xc02,   0xc02,
    0xc02,  0xc02,  0xc02,  0xc02,  0xc02,   0xc02,   0x1003, 0x1003,  0x1003,
    0x1003, 0x1004, 0x1004, 0x1004, 0x1004,  0xc05,   0xc05,  0xc05,   0xc05,
    0xc05,  0xc05,  0xc05,  0xc05,  0x1006,  0x1006,  0x1006, 0x1006,  0x1007,
    0x1007, 0x1007, 0x1007, 0x1808, 0x10040, 0x50042, 0x1811, 0x1012,  0x1012,
    0x1012, 0x1012, 0x1413, 0x1413, 0x1414,  0x1414,  0x1815, 0x10062, 0x1416,
    0x1416, 0x409,  0x40a,  0x140b, 0x140c,  0x140d,  0x140e, 0x140f,  0x1410,
    0x1419, 0x141b, 0x141c, 0x141d, 0x141e,  0x141f,  0x1020, 0x1020,  0x1021,
    0x1021, 0x417,  0x417,  0x417,  0x417,   0x417,   0x417,  0x417,   0x417,
    0x417,  0x417,  0x417,  0x417,  0x417,   0x417,   0x417,  0x417,   0x418,
    0x41a
};

int x8_dc_highquant_table_2[] = {
    0x60040, 0x1802,  0x10080, 0x1804,  0x60082, 0x1815, 0x1414, 0x1414, 0xc13,
    0xc13,   0xc13,   0xc13,   0xc13,   0xc13,   0xc13,  0xc13,  0x812,  0x812,
    0x812,   0x812,   0x812,   0x812,   0x812,   0x812,  0x812,  0x812,  0x812,
    0x812,   0x812,   0x812,   0x812,   0x812,   0x411,  0x411,  0x411,  0x411,
    0x411,   0x411,   0x411,   0x411,   0x411,   0x411,  0x411,  0x411,  0x411,
    0x411,   0x411,   0x411,   0x411,   0x411,   0x411,  0x411,  0x411,  0x411,
    0x411,   0x411,   0x411,   0x411,   0x411,   0x411,  0x411,  0x411,  0x411,
    0x411,   0x400,   0x400,   0x400,   0x400,   0x400,  0x400,  0x400,  0x400,
    0x400,   0x400,   0x400,   0x400,   0x400,   0x400,  0x400,  0x400,  0x400,
    0x400,   0x400,   0x400,   0x400,   0x400,   0x400,  0x400,  0x400,  0x400,
    0x400,   0x400,   0x400,   0x400,   0x400,   0x400,  0x401,  0x401,  0x401,
    0x401,   0x401,   0x401,   0x401,   0x401,   0x401,  0x401,  0x401,  0x401,
    0x401,   0x401,   0x401,   0x401,   0x401,   0x401,  0x401,  0x401,  0x401,
    0x401,   0x401,   0x401,   0x401,   0x401,   0x401,  0x401,  0x401,  0x401,
    0x401,   0x401,   0x403,   0x405,   0x806,   0x806,  0x806,  0x806,  0x806,
    0x806,   0x806,   0x806,   0x806,   0x806,   0x806,  0x806,  0x806,  0x806,
    0x806,   0x806,   0x807,   0x807,   0x807,   0x807,  0x807,  0x807,  0x807,
    0x807,   0x807,   0x807,   0x807,   0x807,   0x807,  0x807,  0x807,  0x807,
    0x10040, 0x10042, 0x10044, 0x10046, 0x1810,  0x1817, 0x1818, 0x1819, 0x181a,
    0x181b,  0x181c,  0x181d,  0x181e,  0x181f,  0x1820, 0x1821, 0x816,  0x816,
    0x816,   0x816,   0x816,   0x816,   0x816,   0x816,  0x816,  0x816,  0x816,
    0x816,   0x816,   0x816,   0x816,   0x816,   0x408,  0x409,  0x40a,  0x40b,
    0x40c,   0x40d,   0x40e,   0x40f
};

int x8_dc_highquant_table_3[] = {
    0x1000,  0x1000, 0x1000,  0x1000,  0x1003, 0x1003, 0x1003, 0x1003, 0xc01,
    0xc01,   0xc01,  0xc01,   0xc01,   0xc01,  0xc01,  0xc01,  0xc02,  0xc02,
    0xc02,   0xc02,  0xc02,   0xc02,   0xc02,  0xc02,  0x1004, 0x1004, 0x1004,
    0x1004,  0x1408, 0x1408,  0x1409,  0x1409, 0xc05,  0xc05,  0xc05,  0xc05,
    0xc05,   0xc05,  0xc05,   0xc05,   0xc06,  0xc06,  0xc06,  0xc06,  0xc06,
    0xc06,   0xc06,  0xc06,   0xc07,   0xc07,  0xc07,  0xc07,  0xc07,  0xc07,
    0xc07,   0xc07,  0x50040, 0x10060, 0x1411, 0x1411, 0x1813, 0x1814, 0x10062,
    0x10064, 0x40a,  0x40a,   0x40a,   0x40a,  0x40a,  0x40a,  0x40a,  0x40a,
    0x40a,   0x40a,  0x40a,   0x40a,   0x40a,  0x40a,  0x40a,  0x40a,  0x140b,
    0x140c,  0x140d, 0x140e,  0x140f,  0x1410, 0x1419, 0x141a, 0x141b, 0x141d,
    0x141e,  0x141f, 0x1020,  0x1020,  0x1021, 0x1021, 0x412,  0x415,  0x416,
    0x417,   0x418,  0x41c
};

int x8_dc_highquant_table_4[] = {
    0x60040, 0x10080, 0x60082, 0x1815,  0x1014,  0x1014,  0x1014,  0x1014,
    0xc13,   0xc13,   0xc13,   0xc13,   0xc13,   0xc13,   0xc13,   0xc13,
    0x811,   0x811,   0x811,   0x811,   0x811,   0x811,   0x811,   0x811,
    0x811,   0x811,   0x811,   0x811,   0x811,   0x811,   0x811,   0x811,
    0x412,   0x412,   0x412,   0x412,   0x412,   0x412,   0x412,   0x412,
    0x412,   0x412,   0x412,   0x412,   0x412,   0x412,   0x412,   0x412,
    0x412,   0x412,   0x412,   0x412,   0x412,   0x412,   0x412,   0x412,
    0x412,   0x412,   0x412,   0x412,   0x412,   0x412,   0x412,   0x412,
    0x800,   0x800,   0x800,   0x800,   0x800,   0x800,   0x800,   0x800,
    0x800,   0x800,   0x800,   0x800,   0x800,   0x800,   0x800,   0x800,
    0xc04,   0xc04,   0xc04,   0xc04,   0xc04,   0xc04,   0xc04,   0xc04,
    0xc06,   0xc06,   0xc06,   0xc06,   0xc06,   0xc06,   0xc06,   0xc06,
    0x401,   0x401,   0x401,   0x401,   0x401,   0x401,   0x401,   0x401,
    0x401,   0x401,   0x401,   0x401,   0x401,   0x401,   0x401,   0x401,
    0x401,   0x401,   0x401,   0x401,   0x401,   0x401,   0x401,   0x401,
    0x401,   0x401,   0x401,   0x401,   0x401,   0x401,   0x401,   0x401,
    0x402,   0x403,   0x805,   0x805,   0x805,   0x805,   0x805,   0x805,
    0x805,   0x805,   0x805,   0x805,   0x805,   0x805,   0x805,   0x805,
    0x805,   0x805,   0x20040, 0x20044, 0x10048, 0x1004a, 0x1004c, 0x1004e,
    0x10050, 0x10052, 0xc17,   0xc17,   0xc17,   0xc17,   0xc17,   0xc17,
    0xc17,   0xc17,   0x416,   0x416,   0x416,   0x416,   0x416,   0x416,
    0x416,   0x416,   0x416,   0x416,   0x416,   0x416,   0x416,   0x416,
    0x416,   0x416,   0x416,   0x416,   0x416,   0x416,   0x416,   0x416,
    0x416,   0x416,   0x416,   0x416,   0x416,   0x416,   0x416,   0x416,
    0x416,   0x416,   0x807,   0x808,   0x809,   0x80a,   0x80b,   0x80c,
    0x80d,   0x80e,   0x40f,   0x410,   0x418,   0x419,   0x41a,   0x41b,
    0x41c,   0x41d,   0x41e,   0x41f,   0x420,   0x421
};

int x8_dc_highquant_table_5[] = {
    0x60040, 0x1802, 0x1803, 0x1804, 0x1805, 0x1806, 0x1807, 0x1808, 0x1809,
    0x180a,  0x180b, 0x180c, 0x180d, 0x180e, 0x180f, 0x1810, 0x1811, 0x1812,
    0x1813,  0x1814, 0x1815, 0x1816, 0x1817, 0x1818, 0x1819, 0x181a, 0x181c,
    0x181d,  0x181e, 0x181f, 0x1820, 0x1821, 0x41b,  0x41b,  0x41b,  0x41b,
    0x41b,   0x41b,  0x41b,  0x41b,  0x41b,  0x41b,  0x41b,  0x41b,  0x41b,
    0x41b,   0x41b,  0x41b,  0x41b,  0x41b,  0x41b,  0x41b,  0x41b,  0x41b,
    0x41b,   0x41b,  0x41b,  0x41b,  0x41b,  0x41b,  0x41b,  0x41b,  0x41b,
    0x41b,   0x400,  0x400,  0x400,  0x400,  0x400,  0x400,  0x400,  0x400,
    0x400,   0x400,  0x400,  0x400,  0x400,  0x400,  0x400,  0x400,  0x400,
    0x400,   0x400,  0x400,  0x400,  0x400,  0x400,  0x400,  0x400,  0x400,
    0x400,   0x400,  0x400,  0x400,  0x400,  0x400,  0x401,  0x401,  0x401,
    0x401,   0x401,  0x401,  0x401,  0x401,  0x401,  0x401,  0x401,  0x401,
    0x401,   0x401,  0x401,  0x401,  0x401,  0x401,  0x401,  0x401,  0x401,
    0x401,   0x401,  0x401,  0x401,  0x401,  0x401,  0x401,  0x401,  0x401,
    0x401,   0x401
};

int x8_dc_highquant_table_6[] = {
    0x1400,  0x1400,  0x1402,  0x1402,  0x1001,  0x1001,  0x1001,  0x1001,
    0x1403,  0x1403,  0x1804,  0x1806,  0x1405,  0x1405,  0x1807,  0x60040,
    0x811,   0x811,   0x811,   0x811,   0x811,   0x811,   0x811,   0x811,
    0x811,   0x811,   0x811,   0x811,   0x811,   0x811,   0x811,   0x811,
    0x812,   0x812,   0x812,   0x812,   0x812,   0x812,   0x812,   0x812,
    0x812,   0x812,   0x812,   0x812,   0x812,   0x812,   0x812,   0x812,
    0xc13,   0xc13,   0xc13,   0xc13,   0xc13,   0xc13,   0xc13,   0xc13,
    0x1014,  0x1014,  0x1014,  0x1014,  0x1415,  0x1415,  0x1416,  0x1416,
    0x808,   0x808,   0x808,   0x808,   0x808,   0x808,   0x808,   0x808,
    0x808,   0x808,   0x808,   0x808,   0x808,   0x808,   0x808,   0x808,
    0x809,   0x809,   0x809,   0x809,   0x809,   0x809,   0x809,   0x809,
    0x809,   0x809,   0x809,   0x809,   0x809,   0x809,   0x809,   0x809,
    0x10040, 0x10042, 0x10044, 0x10046, 0x10048, 0x1004a, 0x1004c, 0x1004e,
    0xc18,   0xc18,   0xc18,   0xc18,   0xc18,   0xc18,   0xc18,   0xc18,
    0x817,   0x817,   0x817,   0x817,   0x817,   0x817,   0x817,   0x817,
    0x817,   0x817,   0x817,   0x817,   0x817,   0x817,   0x817,   0x817,
    0x40a,   0x40b,   0x40c,   0x40d,   0x40e,   0x40f,   0x410,   0x419,
    0x41a,   0x41b,   0x41c,   0x41d,   0x41e,   0x41f,   0x420,   0x421
};

int x8_dc_highquant_table_7[] = {
    0x60040, 0x10080, 0x10082, 0x10084, 0x10086, 0x10088, 0x1008a, 0x1008c,
    0x1008e, 0x10090, 0x10092, 0x10094, 0x10096, 0x10098, 0x1009a, 0x1009c,
    0x812,   0x812,   0x812,   0x812,   0x812,   0x812,   0x812,   0x812,
    0x812,   0x812,   0x812,   0x812,   0x812,   0x812,   0x812,   0x812,
    0x411,   0x411,   0x411,   0x411,   0x411,   0x411,   0x411,   0x411,
    0x411,   0x411,   0x411,   0x411,   0x411,   0x411,   0x411,   0x411,
    0x411,   0x411,   0x411,   0x411,   0x411,   0x411,   0x411,   0x411,
    0x411,   0x411,   0x411,   0x411,   0x411,   0x411,   0x411,   0x411,
    0x400,   0x400,   0x400,   0x400,   0x400,   0x400,   0x400,   0x400,
    0x400,   0x400,   0x400,   0x400,   0x400,   0x400,   0x400,   0x400,
    0x400,   0x400,   0x400,   0x400,   0x400,   0x400,   0x400,   0x400,
    0x400,   0x400,   0x400,   0x400,   0x400,   0x400,   0x400,   0x400,
    0x401,   0x401,   0x401,   0x401,   0x401,   0x401,   0x401,   0x401,
    0x401,   0x401,   0x401,   0x401,   0x401,   0x401,   0x401,   0x401,
    0x401,   0x401,   0x401,   0x401,   0x401,   0x401,   0x401,   0x401,
    0x401,   0x401,   0x401,   0x401,   0x401,   0x401,   0x401,   0x401,
    0x402,   0x403,   0x404,   0x405,   0x406,   0x407,   0x408,   0x409,
    0x40a,   0x40b,   0x40c,   0x40d,   0x40e,   0x40f,   0x410,   0x413,
    0x414,   0x415,   0x416,   0x417,   0x418,   0x419,   0x41a,   0x41b,
    0x41c,   0x41d,   0x41e,   0x41f,   0x420,   0x421
};

int x8_ac0_lowquant_table_0[] = {
    0x800,   0x800,   0x800,   0x800,   0x800,   0x800,   0x800,   0x800,
    0x800,   0x800,   0x800,   0x800,   0x800,   0x800,   0x800,   0x800,
    0xc01,   0xc01,   0xc01,   0xc01,   0xc01,   0xc01,   0xc01,   0xc01,
    0x1002,  0x1002,  0x1002,  0x1002,  0x1403,  0x1403,  0x1804,  0x10040,
    0x40042, 0x40052, 0x10062, 0x1814,  0x1010,  0x1010,  0x1010,  0x1010,
    0x10064, 0x181c,  0x1419,  0x1419,  0x1017,  0x1017,  0x1017,  0x1017,
    0x1018,  0x1018,  0x1018,  0x1018,  0x141a,  0x141a,  0x141b,  0x141b,
    0x181d,  0x181e,  0x181f,  0x10066, 0x10068, 0x1006a, 0x6006c, 0x200c8,
    0x405,   0x406,   0x407,   0x407,   0x407,   0x407,   0x407,   0x407,
    0x407,   0x407,   0xc08,   0xc08,   0x100c,  0x100d,  0x809,   0x809,
    0x809,   0x809,   0x80a,   0x80a,   0x80a,   0x80a,   0x80b,   0x80b,
    0x80b,   0x80b,   0x100e,  0x100f,  0xc12,   0xc12,   0x1013,  0x1029,
    0xc28,   0xc28,   0x411,   0x415,   0x416,   0x420,   0x421,   0x422,
    0x423,   0x424,   0x425,   0x426,   0x827,   0x827,   0x827,   0x827,
    0x827,   0x827,   0x827,   0x827,   0x827,   0x827,   0x827,   0x827,
    0x827,   0x827,   0x827,   0x827,   0x20040, 0x20044, 0x20048, 0x2004c,
    0x102e,  0x102e,  0x102e,  0x102e,  0xc30,   0xc30,   0xc30,   0xc30,
    0xc30,   0xc30,   0xc30,   0xc30,   0x834,   0x834,   0x834,   0x834,
    0x834,   0x834,   0x834,   0x834,   0x834,   0x834,   0x834,   0x834,
    0x834,   0x834,   0x834,   0x834,   0x1039,  0x1039,  0x1039,  0x1039,
    0x20050, 0x20054, 0x10058, 0x1005a, 0xc3e,   0xc3e,   0xc3e,   0xc3e,
    0xc3e,   0xc3e,   0xc3e,   0xc3e,   0x82a,   0x82b,   0x82c,   0x82d,
    0x82f,   0x831,   0x832,   0x833,   0x835,   0x836,   0x837,   0x838,
    0x83a,   0x83f,   0x840,   0x841,   0x842,   0x843,   0x844,   0x845,
    0x846,   0x847,   0x448,   0x448,   0x449,   0x44a,   0x44b,   0x44c,
    0x43b,   0x43b,   0x83c,   0x83d
};

int x8_ac0_lowquant_table_1[] = {
    0xc00,   0xc00,   0xc00,   0xc00,   0xc00,   0xc00,   0xc00,   0xc00,
    0x1401,  0x1401,  0x20040, 0x1803,  0x1804,  0x60044, 0x1810,  0x200ae,
    0x817,   0x817,   0x817,   0x817,   0x817,   0x817,   0x817,   0x817,
    0x817,   0x817,   0x817,   0x817,   0x817,   0x817,   0x817,   0x817,
    0xc18,   0xc18,   0xc18,   0xc18,   0xc18,   0xc18,   0xc18,   0xc18,
    0x1419,  0x1419,  0x181d,  0x100b2, 0x101a,  0x101a,  0x101a,  0x101a,
    0x101b,  0x101b,  0x101b,  0x101b,  0x101c,  0x101c,  0x101c,  0x101c,
    0x200b4, 0x200b8, 0x1824,  0x1825,  0x1826,  0x1827,  0x200bc, 0x183b,
    0x402,   0x402,   0x805,   0x806,   0x807,   0x807,   0x807,   0x807,
    0x807,   0x807,   0x807,   0x807,   0x807,   0x807,   0x807,   0x807,
    0x807,   0x807,   0x807,   0x807,   0x20040, 0x20044, 0x20048, 0x2004c,
    0x20050, 0x10054, 0x10056, 0x10058, 0x1005a, 0x1005c, 0x1005e, 0x10060,
    0x10062, 0x10064, 0x10066, 0x10068, 0x40a,   0x40a,   0x40a,   0x40a,
    0x40a,   0x40a,   0x40a,   0x40a,   0x40a,   0x40a,   0x40a,   0x40a,
    0x40a,   0x40a,   0x40a,   0x40a,   0x40a,   0x40a,   0x40a,   0x40a,
    0x40a,   0x40a,   0x40a,   0x40a,   0x40a,   0x40a,   0x40a,   0x40a,
    0x40a,   0x40a,   0x40a,   0x40a,   0x808,   0x809,   0x80b,   0x80c,
    0x80d,   0x80e,   0x80f,   0x812,   0x814,   0x815,   0x816,   0x829,
    0x82d,   0x82e,   0x82f,   0x831,   0x832,   0x833,   0x434,   0x434,
    0x435,   0x436,   0x437,   0x438,   0x439,   0x43a,   0x43c,   0x43d,
    0x43e,   0x43f,   0x440,   0x442,   0x443,   0x444,   0x445,   0x446,
    0x447,   0x448,   0x449,   0x44a,   0x44b,   0x44c,   0x811,   0x813,
    0x41e,   0x41e,   0x41f,   0x420,   0x421,   0x421,   0x822,   0x828,
    0x423,   0x423,   0x82a,   0x82b,   0x82c,   0x830,   0x441,   0x441,
};

int x8_ac0_lowquant_table_2[] = {
    0x800,  0x800,   0x800,   0x800,   0x800,   0x800,   0x800,   0x800,
    0x800,  0x800,   0x800,   0x800,   0x800,   0x800,   0x800,   0x800,
    0xc01,  0xc01,   0xc01,   0xc01,   0xc01,   0xc01,   0xc01,   0xc01,
    0xc02,  0xc02,   0xc02,   0xc02,   0xc02,   0xc02,   0xc02,   0xc02,
    0x1003, 0x1003,  0x1003,  0x1003,  0x1404,  0x1404,  0x1405,  0x1405,
    0x1806, 0x1807,  0x10040, 0x20042, 0x60046, 0x1811,  0x1814,  0x2009e,
    0x1010, 0x1010,  0x1010,  0x1010,  0x1417,  0x1417,  0x1818,  0x1819,
    0x181a, 0x100a2, 0x100a4, 0x100a6, 0x100a8, 0x100aa, 0x600ac, 0x200f4,
    0x408,  0x409,   0x40a,   0x40a,   0x80b,   0x80c,   0x80d,   0x80d,
    0x80d,  0x80d,   0x80d,   0x80d,   0x80d,   0x80d,   0x80d,   0x80d,
    0x80d,  0x80d,   0x80d,   0x80d,   0x80d,   0x80d,   0xc0e,   0xc0e,
    0xc0e,  0xc0e,   0xc0e,   0xc0e,   0xc0e,   0xc0e,   0x100f,  0x100f,
    0x100f, 0x100f,  0x40040, 0x182a,  0x1831,  0x30050, 0x812,   0x812,
    0x812,  0x812,   0x812,   0x812,   0x812,   0x812,   0x812,   0x812,
    0x812,  0x812,   0x812,   0x812,   0x812,   0x812,   0xc13,   0xc13,
    0xc13,  0xc13,   0xc13,   0xc13,   0xc13,   0xc13,   0xc15,   0xc15,
    0xc15,  0xc15,   0xc15,   0xc15,   0xc15,   0xc15,   0x1027,  0x1028,
    0xc29,  0xc29,   0xc2b,   0xc2b,   0xc2c,   0xc2c,   0xc2d,   0xc2d,
    0xc32,  0xc32,   0xc33,   0xc33,   0xc35,   0xc35,   0xc36,   0xc37,
    0xc38,  0xc3a,   0xc40,   0xc41,   0xc42,   0xc43,   0x816,   0x826,
    0x41b,  0x41b,   0x41c,   0x41d,   0x41e,   0x41f,   0x420,   0x421,
    0x422,  0x423,   0x424,   0x425,   0x82e,   0x82e,   0x82e,   0x82e,
    0x82e,  0x82e,   0x82e,   0x82e,   0x82e,   0x82e,   0x82e,   0x82e,
    0x82e,  0x82e,   0x82e,   0x82e,   0x102f,  0x102f,  0x102f,  0x102f,
    0x143e, 0x143e,  0x183f,  0x30040, 0xc30,   0xc30,   0xc30,   0xc30,
    0xc30,  0xc30,   0xc30,   0xc30,   0x834,   0x834,   0x834,   0x834,
    0x834,  0x834,   0x834,   0x834,   0x834,   0x834,   0x834,   0x834,
    0x834,  0x834,   0x834,   0x834,   0xc39,   0xc39,   0xc39,   0xc39,
    0xc39,  0xc39,   0xc39,   0xc39,   0xc49,   0xc49,   0xc49,   0xc49,
    0xc49,  0xc49,   0xc49,   0xc49,   0xc44,   0xc45,   0xc46,   0xc47,
    0xc48,  0xc4a,   0xc4b,   0xc4c,   0x43b,   0x43b,   0x83c,   0x83d,
};

int x8_ac0_lowquant_table_3[] = {
    0x800,   0x800,   0x800,   0x800,   0x800,   0x800,  0x800,   0x800,
    0x800,   0x800,   0x800,   0x800,   0x800,   0x800,  0x800,   0x800,
    0xc01,   0xc01,   0xc01,   0xc01,   0xc01,   0xc01,  0xc01,   0xc01,
    0x1002,  0x1002,  0x1002,  0x1002,  0x1403,  0x1403, 0x1404,  0x1404,
    0x1805,  0x1806,  0x10040, 0x40042, 0x1411,  0x1411, 0x10052, 0x10054,
    0xc10,   0xc10,   0xc10,   0xc10,   0xc10,   0xc10,  0xc10,   0xc10,
    0x1014,  0x1014,  0x1014,  0x1014,  0x1416,  0x1416, 0x1817,  0x10056,
    0x20058, 0x3005c, 0x60064, 0x100b4, 0x1434,  0x1434, 0x600b6, 0x200f6,
    0x407,   0x408,   0x809,   0x809,   0x809,   0x809,  0x80a,   0x80a,
    0x80a,   0x80a,   0xc0b,   0xc0b,   0xc0c,   0xc0c,  0xc0d,   0xc0d,
    0x100e,  0x100f,  0x412,   0x413,   0x415,   0x418,  0x419,   0x41a,
    0x81b,   0x81c,   0x81d,   0x81e,   0x81f,   0x81f,  0x820,   0x820,
    0xc21,   0xc25,   0x822,   0x822,   0x823,   0x823,  0x823,   0x823,
    0x823,   0x823,   0x823,   0x823,   0x823,   0x823,  0x823,   0x823,
    0x823,   0x823,   0x823,   0x823,   0x824,   0x824,  0x824,   0x824,
    0x824,   0x824,   0x824,   0x824,   0x824,   0x824,  0x824,   0x824,
    0x824,   0x824,   0x824,   0x824,   0x1426,  0x1426, 0x1428,  0x1428,
    0x1027,  0x1027,  0x1027,  0x1027,  0x30040, 0x1831, 0x142f,  0x142f,
    0x102a,  0x102a,  0x102a,  0x102a,  0xc2e,   0xc2e,  0xc2e,   0xc2e,
    0xc2e,   0xc2e,   0xc2e,   0xc2e,   0x1037,  0x1037, 0x1037,  0x1037,
    0x1438,  0x1438,  0x183f,  0x30048, 0xc29,   0xc2b,  0xc2c,   0xc2d,
    0xc32,   0xc33,   0xc40,   0xc42,   0xc43,   0xc44,  0xc45,   0xc46,
    0xc47,   0xc48,   0x84a,   0x84a,   0x430,   0x435,  0x836,   0x836,
    0x836,   0x836,   0x836,   0x836,   0x836,   0x836,  0x836,   0x836,
    0x836,   0x836,   0x836,   0x836,   0x836,   0x836,  0x103a,  0x103a,
    0x103a,  0x103a,  0x103d,  0x103d,  0x103d,  0x103d, 0x103e,  0x103e,
    0x103e,  0x103e,  0x1441,  0x1441,  0x184b,  0x184c, 0x439,   0x439,
    0x439,   0x439,   0x439,   0x439,   0x439,   0x439,  0x439,   0x439,
    0x439,   0x439,   0x439,   0x439,   0x439,   0x439,  0x439,   0x439,
    0x439,   0x439,   0x439,   0x439,   0x439,   0x439,  0x439,   0x439,
    0x439,   0x439,   0x439,   0x439,   0x439,   0x439,  0x83b,   0x83c,
    0x449,   0x449,
};

int x8_ac0_lowquant_table_4[] = {
    0xc00,   0xc00,   0xc00,   0xc00,   0xc00,   0xc00,   0xc00,  0xc00,
    0x1001,  0x1001,  0x1001,  0x1001,  0x1002,  0x1002,  0x1002, 0x1002,
    0x1403,  0x1403,  0x1804,  0x1805,  0x1806,  0x10040, 0x1808, 0x30042,
    0x2004a, 0x1812,  0x1411,  0x1411,  0x1010,  0x1010,  0x1010, 0x1010,
    0x1813,  0x1815,  0x1416,  0x1416,  0x1014,  0x1014,  0x1014, 0x1014,
    0x1417,  0x1417,  0x1818,  0x1819,  0x181a,  0x181b,  0x181c, 0x181d,
    0x181e,  0x1004e, 0x10050, 0x60052, 0x1009e, 0x400a0, 0x1830, 0x100b0,
    0x1034,  0x1034,  0x1034,  0x1034,  0x1839,  0x400b2, 0x1449, 0x1449,
    0x407,   0x409,   0x80a,   0x80a,   0x80b,   0x80b,   0x80c,  0x80c,
    0xc0d,   0xc0e,   0x80f,   0x825,   0x41f,   0x41f,   0x420,  0x421,
    0x422,   0x423,   0x424,   0x424,   0x424,   0x424,   0x424,  0x424,
    0x424,   0x424,   0x424,   0x424,   0x424,   0x424,   0x424,  0x424,
    0x424,   0x424,   0x424,   0x424,   0x424,   0x424,   0x424,  0x424,
    0x424,   0x424,   0x424,   0x424,   0x424,   0x424,   0x424,  0x424,
    0x424,   0x424,   0x1426,  0x1426,  0x30040, 0x20048, 0x102d, 0x102d,
    0x102d,  0x102d,  0xc2a,   0xc2a,   0xc2a,   0xc2a,   0xc2a,  0xc2a,
    0xc2a,   0xc2a,   0x829,   0x829,   0x829,   0x829,   0x829,  0x829,
    0x829,   0x829,   0x829,   0x829,   0x829,   0x829,   0x829,  0x829,
    0x829,   0x829,   0xc32,   0xc33,   0xc37,   0xc38,   0xc40,  0xc45,
    0x846,   0x846,   0x847,   0x848,   0x84b,   0x84c,   0x427,  0x428,
    0xc2b,   0xc2b,   0xc2c,   0xc2c,   0xc2e,   0xc2e,   0x102f, 0x103a,
    0x831,   0x831,   0x831,   0x831,   0xc36,   0xc36,   0x103e, 0x1042,
    0x435,   0x43b,   0x83c,   0x83c,   0x83c,   0x83c,   0x83d,  0x83d,
    0x83d,   0x83d,   0xc3f,   0xc3f,   0xc41,   0xc41,   0x1043, 0x1044,
    0xc4a,   0xc4a,
};

int x8_ac0_lowquant_table_5[] = {
    0x800,   0x800,   0x800,   0x800,   0x800,   0x800,   0x800,  0x800,
    0x800,   0x800,   0x800,   0x800,   0x800,   0x800,   0x800,  0x800,
    0x1001,  0x1001,  0x1001,  0x1001,  0x1402,  0x1402,  0x1403, 0x1403,
    0x1804,  0x1805,  0x20040, 0x60044, 0x1411,  0x1411,  0x1812, 0x10090,
    0xc10,   0xc10,   0xc10,   0xc10,   0xc10,   0xc10,   0xc10,  0xc10,
    0x1014,  0x1014,  0x1014,  0x1014,  0x1815,  0x1817,  0x1416, 0x1416,
    0x20092, 0x20096, 0x3009a, 0x500a2, 0x1830,  0x100c2, 0x1435, 0x1435,
    0x1034,  0x1034,  0x1034,  0x1034,  0x1839,  0x500c4, 0x1449, 0x1449,
    0x406,   0x406,   0x807,   0x808,   0x809,   0x809,   0x809,  0x809,
    0x809,   0x809,   0x809,   0x809,   0x809,   0x809,   0x809,  0x809,
    0x809,   0x809,   0x809,   0x809,   0xc0a,   0xc0a,   0xc0a,  0xc0a,
    0xc0a,   0xc0a,   0xc0a,   0xc0a,   0x140b,  0x140b,  0x140e, 0x140e,
    0x100d,  0x100d,  0x100d,  0x100d,  0x80c,   0x80c,   0x80c,  0x80c,
    0x80c,   0x80c,   0x80c,   0x80c,   0x80c,   0x80c,   0x80c,  0x80c,
    0x80c,   0x80c,   0x80c,   0x80c,   0x30040, 0x20048, 0x1426, 0x1426,
    0x1028,  0x1028,  0x1028,  0x1028,  0xc21,   0xc21,   0xc21,  0xc21,
    0xc21,   0xc21,   0xc21,   0xc21,   0xc0f,   0xc2a,   0xc32,  0xc33,
    0xc3e,   0xc40,   0xc43,   0xc44,   0x845,   0x846,   0x847,  0x848,
    0x413,   0x418,   0x819,   0x81b,   0x41a,   0x41a,   0x41c,  0x41c,
    0x81d,   0x81f,   0x41e,   0x41e,   0x41e,   0x41e,   0x820,  0x820,
    0xc22,   0xc23,   0xc24,   0xc24,   0xc24,   0xc24,   0xc25,  0xc25,
    0xc25,   0xc25,   0xc27,   0xc27,   0xc27,   0xc27,   0x1429, 0x142c,
    0x102b,  0x102b,  0x142d,  0x142f,  0x102e,  0x102e,  0xc38,  0xc38,
    0xc38,   0xc38,   0x831,   0x831,   0x831,   0x831,   0x831,  0x831,
    0x831,   0x831,   0x436,   0x437,   0x83a,   0x83a,   0x83a,  0x83a,
    0x83a,   0x83a,   0x83a,   0x83a,   0x83b,   0x83b,   0x83b,  0x83b,
    0x83b,   0x83b,   0x83b,   0x83b,   0x103c,  0x103c,  0x143d, 0x144b,
    0x103f,  0x103f,  0x1041,  0x1041,  0x1042,  0x1042,  0x104a, 0x104a,
    0xc4c,   0xc4c,   0xc4c,   0xc4c,
};

int x8_ac0_lowquant_table_6[] = {
    0x800,   0x800,   0x800,   0x800,   0x800,   0x800,  0x800,  0x800,
    0x800,   0x800,   0x800,   0x800,   0x800,   0x800,  0x800,  0x800,
    0x1001,  0x1001,  0x1001,  0x1001,  0x1402,  0x1402, 0x1803, 0x1804,
    0x60040, 0x200a0, 0x1411,  0x1411,  0x1010,  0x1010, 0x1010, 0x1010,
    0x1414,  0x1414,  0x141a,  0x141a,  0x1019,  0x1019, 0x1019, 0x1019,
    0xc17,   0xc17,   0xc17,   0xc17,   0xc17,   0xc17,  0xc17,  0xc17,
    0xc18,   0xc18,   0xc18,   0xc18,   0xc18,   0xc18,  0xc18,  0xc18,
    0x181b,  0x181c,  0x100a4, 0x300a6, 0x400ae, 0x1827, 0x1828, 0x400be,
    0x805,   0x805,   0x805,   0x805,   0x805,   0x805,  0x805,  0x805,
    0x805,   0x805,   0x805,   0x805,   0x805,   0x805,  0x805,  0x805,
    0xc06,   0xc06,   0xc06,   0xc06,   0xc06,   0xc06,  0xc06,  0xc06,
    0x1007,  0x1007,  0x1007,  0x1007,  0x1008,  0x1008, 0x1008, 0x1008,
    0xc09,   0xc09,   0xc09,   0xc09,   0xc09,   0xc09,  0xc09,  0xc09,
    0x30040, 0x30048, 0x30050, 0x30058, 0x100c,  0x100c, 0x100c, 0x100c,
    0x100e,  0x100e,  0x100e,  0x100e,  0x1024,  0x1024, 0x1024, 0x1024,
    0xc15,   0xc15,   0xc15,   0xc15,   0xc15,   0xc15,  0xc15,  0xc15,
    0xc0a,   0xc0b,   0xc0d,   0xc0f,   0xc25,   0xc2e,  0xc2f,  0xc31,
    0xc32,   0xc33,   0xc35,   0xc36,   0xc37,   0xc38,  0xc3a,  0xc3c,
    0xc3d,   0xc3e,   0xc3f,   0xc40,   0xc43,   0xc44,  0xc45,  0xc46,
    0xc47,   0xc48,   0x84a,   0x84a,   0x84b,   0x84b,  0x84c,  0x84c,
    0x812,   0x813,   0x816,   0x820,   0x41d,   0x41e,  0x41f,  0x41f,
    0x41f,   0x41f,   0x821,   0x821,   0xc22,   0xc26,  0x823,  0x823,
    0x823,   0x823,   0xc29,   0xc29,   0x102a,  0x102d, 0x82b,  0x82b,
    0x82b,   0x82b,   0x82c,   0x82c,   0x82c,   0x82c,  0xc30,  0xc30,
    0xc39,   0xc39,   0x834,   0x834,   0x834,   0x834,  0xc3b,  0xc3b,
    0x1041,  0x1042,  0x849,   0x849,   0x849,   0x849,
};

int x8_ac0_lowquant_table_7[] = {
    0x1000, 0x1000, 0x1000, 0x1000, 0x50040, 0x40060, 0x40070, 0x40080, 0x101a,
    0x101a, 0x101a, 0x101a, 0x101b, 0x101b,  0x101b,  0x101b,  0x818,   0x818,
    0x818,  0x818,  0x818,  0x818,  0x818,   0x818,   0x818,   0x818,   0x818,
    0x818,  0x818,  0x818,  0x818,  0x818,   0x417,   0x417,   0x417,   0x417,
    0x417,  0x417,  0x417,  0x417,  0x417,   0x417,   0x417,   0x417,   0x417,
    0x417,  0x417,  0x417,  0x417,  0x417,   0x417,   0x417,   0x417,   0x417,
    0x417,  0x417,  0x417,  0x417,  0x417,   0x417,   0x417,   0x417,   0x417,
    0x417,  0x1401, 0x1402, 0x1403, 0x1404,  0x1405,  0x1406,  0x1407,  0x1408,
    0x1409, 0x140a, 0x140b, 0x140c, 0x140d,  0x140e,  0x140f,  0x1410,  0x1011,
    0x1011, 0x1012, 0x1012, 0x1013, 0x1013,  0x1014,  0x1014,  0x1015,  0x1015,
    0x1016, 0x1016, 0x1019, 0x1019, 0x101c,  0x101c,  0x101d,  0x101e,  0x101f,
    0x1020, 0x1021, 0x1022, 0x1023, 0x1024,  0x1025,  0x1026,  0x1027,  0x1028,
    0x1029, 0x102a, 0x102b, 0x102c, 0x102d,  0x102e,  0x102f,  0x1030,  0x1031,
    0x1032, 0x1033, 0x1034, 0x1035, 0x1036,  0x1037,  0x1038,  0x1039,  0x103a,
    0x103b, 0x103c, 0x103d, 0x103e, 0x103f,  0x1040,  0x1041,  0x1042,  0x1043,
    0x1044, 0x1045, 0x1046, 0x1047, 0x1048,  0x1049,  0x104a,  0x104b,  0x104c,
};

int x8_ac0_highquant_table_0[] = {
    0xc00,   0xc00,   0xc00,   0xc00,   0xc00,   0xc00,   0xc00,   0xc00,
    0x1001,  0x1001,  0x1001,  0x1001,  0x1802,  0x1803,  0x60040, 0x1805,
    0x300a4, 0x1811,  0x1410,  0x1410,  0x200ac, 0x181c,  0x141b,  0x141b,
    0xc18,   0xc18,   0xc18,   0xc18,   0xc18,   0xc18,   0xc18,   0xc18,
    0x817,   0x817,   0x817,   0x817,   0x817,   0x817,   0x817,   0x817,
    0x817,   0x817,   0x817,   0x817,   0x817,   0x817,   0x817,   0x817,
    0x1019,  0x1019,  0x1019,  0x1019,  0x101a,  0x101a,  0x101a,  0x101a,
    0x100b0, 0x181f,  0x100b2, 0x300b4, 0x1427,  0x1427,  0x1828,  0x300bc,
    0x404,   0x404,   0x404,   0x404,   0x404,   0x404,   0x404,   0x404,
    0x404,   0x404,   0x404,   0x404,   0x404,   0x404,   0x404,   0x404,
    0x404,   0x404,   0x404,   0x404,   0x404,   0x404,   0x404,   0x404,
    0x404,   0x404,   0x404,   0x404,   0x404,   0x404,   0x404,   0x404,
    0x30040, 0x20048, 0x2004c, 0x20050, 0x20054, 0x20058, 0x2005c, 0x20060,
    0xc09,   0xc09,   0xc09,   0xc09,   0xc09,   0xc09,   0xc09,   0xc09,
    0x807,   0x807,   0x807,   0x807,   0x807,   0x807,   0x807,   0x807,
    0x807,   0x807,   0x807,   0x807,   0x807,   0x807,   0x807,   0x807,
    0xc06,   0xc08,   0xc0a,   0xc0c,   0xc0d,   0xc0e,   0x80f,   0x80f,
    0x822,   0x82d,   0x82e,   0x82f,   0x831,   0x832,   0x833,   0x834,
    0x835,   0x836,   0x837,   0x838,   0x839,   0x83a,   0x83c,   0x83d,
    0x83e,   0x83f,   0x840,   0x841,   0x843,   0x845,   0x846,   0x847,
    0x848,   0x84a,   0x84b,   0x84c,   0xc0b,   0xc12,   0xc13,   0xc16,
    0x414,   0x414,   0x414,   0x414,   0x415,   0x415,   0x81d,   0x821,
    0x41e,   0x420,   0x423,   0x424,   0x425,   0x425,   0x425,   0x425,
    0xc26,   0xc29,   0x82a,   0x82a,   0xc2b,   0xc2c,   0x830,   0x830,
    0xc3b,   0xc42,   0xc44,   0xc49,
};

int x8_ac0_highquant_table_1[] = {
    0xc00,  0xc00,  0xc00,   0xc00,   0xc00,   0xc00,   0xc00,   0xc00,
    0x1001, 0x1001, 0x1001,  0x1001,  0x1002,  0x1002,  0x1002,  0x1002,
    0x1403, 0x1403, 0x1804,  0x1805,  0x1806,  0x1807,  0x20040, 0x60044,
    0x1010, 0x1010, 0x1010,  0x1010,  0x1411,  0x1411,  0x1812,  0x10094,
    0x1414, 0x1414, 0x1815,  0x181a,  0x1416,  0x1416,  0x1418,  0x1418,
    0x1017, 0x1017, 0x1017,  0x1017,  0x1419,  0x1419,  0x181b,  0x181c,
    0x181d, 0x181e, 0x20096, 0x1009a, 0x1009c, 0x2009e, 0x300a2, 0x1839,
    0x1430, 0x1430, 0x1434,  0x1434,  0x300aa, 0x300b2, 0x1449,  0x1449,
    0x408,  0x408,  0x809,   0x80a,   0x80b,   0x80b,   0x80b,   0x80b,
    0x80b,  0x80b,  0x80b,   0x80b,   0x80b,   0x80b,   0x80b,   0x80b,
    0x80b,  0x80b,  0x80b,   0x80b,   0x80c,   0x80c,   0x80c,   0x80c,
    0x80c,  0x80c,  0x80c,   0x80c,   0x80c,   0x80c,   0x80c,   0x80c,
    0x80c,  0x80c,  0x80c,   0x80c,   0x20040, 0x20044, 0x20048, 0x2004c,
    0x100e, 0x100e, 0x100e,  0x100e,  0x100f,  0x100f,  0x100f,  0x100f,
    0x102d, 0x102d, 0x102d,  0x102d,  0x820,   0x820,   0x820,   0x820,
    0x820,  0x820,  0x820,   0x820,   0x820,   0x820,   0x820,   0x820,
    0x820,  0x820,  0x820,   0x820,   0x80d,   0x82c,   0x82f,   0x832,
    0x833,  0x836,  0x837,   0x838,   0x83f,   0x840,   0x843,   0x844,
    0x845,  0x846,  0x848,   0x84c,   0x413,   0x41f,   0x821,   0x826,
    0x422,  0x422,  0x423,   0x424,   0x425,   0x427,   0x428,   0x428,
    0x829,  0x82a,  0x82b,   0x82b,   0xc2e,   0xc31,   0x835,   0x835,
    0x83a,  0x83a,  0x43b,   0x43b,   0x43b,   0x43b,   0x83c,   0x83c,
    0xc3d,  0xc42,  0x83e,   0x83e,   0x841,   0x841,   0xc47,   0xc4b,
    0x84a,  0x84a,
};

int x8_ac0_highquant_table_2[] = {
    0x1000, 0x1000, 0x1000, 0x1000, 0x1401, 0x1401, 0x60040, 0x50080, 0x1419,
    0x1419, 0x141a, 0x141a, 0x141b, 0x141b, 0x1427, 0x1427,  0x818,   0x818,
    0x818,  0x818,  0x818,  0x818,  0x818,  0x818,  0x818,   0x818,   0x818,
    0x818,  0x818,  0x818,  0x818,  0x818,  0x417,  0x417,   0x417,   0x417,
    0x417,  0x417,  0x417,  0x417,  0x417,  0x417,  0x417,   0x417,   0x417,
    0x417,  0x417,  0x417,  0x417,  0x417,  0x417,  0x417,   0x417,   0x417,
    0x417,  0x417,  0x417,  0x417,  0x417,  0x417,  0x417,   0x417,   0x417,
    0x417,  0x1802, 0x1803, 0x1804, 0x1805, 0x1806, 0x1807,  0x1808,  0x1809,
    0x180a, 0x180b, 0x140c, 0x140c, 0x140d, 0x140d, 0x140e,  0x140e,  0x140f,
    0x140f, 0x1410, 0x1410, 0x1411, 0x1411, 0x1412, 0x1412,  0x1413,  0x1413,
    0x1414, 0x1414, 0x1415, 0x1415, 0x1416, 0x1416, 0x141c,  0x141c,  0x141d,
    0x141d, 0x141e, 0x141e, 0x141f, 0x141f, 0x1420, 0x1420,  0x1421,  0x1421,
    0x1422, 0x1422, 0x1423, 0x1423, 0x1424, 0x1424, 0x1425,  0x1425,  0x1426,
    0x1426, 0x1428, 0x1428, 0x1429, 0x1429, 0x142a, 0x142a,  0x142b,  0x142b,
    0x142c, 0x142c, 0x142d, 0x142e, 0x142f, 0x1430, 0x1431,  0x1432,  0x1433,
    0x1434, 0x1435, 0x1436, 0x1437, 0x1438, 0x1439, 0x143a,  0x143b,  0x143c,
    0x143d, 0x143e, 0x143f, 0x1440, 0x1441, 0x1442, 0x1443,  0x1444,  0x1445,
    0x1446, 0x1447, 0x1448, 0x1449, 0x144a, 0x144b, 0x144c,
};

int x8_ac0_highquant_table_3[] = {
    0x60040, 0x20080, 0x20084, 0x20088, 0x2008c, 0x20090, 0x10094, 0x10096,
    0x10098, 0x1009a, 0x1009c, 0x1009e, 0x100a0, 0x100a2, 0x100a4, 0x100a6,
    0x100a8, 0x100aa, 0x100ac, 0x100ae, 0x100b0, 0x100b2, 0x100b4, 0x100b6,
    0x100b8, 0x100ba, 0x100bc, 0x100be, 0x100c0, 0x100c2, 0x100c4, 0x100c6,
    0x417,   0x417,   0x417,   0x417,   0x417,   0x417,   0x417,   0x417,
    0x417,   0x417,   0x417,   0x417,   0x417,   0x417,   0x417,   0x417,
    0x417,   0x417,   0x417,   0x417,   0x417,   0x417,   0x417,   0x417,
    0x417,   0x417,   0x417,   0x417,   0x417,   0x417,   0x417,   0x417,
    0x800,   0x800,   0x800,   0x800,   0x800,   0x800,   0x800,   0x800,
    0x800,   0x800,   0x800,   0x800,   0x800,   0x800,   0x800,   0x800,
    0x801,   0x801,   0x801,   0x801,   0x801,   0x801,   0x801,   0x801,
    0x801,   0x801,   0x801,   0x801,   0x801,   0x801,   0x801,   0x801,
    0x802,   0x802,   0x802,   0x802,   0x802,   0x802,   0x802,   0x802,
    0x802,   0x802,   0x802,   0x802,   0x802,   0x802,   0x802,   0x802,
    0x803,   0x803,   0x803,   0x803,   0x803,   0x803,   0x803,   0x803,
    0x803,   0x803,   0x803,   0x803,   0x803,   0x803,   0x803,   0x803,
    0x804,   0x805,   0x806,   0x807,   0x808,   0x809,   0x80a,   0x80b,
    0x80c,   0x80d,   0x80e,   0x80f,   0x810,   0x811,   0x812,   0x813,
    0x814,   0x815,   0x816,   0x818,   0x419,   0x41a,   0x41b,   0x41c,
    0x41d,   0x41e,   0x41f,   0x420,   0x421,   0x422,   0x423,   0x424,
    0x425,   0x426,   0x427,   0x428,   0x429,   0x42a,   0x42b,   0x42c,
    0x42d,   0x42e,   0x42f,   0x430,   0x431,   0x432,   0x433,   0x434,
    0x435,   0x436,   0x437,   0x438,   0x439,   0x43a,   0x43b,   0x43c,
    0x43d,   0x43e,   0x43f,   0x440,   0x441,   0x442,   0x443,   0x444,
    0x445,   0x446,   0x447,   0x448,   0x449,   0x44a,   0x44b,   0x44c,
};

int x8_ac0_highquant_table_4[] = {
    0x60040, 0x30080, 0x30088, 0x20090, 0x20094, 0x20098, 0x2009c, 0x200a0,
    0x200a4, 0x200a8, 0x200ac, 0x200b0, 0x200b4, 0x200b8, 0x200bc, 0x200c0,
    0x817,   0x817,   0x817,   0x817,   0x817,   0x817,   0x817,   0x817,
    0x817,   0x817,   0x817,   0x817,   0x817,   0x817,   0x817,   0x817,
    0x418,   0x418,   0x418,   0x418,   0x418,   0x418,   0x418,   0x418,
    0x418,   0x418,   0x418,   0x418,   0x418,   0x418,   0x418,   0x418,
    0x418,   0x418,   0x418,   0x418,   0x418,   0x418,   0x418,   0x418,
    0x418,   0x418,   0x418,   0x418,   0x418,   0x418,   0x418,   0x418,
    0xc00,   0xc00,   0xc00,   0xc00,   0xc00,   0xc00,   0xc00,   0xc00,
    0xc01,   0xc01,   0xc01,   0xc01,   0xc01,   0xc01,   0xc01,   0xc01,
    0xc02,   0xc02,   0xc02,   0xc02,   0xc02,   0xc02,   0xc02,   0xc02,
    0xc03,   0xc03,   0xc03,   0xc03,   0xc03,   0xc03,   0xc03,   0xc03,
    0xc04,   0xc04,   0xc04,   0xc04,   0xc04,   0xc04,   0xc04,   0xc04,
    0xc05,   0xc05,   0xc05,   0xc05,   0xc05,   0xc05,   0xc05,   0xc05,
    0xc06,   0xc06,   0xc06,   0xc06,   0xc06,   0xc06,   0xc06,   0xc06,
    0xc07,   0xc07,   0xc07,   0xc07,   0xc07,   0xc07,   0xc07,   0xc07,
    0xc08,   0xc09,   0xc0a,   0xc0b,   0xc0c,   0xc0d,   0xc0e,   0xc0f,
    0xc10,   0xc11,   0xc12,   0xc13,   0xc14,   0xc15,   0x816,   0x816,
    0x819,   0x81a,   0x81b,   0x81c,   0x81d,   0x81e,   0x81f,   0x820,
    0x821,   0x822,   0x823,   0x824,   0x825,   0x826,   0x827,   0x828,
    0x829,   0x82a,   0x82b,   0x82c,   0x82d,   0x82e,   0x82f,   0x830,
    0x831,   0x832,   0x833,   0x834,   0x835,   0x836,   0x837,   0x838,
    0x839,   0x83a,   0x83b,   0x83c,   0x83d,   0x83e,   0x83f,   0x840,
    0x841,   0x842,   0x843,   0x844,   0x845,   0x846,   0x847,   0x848,
    0x849,   0x84a,   0x84b,   0x84c,
};

int x8_ac0_highquant_table_5[] = {
    0x60040, 0x40080, 0x30090, 0x30098, 0x300a0, 0x300a8, 0x300b0, 0x300b8,
    0xc18,   0xc18,   0xc18,   0xc18,   0xc18,   0xc18,   0xc18,   0xc18,
    0x81b,   0x81b,   0x81b,   0x81b,   0x81b,   0x81b,   0x81b,   0x81b,
    0x81b,   0x81b,   0x81b,   0x81b,   0x81b,   0x81b,   0x81b,   0x81b,
    0x417,   0x417,   0x417,   0x417,   0x417,   0x417,   0x417,   0x417,
    0x417,   0x417,   0x417,   0x417,   0x417,   0x417,   0x417,   0x417,
    0x417,   0x417,   0x417,   0x417,   0x417,   0x417,   0x417,   0x417,
    0x417,   0x417,   0x417,   0x417,   0x417,   0x417,   0x417,   0x417,
    0x1000,  0x1000,  0x1000,  0x1000,  0x1001,  0x1001,  0x1001,  0x1001,
    0x1002,  0x1002,  0x1002,  0x1002,  0x1003,  0x1003,  0x1003,  0x1003,
    0x1004,  0x1004,  0x1004,  0x1004,  0x1005,  0x1005,  0x1005,  0x1005,
    0x1006,  0x1006,  0x1006,  0x1006,  0x1007,  0x1007,  0x1007,  0x1007,
    0x1008,  0x1008,  0x1008,  0x1008,  0x1009,  0x1009,  0x1009,  0x1009,
    0x100a,  0x100a,  0x100a,  0x100a,  0x100b,  0x100b,  0x100b,  0x100b,
    0x100c,  0x100c,  0x100c,  0x100c,  0x100d,  0x100d,  0x100d,  0x100d,
    0x100e,  0x100e,  0x100e,  0x100e,  0x100f,  0x100f,  0x100f,  0x100f,
    0x1010,  0x1011,  0x1012,  0x1013,  0xc14,   0xc14,   0xc15,   0xc15,
    0xc16,   0xc16,   0xc19,   0xc19,   0xc1a,   0xc1a,   0xc1c,   0xc1c,
    0xc1d,   0xc1e,   0xc1f,   0xc20,   0xc21,   0xc22,   0xc23,   0xc24,
    0xc25,   0xc26,   0xc27,   0xc28,   0xc29,   0xc2a,   0xc2b,   0xc2c,
    0xc2d,   0xc2e,   0xc2f,   0xc30,   0xc31,   0xc32,   0xc33,   0xc34,
    0xc35,   0xc36,   0xc37,   0xc38,   0xc39,   0xc3a,   0xc3b,   0xc3c,
    0xc3d,   0xc3e,   0xc3f,   0xc40,   0xc41,   0xc42,   0xc43,   0xc44,
    0xc45,   0xc46,   0xc47,   0xc48,   0xc49,   0xc4a,   0xc4b,   0xc4c,
};

int x8_ac0_highquant_table_6[] = {
    0x800,  0x800,  0x800,   0x800,   0x800,   0x800,   0x800,   0x800,
    0x800,  0x800,  0x800,   0x800,   0x800,   0x800,   0x800,   0x800,
    0x1001, 0x1001, 0x1001,  0x1001,  0x1402,  0x1402,  0x1403,  0x1403,
    0x1804, 0x1805, 0x20040, 0x60044, 0x1411,  0x1411,  0x1812,  0x1813,
    0xc10,  0xc10,  0xc10,   0xc10,   0xc10,   0xc10,   0xc10,   0xc10,
    0x1014, 0x1014, 0x1014,  0x1014,  0x10098, 0x1009a, 0x1416,  0x1416,
    0x1417, 0x1417, 0x2009c, 0x200a0, 0x200a4, 0x400a8, 0x400b8, 0x1830,
    0x1034, 0x1034, 0x1034,  0x1034,  0x1835,  0x1839,  0x1449,  0x1449,
    0x406,  0x406,  0x807,   0x808,   0x809,   0x809,   0x809,   0x809,
    0x809,  0x809,  0x809,   0x809,   0x809,   0x809,   0x809,   0x809,
    0x809,  0x809,  0x809,   0x809,   0xc0a,   0xc0a,   0xc0a,   0xc0a,
    0xc0a,  0xc0a,  0xc0a,   0xc0a,   0xc0b,   0xc0b,   0xc0b,   0xc0b,
    0xc0b,  0xc0b,  0xc0b,   0xc0b,   0x100c,  0x100c,  0x100c,  0x100c,
    0x100e, 0x100e, 0x100e,  0x100e,  0xc0d,   0xc0d,   0xc0d,   0xc0d,
    0xc0d,  0xc0d,  0xc0d,   0xc0d,   0x30040, 0x20048, 0x2004c, 0x20050,
    0x102b, 0x102b, 0x102b,  0x102b,  0xc25,   0xc25,   0xc25,   0xc25,
    0xc25,  0xc25,  0xc25,   0xc25,   0xc0f,   0xc2a,   0xc2e,   0xc32,
    0xc33,  0xc37,  0x838,   0x838,   0x83b,   0x83d,   0x83e,   0x83f,
    0x840,  0x844,  0x845,   0x846,   0x847,   0x848,   0x84b,   0x84c,
    0x415,  0x418,  0x419,   0x41a,   0x81b,   0x81e,   0x41c,   0x41c,
    0x41d,  0x41d,  0x81f,   0x820,   0x821,   0x822,   0x823,   0x824,
    0x826,  0x826,  0x826,   0x826,   0x827,   0x827,   0x827,   0x827,
    0x828,  0x828,  0x828,   0x828,   0xc29,   0xc29,   0x102c,  0x102d,
    0x102f, 0x1036, 0xc31,   0xc31,   0x83a,   0x83a,   0x83a,   0x83a,
    0x103c, 0x1042, 0x1043,  0x104a,  0x841,   0x841,   0x841,   0x841,
};

int x8_ac0_highquant_table_7[] = {
    0xc00,   0xc00,   0xc00,   0xc00,   0xc00,   0xc00,   0xc00,   0xc00,
    0x1001,  0x1001,  0x1001,  0x1001,  0x1402,  0x1402,  0x1403,  0x1403,
    0x1804,  0x60040, 0x1807,  0x20098, 0x2009c, 0x1813,  0x1411,  0x1411,
    0x1010,  0x1010,  0x1010,  0x1010,  0x1814,  0x200a0, 0x1816,  0x181b,
    0xc17,   0xc17,   0xc17,   0xc17,   0xc17,   0xc17,   0xc17,   0xc17,
    0x1418,  0x1418,  0x1419,  0x1419,  0x101a,  0x101a,  0x101a,  0x101a,
    0x181c,  0x181d,  0x141e,  0x141e,  0x1820,  0x1821,  0x1822,  0x1823,
    0x100a4, 0x100a6, 0x1427,  0x1427,  0x200a8, 0x200ac, 0x200b0, 0x1849,
    0x805,   0x805,   0x805,   0x805,   0x805,   0x805,   0x805,   0x805,
    0x805,   0x805,   0x805,   0x805,   0x805,   0x805,   0x805,   0x805,
    0x10040, 0x10042, 0x10044, 0x10046, 0x10048, 0x1004a, 0x1004c, 0x1004e,
    0x10050, 0x10052, 0x10054, 0x10056, 0x1848,  0x184a,  0x184b,  0x184c,
    0x406,   0x406,   0x406,   0x406,   0x406,   0x406,   0x406,   0x406,
    0x406,   0x406,   0x406,   0x406,   0x406,   0x406,   0x406,   0x406,
    0x406,   0x406,   0x406,   0x406,   0x406,   0x406,   0x406,   0x406,
    0x406,   0x406,   0x406,   0x406,   0x406,   0x406,   0x406,   0x406,
    0x409,   0x40c,   0x40d,   0x40e,   0x42a,   0x42d,   0x42e,   0x42f,
    0x432,   0x433,   0x435,   0x436,   0x437,   0x438,   0x43a,   0x43d,
    0x43e,   0x43f,   0x440,   0x442,   0x443,   0x444,   0x445,   0x446,
    0x408,   0x408,   0x80a,   0x80b,   0x80f,   0x81f,   0x412,   0x412,
    0x415,   0x415,   0x824,   0x825,   0x426,   0x428,   0x429,   0x42b,
    0x82c,   0x834,   0x430,   0x430,   0x431,   0x431,   0x839,   0x83c,
    0x43b,   0x43b,   0x841,   0x847,
};

int x8_ac1_lowquant_table_0[] = {
    0xc00,   0xc00,   0xc00,  0xc00,   0xc00,   0xc00,   0xc00,   0xc00,
    0x1001,  0x1001,  0x1001, 0x1001,  0x1002,  0x1002,  0x1002,  0x1002,
    0x1403,  0x1403,  0x1804, 0x20040, 0x1806,  0x60044, 0x1411,  0x1411,
    0x1010,  0x1010,  0x1010, 0x1010,  0x1812,  0x10090, 0x1414,  0x1414,
    0x1416,  0x1416,  0x1419, 0x1419,  0x1018,  0x1018,  0x1018,  0x1018,
    0xc17,   0xc17,   0xc17,  0xc17,   0xc17,   0xc17,   0xc17,   0xc17,
    0x141a,  0x141a,  0x141b, 0x141b,  0x141c,  0x141c,  0x181d,  0x181e,
    0x20092, 0x50096, 0x1827, 0x200b6, 0x100ba, 0x1834,  0x600bc, 0x1849,
    0x405,   0x405,   0x807,  0x808,   0xc09,   0xc09,   0xc09,   0xc09,
    0xc09,   0xc09,   0xc09,  0xc09,   0x100a,  0x100a,  0x100a,  0x100a,
    0x30040, 0x20048, 0x140f, 0x140f,  0xc0b,   0xc0b,   0xc0b,   0xc0b,
    0xc0b,   0xc0b,   0xc0b,  0xc0b,   0xc0c,   0xc0c,   0xc0c,   0xc0c,
    0xc0c,   0xc0c,   0xc0c,  0xc0c,   0xc0d,   0xc0d,   0xc0d,   0xc0d,
    0xc0d,   0xc0d,   0xc0d,  0xc0d,   0xc25,   0xc25,   0xc25,   0xc25,
    0xc25,   0xc25,   0xc25,  0xc25,   0x820,   0x820,   0x820,   0x820,
    0x820,   0x820,   0x820,  0x820,   0x820,   0x820,   0x820,   0x820,
    0x820,   0x820,   0x820,  0x820,   0xc0e,   0xc2f,   0x831,   0x831,
    0x832,   0x832,   0x833,  0x833,   0x836,   0x837,   0x838,   0x83a,
    0x413,   0x415,   0x41f,  0x41f,   0x821,   0x822,   0x823,   0x823,
    0x823,   0x823,   0x823,  0x823,   0x823,   0x823,   0x824,   0x824,
    0x824,   0x824,   0x824,  0x824,   0x824,   0x824,   0x1026,  0x1026,
    0x142c,  0x142e,  0x102d, 0x102d,  0x1035,  0x1035,  0x829,   0x829,
    0x829,   0x829,   0x829,  0x829,   0x829,   0x829,   0x428,   0x428,
    0x82a,   0x82b,   0x430,  0x439,   0x83b,   0x83b,   0x83b,   0x83b,
    0x83b,   0x83b,   0x83b,  0x83b,   0x83b,   0x83b,   0x83b,   0x83b,
    0x83b,   0x83b,   0x83b,  0x83b,   0xc3c,   0xc3c,   0xc3c,   0xc3c,
    0xc3c,   0xc3c,   0xc3c,  0xc3c,   0x143d,  0x143d,  0x143f,  0x143f,
    0x103e,  0x103e,  0x103e, 0x103e,  0x20040, 0x20044, 0x144b,  0x144b,
    0x1042,  0x1042,  0x1042, 0x1042,  0xc4a,   0xc4a,   0xc4a,   0xc4a,
    0xc4a,   0xc4a,   0xc4a,  0xc4a,   0x841,   0x841,   0x841,   0x841,
    0x841,   0x841,   0x841,  0x841,   0x841,   0x841,   0x841,   0x841,
    0x841,   0x841,   0x841,  0x841,   0x840,   0x843,   0x844,   0x845,
    0x846,   0x847,   0x848,  0x84c,
};

int x8_ac1_lowquant_table_1[] = {
    0x800,   0x800,   0x800,   0x800,   0x800,  0x800,   0x800,   0x800,
    0x800,   0x800,   0x800,   0x800,   0x800,  0x800,   0x800,   0x800,
    0xc01,   0xc01,   0xc01,   0xc01,   0xc01,  0xc01,   0xc01,   0xc01,
    0x1002,  0x1002,  0x1002,  0x1002,  0x1403, 0x1403,  0x1804,  0x1805,
    0x20040, 0x50044, 0x1411,  0x1411,  0x1812, 0x60064, 0x1815,  0x600a4,
    0xc10,   0xc10,   0xc10,   0xc10,   0xc10,  0xc10,   0xc10,   0xc10,
    0x1014,  0x1014,  0x1014,  0x1014,  0x1016, 0x1016,  0x1016,  0x1016,
    0x1034,  0x1034,  0x1034,  0x1034,  0x1835, 0x600f0, 0x1839,  0x1849,
    0x406,   0x406,   0x807,   0x808,   0x809,  0x809,   0x809,   0x809,
    0x809,   0x809,   0x809,   0x809,   0xc0a,  0xc0a,   0xc0a,   0xc0a,
    0xc0b,   0xc0b,   0xc0b,   0xc0b,   0x140c, 0x140d,  0x140e,  0x140f,
    0xc18,   0xc18,   0xc18,   0xc18,   0x817,  0x817,   0x817,   0x817,
    0x817,   0x817,   0x817,   0x817,   0x413,  0x413,   0x413,   0x413,
    0x413,   0x413,   0x413,   0x413,   0x413,  0x413,   0x413,   0x413,
    0x413,   0x413,   0x413,   0x413,   0x413,  0x413,   0x413,   0x413,
    0x413,   0x413,   0x413,   0x413,   0x413,  0x413,   0x413,   0x413,
    0x413,   0x413,   0x413,   0x413,   0x1019, 0x1019,  0x1019,  0x1019,
    0x101b,  0x101b,  0x101b,  0x101b,  0xc1a,  0xc1a,   0xc1a,   0xc1a,
    0xc1a,   0xc1a,   0xc1a,   0xc1a,   0x101c, 0x101c,  0x101c,  0x101c,
    0x181d,  0x1823,  0x1422,  0x1422,  0x101e, 0x101e,  0x101e,  0x101e,
    0x101f,  0x101f,  0x101f,  0x101f,  0x1020, 0x1020,  0x1020,  0x1020,
    0x1021,  0x1021,  0x1021,  0x1021,  0x1024, 0x1024,  0x1024,  0x1024,
    0x1825,  0x1826,  0x30040, 0x20048, 0x142e, 0x142e,  0x142f,  0x142f,
    0x1031,  0x1031,  0x1031,  0x1031,  0x1832, 0x183f,  0x143b,  0x143b,
    0x1038,  0x1038,  0x1038,  0x1038,  0x830,  0x830,   0x830,   0x830,
    0x830,   0x830,   0x830,   0x830,   0x830,  0x830,   0x830,   0x830,
    0x830,   0x830,   0x830,   0x830,   0x837,  0x837,   0x837,   0x837,
    0x837,   0x837,   0x837,   0x837,   0x837,  0x837,   0x837,   0x837,
    0x837,   0x837,   0x837,   0x837,   0xc27,  0xc28,   0xc29,   0xc2a,
    0x82b,   0x82b,   0x82c,   0x82c,   0x82d,  0x833,   0x83d,   0x840,
    0x436,   0x436,   0x436,   0x436,   0x436,  0x436,   0x436,   0x436,
    0x436,   0x436,   0x436,   0x436,   0x436,  0x436,   0x436,   0x436,
    0x436,   0x436,   0x436,   0x436,   0x436,  0x436,   0x436,   0x436,
    0x436,   0x436,   0x436,   0x436,   0x436,  0x436,   0x436,   0x436,
    0x83a,   0x83a,   0x83a,   0x83a,   0x83a,  0x83a,   0x83a,   0x83a,
    0x83a,   0x83a,   0x83a,   0x83a,   0x83a,  0x83a,   0x83a,   0x83a,
    0x103c,  0x103c,  0x103c,  0x103c,  0x143e, 0x143e,  0x20040, 0x20044,
    0x144a,  0x144a,  0x144b,  0x144b,  0x104c, 0x104c,  0x104c,  0x104c,
    0x841,   0x842,   0x843,   0x844,   0x845,  0x846,   0x847,   0x848,
};

int x8_ac1_lowquant_table_2[] = {
    0xc00,   0xc00,   0xc00,  0xc00,  0xc00,   0xc00,  0xc00,   0xc00,
    0x1001,  0x1001,  0x1001, 0x1001, 0x1402,  0x1402, 0x1803,  0x20040,
    0x60044, 0x1812,  0x1411, 0x1411, 0x1415,  0x1415, 0x3009c, 0x500a4,
    0xc10,   0xc10,   0xc10,  0xc10,  0xc10,   0xc10,  0xc10,   0xc10,
    0xc14,   0xc14,   0xc14,  0xc14,  0xc14,   0xc14,  0xc14,   0xc14,
    0x1016,  0x1016,  0x1016, 0x1016, 0x500c4, 0x1836, 0x1837,  0x200e4,
    0xc34,   0xc34,   0xc34,  0xc34,  0xc34,   0xc34,  0xc34,   0xc34,
    0x1035,  0x1035,  0x1035, 0x1035, 0x1439,  0x1439, 0x1449,  0x1449,
    0x404,   0x404,   0x805,  0x806,  0x807,   0x807,  0x807,   0x807,
    0x807,   0x807,   0x807,  0x807,  0x807,   0x807,  0x807,   0x807,
    0x807,   0x807,   0x807,  0x807,  0x1008,  0x1008, 0x1008,  0x1008,
    0x100a,  0x100a,  0x100a, 0x100a, 0xc09,   0xc09,  0xc09,   0xc09,
    0xc09,   0xc09,   0xc09,  0xc09,  0x100b,  0x100b, 0x100b,  0x100b,
    0x40040, 0x30050, 0x1425, 0x1425, 0x100d,  0x100d, 0x100d,  0x100d,
    0x100e,  0x100e,  0x100e, 0x100e, 0x813,   0x813,  0x813,   0x813,
    0x813,   0x813,   0x813,  0x813,  0x813,   0x813,  0x813,   0x813,
    0x813,   0x813,   0x813,  0x813,  0x100c,  0x100f, 0x1026,  0x102c,
    0xc2e,   0xc2e,   0xc2f,  0xc2f,  0xc32,   0xc32,  0xc33,   0xc33,
    0xc3b,   0xc3b,   0xc3c,  0xc3c,  0xc3d,   0xc3e,  0xc40,   0xc44,
    0xc45,   0xc46,   0xc47,  0xc48,  0x417,   0x417,  0x417,   0x417,
    0xc18,   0xc19,   0xc1a,  0xc1b,  0xc1c,   0xc1c,  0xc1c,   0xc1c,
    0x101d,  0x101d,  0x101e, 0x101e, 0x101f,  0x101f, 0x1020,  0x1020,
    0x1021,  0x1021,  0x1022, 0x1022, 0xc23,   0xc23,  0xc23,   0xc23,
    0x1024,  0x1024,  0x1027, 0x1027, 0x1428,  0x142a, 0x1029,  0x1029,
    0x102b,  0x102b,  0x142d, 0x143f, 0x430,   0x430,  0x430,   0x430,
    0x430,   0x430,   0x430,  0x430,  0x430,   0x430,  0x430,   0x430,
    0x430,   0x430,   0x430,  0x430,  0xc31,   0xc31,  0xc31,   0xc31,
    0x1441,  0x1442,  0x1443, 0x144a, 0x838,   0x838,  0x838,   0x838,
    0x838,   0x838,   0x838,  0x838,  0x43a,   0x43a,  0x84b,   0x84c,
};

int x8_ac1_lowquant_table_3[] = {
    0x800,   0x800,   0x800,   0x800,   0x800,   0x800,   0x800,  0x800,
    0x800,   0x800,   0x800,   0x800,   0x800,   0x800,   0x800,  0x800,
    0xc01,   0xc01,   0xc01,   0xc01,   0xc01,   0xc01,   0xc01,  0xc01,
    0x1002,  0x1002,  0x1002,  0x1002,  0x1003,  0x1003,  0x1003, 0x1003,
    0x1404,  0x1404,  0x1405,  0x1405,  0x1806,  0x1807,  0x1808, 0x1809,
    0x10040, 0x30042, 0x1811,  0x2004a, 0x1010,  0x1010,  0x1010, 0x1010,
    0x1814,  0x1004e, 0x1817,  0x1818,  0x1819,  0x181a,  0x181b, 0x10050,
    0x10052, 0x10054, 0x60056, 0x2009e, 0x600a2, 0x200ee, 0x183b, 0x200f2,
    0x40a,   0x40b,   0x80c,   0x80c,   0x80d,   0x80d,   0x80e,  0x80e,
    0xc0f,   0xc13,   0x412,   0x412,   0x815,   0x824,   0x416,  0x41c,
    0x41d,   0x41e,   0x41f,   0x420,   0x421,   0x422,   0x423,  0x423,
    0x423,   0x423,   0x423,   0x423,   0x423,   0x423,   0x423,  0x423,
    0x423,   0x423,   0x423,   0x423,   0x423,   0x423,   0x423,  0x423,
    0x423,   0x423,   0x423,   0x423,   0x423,   0x423,   0x423,  0x423,
    0x423,   0x423,   0x423,   0x423,   0x423,   0x423,   0x825,  0x825,
    0x825,   0x825,   0x825,   0x825,   0x825,   0x825,   0x825,  0x825,
    0x825,   0x825,   0x825,   0x825,   0x825,   0x825,   0xc26,  0xc26,
    0xc26,   0xc26,   0xc26,   0xc26,   0xc26,   0xc26,   0x1427, 0x1427,
    0x30040, 0x1831,  0x1028,  0x1028,  0x1028,  0x1028,  0xc29,  0xc2a,
    0xc2b,   0xc2c,   0xc2d,   0xc33,   0xc36,   0xc37,   0x42e,  0x42e,
    0x82f,   0x830,   0xc32,   0xc32,   0xc32,   0xc32,   0xc32,  0xc32,
    0xc32,   0xc32,   0xc35,   0xc35,   0xc35,   0xc35,   0xc35,  0xc35,
    0xc35,   0xc35,   0x30040, 0x20048, 0x143a,  0x143a,  0x1441, 0x1441,
    0x1442,  0x1442,  0xc40,   0xc40,   0xc40,   0xc40,   0xc40,  0xc40,
    0xc40,   0xc40,   0x434,   0x434,   0x434,   0x434,   0x434,  0x434,
    0x434,   0x434,   0x434,   0x434,   0x434,   0x434,   0x434,  0x434,
    0x434,   0x434,   0x434,   0x434,   0x434,   0x434,   0x434,  0x434,
    0x434,   0x434,   0x434,   0x434,   0x434,   0x434,   0x434,  0x434,
    0x434,   0x434,   0xc38,   0xc43,   0xc44,   0xc45,   0x846,  0x846,
    0x847,   0x847,   0x848,   0x84a,   0x84b,   0x84c,   0x839,  0x83d,
    0x43c,   0x43c,   0x83e,   0x849,   0x43f,   0x43f,
};

int x8_ac1_lowquant_table_4[] = {
    0x800,   0x800,   0x800,   0x800,   0x800,   0x800,   0x800,   0x800,
    0x800,   0x800,   0x800,   0x800,   0x800,   0x800,   0x800,   0x800,
    0x1001,  0x1001,  0x1001,  0x1001,  0x1402,  0x1402,  0x1803,  0x1804,
    0x10040, 0x30042, 0x6004a, 0x1812,  0x1411,  0x1411,  0x1815,  0x1818,
    0xc10,   0xc10,   0xc10,   0xc10,   0xc10,   0xc10,   0xc10,   0xc10,
    0x1014,  0x1014,  0x1014,  0x1014,  0x1416,  0x1416,  0x1417,  0x1417,
    0x1819,  0x181a,  0x1008e, 0x20090, 0x40094, 0x300a4, 0x600ac, 0x200ec,
    0x1034,  0x1034,  0x1034,  0x1034,  0x1835,  0x1839,  0x500f0, 0x1849,
    0x405,   0x406,   0x807,   0x807,   0x808,   0x808,   0x809,   0x809,
    0xc0a,   0xc0b,   0x100c,  0x100c,  0x100c,  0x100c,  0x100d,  0x100d,
    0x100d,  0x100d,  0x20040, 0x180f,  0x142c,  0x142c,  0x1025,  0x1025,
    0x1025,  0x1025,  0x81d,   0x81d,   0x81d,   0x81d,   0x81d,   0x81d,
    0x81d,   0x81d,   0x81d,   0x81d,   0x81d,   0x81d,   0x81d,   0x81d,
    0x81d,   0x81d,   0x413,   0x413,   0x413,   0x413,   0x413,   0x413,
    0x413,   0x413,   0x413,   0x413,   0x413,   0x413,   0x413,   0x413,
    0x413,   0x413,   0x413,   0x413,   0x413,   0x413,   0x413,   0x413,
    0x413,   0x413,   0x413,   0x413,   0x413,   0x413,   0x413,   0x413,
    0x413,   0x413,   0x80e,   0x845,   0x846,   0x848,   0x41b,   0x41c,
    0x41e,   0x41e,   0x81f,   0x820,   0x821,   0x821,   0x821,   0x821,
    0x822,   0x822,   0x822,   0x822,   0x823,   0x823,   0x823,   0x823,
    0xc24,   0xc24,   0x1026,  0x102b,  0x427,   0x427,   0x427,   0x427,
    0x828,   0x828,   0xc29,   0xc2a,   0xc2d,   0xc2d,   0xc2d,   0xc2d,
    0xc2d,   0xc2d,   0xc2d,   0xc2d,   0xc2e,   0xc2e,   0xc2e,   0xc2e,
    0xc2e,   0xc2e,   0xc2e,   0xc2e,   0x102f,  0x102f,  0x102f,  0x102f,
    0x1832,  0x1833,  0x143e,  0x143e,  0xc38,   0xc38,   0xc38,   0xc38,
    0xc38,   0xc38,   0xc38,   0xc38,   0x430,   0x430,   0x430,   0x430,
    0x430,   0x430,   0x430,   0x430,   0x430,   0x430,   0x430,   0x430,
    0x430,   0x430,   0x430,   0x430,   0x430,   0x430,   0x430,   0x430,
    0x430,   0x430,   0x430,   0x430,   0x430,   0x430,   0x430,   0x430,
    0x430,   0x430,   0x430,   0x430,   0x831,   0x836,   0x837,   0x83a,
    0xc3b,   0xc3b,   0xc3b,   0xc3b,   0x103c,  0x103c,  0x103d,  0x103d,
    0x103f,  0x103f,  0x1440,  0x1443,  0xc41,   0xc41,   0xc41,   0xc41,
    0xc42,   0xc42,   0xc42,   0xc42,   0x1444,  0x1447,  0x104c,  0x104c,
    0xc4a,   0xc4a,   0xc4a,   0xc4a,   0xc4b,   0xc4b,   0xc4b,   0xc4b,
};

int x8_ac1_lowquant_table_5[] = {
    0x800,   0x800,   0x800,   0x800,   0x800,   0x800,   0x800,   0x800,
    0x800,   0x800,   0x800,   0x800,   0x800,   0x800,   0x800,   0x800,
    0xc01,   0xc01,   0xc01,   0xc01,   0xc01,   0xc01,   0xc01,   0xc01,
    0x1002,  0x1002,  0x1002,  0x1002,  0x1403,  0x1403,  0x1404,  0x1404,
    0x1805,  0x1806,  0x10040, 0x20042, 0x60046, 0x10086, 0x1411,  0x1411,
    0xc10,   0xc10,   0xc10,   0xc10,   0xc10,   0xc10,   0xc10,   0xc10,
    0x1414,  0x1414,  0x1816,  0x1818,  0x1417,  0x1417,  0x10088, 0x2008a,
    0x2008e, 0x20092, 0x60096, 0x300e0, 0x1434,  0x1434,  0x200e8, 0x600ec,
    0x407,   0x408,   0x409,   0x409,   0x80a,   0x80b,   0x80c,   0x80c,
    0x80c,   0x80c,   0x80c,   0x80c,   0x80c,   0x80c,   0x80c,   0x80c,
    0x80c,   0x80c,   0x80c,   0x80c,   0x80c,   0x80c,   0xc0d,   0xc0d,
    0xc0d,   0xc0d,   0xc0d,   0xc0d,   0xc0d,   0xc0d,   0x100e,  0x100e,
    0x100e,  0x100e,  0x1427,  0x1427,  0x1828,  0x1829,  0xc0f,   0xc0f,
    0xc0f,   0xc0f,   0xc0f,   0xc0f,   0xc0f,   0xc0f,   0xc25,   0xc25,
    0xc25,   0xc25,   0xc25,   0xc25,   0xc25,   0xc25,   0x813,   0x813,
    0x813,   0x813,   0x813,   0x813,   0x813,   0x813,   0x813,   0x813,
    0x813,   0x813,   0x813,   0x813,   0x813,   0x813,   0x412,   0x415,
    0x419,   0x41a,   0x41b,   0x41b,   0x81c,   0x81d,   0x41e,   0x41e,
    0x81f,   0x820,   0x821,   0x822,   0x823,   0x824,   0xc26,   0xc26,
    0xc26,   0xc26,   0xc26,   0xc26,   0xc26,   0xc26,   0x30040, 0x10048,
    0x143a,  0x143a,  0x1031,  0x1031,  0x1031,  0x1031,  0x82e,   0x82e,
    0x82e,   0x82e,   0x82e,   0x82e,   0x82e,   0x82e,   0x82e,   0x82e,
    0x82e,   0x82e,   0x82e,   0x82e,   0x82e,   0x82e,   0xc2f,   0xc2f,
    0xc2f,   0xc2f,   0xc2f,   0xc2f,   0xc2f,   0xc2f,   0xc32,   0xc32,
    0xc32,   0xc32,   0xc32,   0xc32,   0xc32,   0xc32,   0x830,   0x830,
    0x830,   0x830,   0x830,   0x830,   0x830,   0x830,   0x830,   0x830,
    0x830,   0x830,   0x830,   0x830,   0x830,   0x830,   0xc2a,   0xc2c,
    0xc2d,   0xc38,   0x42b,   0x42b,   0x42b,   0x42b,   0x433,   0x442,
    0x435,   0x435,   0x435,   0x435,   0xc36,   0xc37,   0x83b,   0x83b,
    0x439,   0x439,   0x83c,   0x83d,   0xc3e,   0xc3e,   0xc3e,   0xc3e,
    0xc3e,   0xc3e,   0xc3e,   0xc3e,   0x1440,  0x1440,  0x1841,  0x30040,
    0x144b,  0x144b,  0x144c,  0x144c,  0x83f,   0x83f,   0x83f,   0x83f,
    0x83f,   0x83f,   0x83f,   0x83f,   0x83f,   0x83f,   0x83f,   0x83f,
    0x83f,   0x83f,   0x83f,   0x83f,   0x449,   0x449,   0x449,   0x449,
    0x449,   0x449,   0x449,   0x449,   0x449,   0x449,   0x449,   0x449,
    0x449,   0x449,   0x449,   0x449,   0x449,   0x449,   0x449,   0x449,
    0x449,   0x449,   0x449,   0x449,   0x449,   0x449,   0x449,   0x449,
    0x449,   0x449,   0x449,   0x449,   0xc43,   0xc44,   0xc45,   0xc46,
    0xc47,   0xc48,   0x84a,   0x84a,
};

int x8_ac1_lowquant_table_6[] = {
    0xc00,   0xc00,   0xc00,  0xc00,   0xc00,   0xc00,   0xc00,   0xc00,
    0x1001,  0x1001,  0x1001, 0x1001,  0x1002,  0x1002,  0x1002,  0x1002,
    0x1403,  0x1403,  0x1404, 0x1404,  0x1805,  0x1806,  0x20040, 0x60044,
    0xc10,   0xc10,   0xc10,  0xc10,   0xc10,   0xc10,   0xc10,   0xc10,
    0x1411,  0x1411,  0x1812, 0x10084, 0x1014,  0x1014,  0x1014,  0x1014,
    0x1815,  0x1819,  0x1416, 0x1416,  0x1017,  0x1017,  0x1017,  0x1017,
    0x1418,  0x1418,  0x181a, 0x10086, 0x10088, 0x2008a, 0x3008e, 0x60096,
    0x1830,  0x100e2, 0x1434, 0x1434,  0x1839,  0x400e4, 0x1449,  0x1449,
    0x407,   0x407,   0x808,  0x809,   0x80a,   0x80a,   0x80a,   0x80a,
    0x80a,   0x80a,   0x80a,  0x80a,   0x80a,   0x80a,   0x80a,   0x80a,
    0x80a,   0x80a,   0x80a,  0x80a,   0xc0b,   0xc0b,   0xc0b,   0xc0b,
    0xc0b,   0xc0b,   0xc0b,  0xc0b,   0xc0c,   0xc0c,   0xc0c,   0xc0c,
    0xc0c,   0xc0c,   0xc0c,  0xc0c,   0xc0d,   0xc0d,   0xc0d,   0xc0d,
    0xc0d,   0xc0d,   0xc0d,  0xc0d,   0x140e,  0x140e,  0x180f,  0x182d,
    0x1026,  0x1026,  0x1026, 0x1026,  0x821,   0x821,   0x821,   0x821,
    0x821,   0x821,   0x821,  0x821,   0x821,   0x821,   0x821,   0x821,
    0x821,   0x821,   0x821,  0x821,   0x413,   0x41b,   0x41c,   0x41d,
    0x41e,   0x41f,   0x420,  0x420,   0x822,   0x823,   0xc24,   0xc29,
    0x825,   0x825,   0x427,  0x427,   0x427,   0x427,   0x828,   0x828,
    0x828,   0x828,   0x828,  0x828,   0x828,   0x828,   0x828,   0x828,
    0x828,   0x828,   0x828,  0x828,   0x828,   0x828,   0x142a,  0x142a,
    0x30040, 0x20048, 0x102c, 0x102c,  0x102c,  0x102c,  0xc2b,   0xc2b,
    0xc2b,   0xc2b,   0xc2b,  0xc2b,   0xc2b,   0xc2b,   0xc2e,   0xc2e,
    0xc2e,   0xc2e,   0xc2e,  0xc2e,   0xc2e,   0xc2e,   0xc36,   0xc36,
    0xc36,   0xc36,   0xc36,  0xc36,   0xc36,   0xc36,   0x1437,  0x1437,
    0x143f,  0x143f,  0x103d, 0x103d,  0x103d,  0x103d,  0xc3a,   0xc3a,
    0xc3a,   0xc3a,   0xc3a,  0xc3a,   0xc3a,   0xc3a,   0xc2f,   0xc32,
    0xc33,   0xc38,   0xc40,  0xc43,   0xc44,   0xc45,   0x846,   0x847,
    0x848,   0x84c,   0x431,  0x435,   0x83b,   0x83b,   0x83b,   0x83b,
    0xc3c,   0xc3c,   0x103e, 0x104a,  0x841,   0x841,   0x841,   0x841,
    0xc42,   0xc42,   0xc4b,  0xc4b,
};

int x8_ac1_lowquant_table_7[] = {
    0x800,   0x800,  0x800,   0x800,   0x800,   0x800,  0x800,   0x800,
    0x800,   0x800,  0x800,   0x800,   0x800,   0x800,  0x800,   0x800,
    0x1001,  0x1001, 0x1001,  0x1001,  0x1402,  0x1402, 0x1803,  0x10040,
    0x60042, 0x1812, 0x1411,  0x1411,  0x20092, 0x1815, 0x50096, 0x600b6,
    0xc10,   0xc10,  0xc10,   0xc10,   0xc10,   0xc10,  0xc10,   0xc10,
    0x1014,  0x1014, 0x1014,  0x1014,  0x1016,  0x1016, 0x1016,  0x1016,
    0xc34,   0xc34,  0xc34,   0xc34,   0xc34,   0xc34,  0xc34,   0xc34,
    0x1435,  0x1435, 0x100fe, 0x30100, 0x1439,  0x1439, 0x1449,  0x1449,
    0x404,   0x405,  0x806,   0x806,   0x806,   0x806,  0x806,   0x806,
    0x806,   0x806,  0x806,   0x806,   0x806,   0x806,  0x806,   0x806,
    0x806,   0x806,  0x807,   0x807,   0x807,   0x807,  0x807,   0x807,
    0x807,   0x807,  0x807,   0x807,   0x807,   0x807,  0x807,   0x807,
    0x807,   0x807,  0xc08,   0xc08,   0xc08,   0xc08,  0xc08,   0xc08,
    0xc08,   0xc08,  0xc09,   0xc09,   0xc09,   0xc09,  0xc09,   0xc09,
    0xc09,   0xc09,  0xc0a,   0xc0a,   0xc0a,   0xc0a,  0xc0a,   0xc0a,
    0xc0a,   0xc0a,  0x100b,  0x100b,  0x100b,  0x100b, 0x30040, 0x30048,
    0x1422,  0x1422, 0xc0c,   0xc0d,   0xc0e,   0xc0f,  0xc20,   0xc24,
    0xc26,   0xc29,  0xc2a,   0xc2d,   0xc2f,   0xc32,  0xc33,   0xc3d,
    0x83e,   0x83e,  0x413,   0x413,   0x817,   0x818,  0xc19,   0xc19,
    0xc19,   0xc19,  0x101a,  0x101a,  0x101c,  0x101c, 0xc1b,   0xc1b,
    0xc1b,   0xc1b,  0xc1d,   0xc1d,   0xc1d,   0xc1d,  0x101e,  0x101e,
    0x101f,  0x101f, 0x1021,  0x1021,  0x1423,  0x1428, 0x1025,  0x1025,
    0x142b,  0x142c, 0xc27,   0xc27,   0xc27,   0xc27,  0x142e,  0x142e,
    0x143c,  0x143c, 0x1031,  0x1031,  0x1031,  0x1031, 0xc38,   0xc38,
    0xc38,   0xc38,  0xc38,   0xc38,   0xc38,   0xc38,  0xc3b,   0xc3b,
    0xc3b,   0xc3b,  0xc3b,   0xc3b,   0xc3b,   0xc3b,  0x20040, 0x20044,
    0x144a,  0x144a, 0x104c,  0x104c,  0x104c,  0x104c, 0x430,   0x430,
    0x430,   0x430,  0x430,   0x430,   0x430,   0x430,  0x430,   0x430,
    0x430,   0x430,  0x430,   0x430,   0x430,   0x430,  0x430,   0x430,
    0x430,   0x430,  0x430,   0x430,   0x430,   0x430,  0x430,   0x430,
    0x430,   0x430,  0x430,   0x430,   0x430,   0x430,  0x83f,   0x840,
    0x843,   0x844,  0x845,   0x846,   0x847,   0x848,  0x436,   0x437,
    0x43a,   0x43a,  0x43a,   0x43a,   0xc41,   0xc42,  0x84b,   0x84b,
};

int x8_ac1_highquant_table_0[] = {
    0xc00,   0xc00,   0xc00,   0xc00,   0xc00,   0xc00,   0xc00,   0xc00,
    0x1001,  0x1001,  0x1001,  0x1001,  0x1402,  0x1402,  0x1403,  0x1403,
    0x1404,  0x1404,  0x1405,  0x1405,  0x1806,  0x10040, 0x1808,  0x20042,
    0x30046, 0x1811,  0x1812,  0x3004e, 0x1010,  0x1010,  0x1010,  0x1010,
    0x1414,  0x1414,  0x1816,  0x181a,  0x1017,  0x1017,  0x1017,  0x1017,
    0x1018,  0x1018,  0x1018,  0x1018,  0x1419,  0x1419,  0x181b,  0x181c,
    0x181d,  0x10056, 0x10058, 0x1005a, 0x1005c, 0x1005e, 0x60060, 0x182e,
    0x1430,  0x1430,  0x400a8, 0x100b8, 0x200ba, 0x100be, 0x400c0, 0x1849,
    0x407,   0x409,   0x80a,   0x80d,   0x40b,   0x40b,   0x40c,   0x40c,
    0x40c,   0x40c,   0x80e,   0x80e,   0xc0f,   0xc29,   0x413,   0x413,
    0x413,   0x413,   0x815,   0x815,   0xc2a,   0xc2b,   0x41e,   0x41f,
    0x420,   0x421,   0x422,   0x423,   0x424,   0x425,   0x426,   0x427,
    0x428,   0x428,   0x428,   0x428,   0x428,   0x428,   0x428,   0x428,
    0x428,   0x428,   0x428,   0x428,   0x428,   0x428,   0x428,   0x428,
    0x428,   0x428,   0x428,   0x428,   0x428,   0x428,   0x428,   0x428,
    0x428,   0x428,   0x428,   0x428,   0x428,   0x428,   0x428,   0x428,
    0x142c,  0x142c,  0x20040, 0x20044, 0x1035,  0x1035,  0x1035,  0x1035,
    0xc2d,   0xc2d,   0xc2d,   0xc2d,   0xc2d,   0xc2d,   0xc2d,   0xc2d,
    0x82f,   0x82f,   0x82f,   0x82f,   0x82f,   0x82f,   0x82f,   0x82f,
    0x82f,   0x82f,   0x82f,   0x82f,   0x82f,   0x82f,   0x82f,   0x82f,
    0x836,   0x837,   0x838,   0x840,   0x845,   0x846,   0x848,   0x84c,
    0x431,   0x431,   0x431,   0x431,   0x431,   0x431,   0x431,   0x431,
    0xc32,   0xc32,   0xc33,   0xc33,   0x103a,  0x1043,  0xc3d,   0xc3d,
    0x434,   0x439,   0x43b,   0x43b,   0x83c,   0x83e,   0x43f,   0x441,
    0x442,   0x442,   0x442,   0x442,   0x442,   0x442,   0x442,   0x442,
    0x1044,  0x1047,  0xc4a,   0xc4a,   0x84b,   0x84b,   0x84b,   0x84b,
};

int x8_ac1_highquant_table_1[] = {
    0x800,   0x800,   0x800,   0x800,  0x800,  0x800,  0x800,  0x800,   0x800,
    0x800,   0x800,   0x800,   0x800,  0x800,  0x800,  0x800,  0x1001,  0x1001,
    0x1001,  0x1001,  0x1402,  0x1402, 0x1403, 0x1403, 0x1804, 0x10040, 0x30042,
    0x6004a, 0x1411,  0x1411,  0x1812, 0x1817, 0xc10,  0xc10,  0xc10,   0xc10,
    0xc10,   0xc10,   0xc10,   0xc10,  0x1014, 0x1014, 0x1014, 0x1014,  0x1415,
    0x1415,  0x1009a, 0x2009c, 0x1016, 0x1016, 0x1016, 0x1016, 0x300a0, 0x500a8,
    0x1830,  0x600c8, 0x1034,  0x1034, 0x1034, 0x1034, 0x1439, 0x1439,  0x1449,
    0x1449,  0x405,   0x406,   0x407,  0x407,  0x407,  0x407,  0x808,   0x808,
    0xc09,   0xc0a,   0xc0b,   0xc0b,  0xc0b,  0xc0b,  0xc0b,  0xc0b,   0xc0b,
    0xc0b,   0xc0c,   0xc0c,   0xc0c,  0xc0c,  0xc0c,  0xc0c,  0xc0c,   0xc0c,
    0x30040, 0x30048, 0x140f,  0x140f, 0x100e, 0x100e, 0x100e, 0x100e,  0xc1e,
    0xc1e,   0xc1e,   0xc1e,   0xc1e,  0xc1e,  0xc1e,  0xc1e,  0x413,   0x413,
    0x413,   0x413,   0x413,   0x413,  0x413,  0x413,  0x413,  0x413,   0x413,
    0x413,   0x413,   0x413,   0x413,  0x413,  0x413,  0x413,  0x413,   0x413,
    0x413,   0x413,   0x413,   0x413,  0x413,  0x413,  0x413,  0x413,   0x413,
    0x413,   0x413,   0x413,   0xc0d,  0xc2a,  0xc2c,  0xc2d,  0xc2e,   0xc2f,
    0xc32,   0xc33,   0xc38,   0xc3d,  0xc3e,  0xc3f,  0xc40,  0xc42,   0x843,
    0x843,   0x418,   0x419,   0x81a,  0x81b,  0x41c,  0x41c,  0x81d,   0x81d,
    0x81f,   0x81f,   0xc20,   0xc21,  0xc22,  0xc23,  0x1024, 0x1024,  0x1425,
    0x1426,  0xc27,   0xc27,   0xc27,  0xc27,  0xc28,  0xc28,  0xc28,   0xc28,
    0x1429,  0x1437,  0x102b,  0x102b, 0x831,  0x831,  0x831,  0x831,   0x831,
    0x831,   0x831,   0x831,   0x836,  0x836,  0x836,  0x836,  0x836,   0x836,
    0x836,   0x836,   0x435,   0x435,  0x435,  0x435,  0x435,  0x435,   0x435,
    0x435,   0x435,   0x435,   0x435,  0x435,  0x435,  0x435,  0x435,   0x435,
    0x435,   0x435,   0x435,   0x435,  0x435,  0x435,  0x435,  0x435,   0x435,
    0x435,   0x435,   0x435,   0x435,  0x435,  0x435,  0x435,  0x83a,   0x83a,
    0x83a,   0x83a,   0x83a,   0x83a,  0x83a,  0x83a,  0x83a,  0x83a,   0x83a,
    0x83a,   0x83a,   0x83a,   0x83a,  0x83a,  0x143b, 0x143b, 0x20040, 0x20044,
    0x103c,  0x103c,  0x103c,  0x103c, 0xc41,  0xc41,  0xc41,  0xc41,   0xc41,
    0xc41,   0xc41,   0xc41,   0x844,  0x845,  0x846,  0x847,  0x848,   0x84a,
    0x84b,   0x84c,
};

int x8_ac1_highquant_table_2[] = {
    0xc00,   0xc00,   0xc00,   0xc00,   0xc00,   0xc00,   0xc00,   0xc00,
    0x1001,  0x1001,  0x1001,  0x1001,  0x1002,  0x1002,  0x1002,  0x1002,
    0x1403,  0x1403,  0x1804,  0x10040, 0x1806,  0x60042, 0x1411,  0x1411,
    0xc10,   0xc10,   0xc10,   0xc10,   0xc10,   0xc10,   0xc10,   0xc10,
    0x10096, 0x1815,  0x1416,  0x1416,  0x1014,  0x1014,  0x1014,  0x1014,
    0x1017,  0x1017,  0x1017,  0x1017,  0x1018,  0x1018,  0x1018,  0x1018,
    0x1419,  0x1419,  0x181a,  0x181b,  0x181c,  0x181d,  0x10098, 0x4009a,
    0x1827,  0x400aa, 0x300ba, 0x1839,  0x1434,  0x1434,  0x400c2, 0x1849,
    0x405,   0x407,   0xc08,   0xc08,   0xc08,   0xc08,   0xc08,   0xc08,
    0xc08,   0xc08,   0xc09,   0xc09,   0xc09,   0xc09,   0xc09,   0xc09,
    0xc09,   0xc09,   0x80a,   0x80a,   0x80a,   0x80a,   0x80a,   0x80a,
    0x80a,   0x80a,   0x80a,   0x80a,   0x80a,   0x80a,   0x80a,   0x80a,
    0x80a,   0x80a,   0x30040, 0x20048, 0x2004c, 0x20050, 0x1022,  0x1022,
    0x1022,  0x1022,  0xc0c,   0xc0c,   0xc0c,   0xc0c,   0xc0c,   0xc0c,
    0xc0c,   0xc0c,   0x81f,   0x81f,   0x81f,   0x81f,   0x81f,   0x81f,
    0x81f,   0x81f,   0x81f,   0x81f,   0x81f,   0x81f,   0x81f,   0x81f,
    0x81f,   0x81f,   0xc0b,   0xc0d,   0xc0e,   0xc0f,   0xc2e,   0xc2f,
    0xc32,   0xc33,   0x836,   0x837,   0x838,   0x83e,   0x83f,   0x840,
    0x842,   0x843,   0x845,   0x846,   0x848,   0x84c,   0x412,   0x413,
    0x41e,   0x420,   0x821,   0x821,   0x821,   0x821,   0x823,   0x823,
    0x823,   0x823,   0xc24,   0xc24,   0x1025,  0x1026,  0xc29,   0xc29,
    0xc2a,   0xc2a,   0x428,   0x428,   0x428,   0x428,   0x428,   0x428,
    0x428,   0x428,   0x82b,   0x82b,   0x82b,   0x82b,   0x102c,  0x103c,
    0xc2d,   0xc2d,   0x430,   0x430,   0x430,   0x430,   0xc31,   0xc3a,
    0x835,   0x835,   0xc3b,   0xc3b,   0x103d,  0x1044,  0x841,   0x841,
    0x841,   0x841,   0xc47,   0xc47,   0xc4b,   0xc4b,   0x84a,   0x84a,
    0x84a,   0x84a,
};

int x8_ac1_highquant_table_3[] = {
    0xc00,   0xc00,   0xc00,   0xc00,   0xc00,   0xc00,   0xc00,   0xc00,
    0x1001,  0x1001,  0x1001,  0x1001,  0x1402,  0x1402,  0x1403,  0x1403,
    0x1804,  0x1805,  0x10040, 0x1808,  0x1809,  0x10042, 0x30044, 0x1811,
    0x1410,  0x1410,  0x3004c, 0x1814,  0x10054, 0x181b,  0x1419,  0x1419,
    0xc17,   0xc17,   0xc17,   0xc17,   0xc17,   0xc17,   0xc17,   0xc17,
    0xc18,   0xc18,   0xc18,   0xc18,   0xc18,   0xc18,   0xc18,   0xc18,
    0x141a,  0x141a,  0x181c,  0x181d,  0x10056, 0x20058, 0x1005c, 0x1825,
    0x6005e, 0x1828,  0x100b2, 0x200b4, 0x183b,  0x300b8, 0x183e,  0x100c0,
    0x406,   0x407,   0x40a,   0x40b,   0xc0c,   0xc0d,   0x80f,   0x80f,
    0x40e,   0x40e,   0x40e,   0x40e,   0xc12,   0xc2a,   0x820,   0x820,
    0x413,   0x413,   0x413,   0x413,   0x415,   0x416,   0x41e,   0x41f,
    0x821,   0x822,   0x823,   0x829,   0x424,   0x426,   0x427,   0x427,
    0x427,   0x427,   0x427,   0x427,   0x427,   0x427,   0x427,   0x427,
    0x427,   0x427,   0x427,   0x427,   0x427,   0x427,   0x427,   0x427,
    0x427,   0x427,   0x427,   0x427,   0x427,   0x427,   0x427,   0x427,
    0x427,   0x427,   0x427,   0x427,   0x427,   0x427,   0x20040, 0x20044,
    0x10048, 0x1004a, 0x1004c, 0x1004e, 0x10050, 0x10052, 0xc2f,   0xc2f,
    0xc2f,   0xc2f,   0xc2f,   0xc2f,   0xc2f,   0xc2f,   0x831,   0x831,
    0x831,   0x831,   0x831,   0x831,   0x831,   0x831,   0x831,   0x831,
    0x831,   0x831,   0x831,   0x831,   0x831,   0x831,   0x82b,   0x82c,
    0x82d,   0x832,   0x833,   0x835,   0x436,   0x436,   0x437,   0x438,
    0x43a,   0x440,   0x443,   0x444,   0x445,   0x446,   0x447,   0x448,
    0x44a,   0x44c,   0x42e,   0x430,   0x834,   0x839,   0x43c,   0x43c,
    0xc3d,   0xc4b,   0x849,   0x849,   0x43f,   0x43f,   0x43f,   0x43f,
    0x441,   0x442,
};

int x8_ac1_highquant_table_4[] = {
    0x800,   0x800,   0x800,   0x800,   0x800,   0x800,  0x800,   0x800,
    0x800,   0x800,   0x800,   0x800,   0x800,   0x800,  0x800,   0x800,
    0x1001,  0x1001,  0x1001,  0x1001,  0x1402,  0x1402, 0x1403,  0x1403,
    0x1804,  0x1805,  0x10040, 0x30042, 0x6004a, 0x1812, 0x1411,  0x1411,
    0xc10,   0xc10,   0xc10,   0xc10,   0xc10,   0xc10,  0xc10,   0xc10,
    0x1014,  0x1014,  0x1014,  0x1014,  0x1815,  0x1816, 0x1418,  0x1418,
    0x1017,  0x1017,  0x1017,  0x1017,  0x1819,  0x181a, 0x181b,  0x10092,
    0x10094, 0x20096, 0x4009a, 0x400aa, 0x1830,  0x1834, 0x600ba, 0x1849,
    0x406,   0x407,   0x408,   0x408,   0x408,   0x408,  0x809,   0x809,
    0xc0a,   0xc0b,   0x100c,  0x100c,  0x100c,  0x100c, 0x100d,  0x100d,
    0x100d,  0x100d,  0x100e,  0x100e,  0x100e,  0x100e, 0x30040, 0x182d,
    0x182f,  0x183a,  0x820,   0x820,   0x820,   0x820,  0x820,   0x820,
    0x820,   0x820,   0x820,   0x820,   0x820,   0x820,  0x820,   0x820,
    0x820,   0x820,   0x413,   0x413,   0x413,   0x413,  0x413,   0x413,
    0x413,   0x413,   0x413,   0x413,   0x413,   0x413,  0x413,   0x413,
    0x413,   0x413,   0x413,   0x413,   0x413,   0x413,  0x413,   0x413,
    0x413,   0x413,   0x413,   0x413,   0x413,   0x413,  0x413,   0x413,
    0x413,   0x413,   0xc0f,   0xc32,   0xc33,   0xc36,  0xc37,   0xc38,
    0xc3d,   0xc40,   0x41c,   0x41d,   0x41e,   0x41f,  0x821,   0x822,
    0x823,   0x824,   0x825,   0x825,   0x825,   0x825,  0x1026,  0x102b,
    0xc29,   0xc29,   0x427,   0x427,   0x427,   0x427,  0x427,   0x427,
    0x427,   0x427,   0x828,   0x828,   0x828,   0x828,  0xc2a,   0xc2a,
    0x102c,  0x102e,  0x831,   0x831,   0x831,   0x831,  0xc35,   0xc35,
    0x103b,  0x103c,  0x439,   0x439,   0x439,   0x439,  0x439,   0x439,
    0x439,   0x439,   0x439,   0x439,   0x439,   0x439,  0x439,   0x439,
    0x439,   0x439,   0x439,   0x439,   0x439,   0x439,  0x439,   0x439,
    0x439,   0x439,   0x439,   0x439,   0x439,   0x439,  0x439,   0x439,
    0x439,   0x439,   0x183e,  0x30040, 0x143f,  0x143f, 0x1844,  0x184a,
    0x144b,  0x144b,  0xc42,   0xc42,   0xc42,   0xc42,  0xc42,   0xc42,
    0xc42,   0xc42,   0x841,   0x841,   0x841,   0x841,  0x841,   0x841,
    0x841,   0x841,   0x841,   0x841,   0x841,   0x841,  0x841,   0x841,
    0x841,   0x841,   0xc43,   0xc45,   0xc46,   0xc47,  0x848,   0x848,
    0x84c,   0x84c,
};

int x8_ac1_highquant_table_5[] = {
    0xc00,   0xc00,   0xc00,   0xc00,   0xc00,   0xc00,   0xc00,   0xc00,
    0x1001,  0x1001,  0x1001,  0x1001,  0x1002,  0x1002,  0x1002,  0x1002,
    0x1403,  0x1403,  0x1404,  0x1404,  0x1805,  0x50040, 0x60060, 0x1812,
    0x1010,  0x1010,  0x1010,  0x1010,  0x1411,  0x1411,  0x1414,  0x1414,
    0x100ac, 0x1816,  0x1419,  0x1419,  0x1018,  0x1018,  0x1018,  0x1018,
    0xc17,   0xc17,   0xc17,   0xc17,   0xc17,   0xc17,   0xc17,   0xc17,
    0x141a,  0x141a,  0x141b,  0x141b,  0x141c,  0x141c,  0x181d,  0x181e,
    0x200ae, 0x200b2, 0x1427,  0x1427,  0x400b6, 0x600c6, 0x1010e, 0x30110,
    0x406,   0x406,   0x406,   0x406,   0x406,   0x406,   0x406,   0x406,
    0x406,   0x406,   0x406,   0x406,   0x406,   0x406,   0x406,   0x406,
    0x807,   0x807,   0x807,   0x807,   0x807,   0x807,   0x807,   0x807,
    0x1408,  0x140a,  0x100b,  0x100b,  0xc09,   0xc09,   0xc09,   0xc09,
    0x140c,  0x140c,  0x30040, 0x20048, 0x1426,  0x1426,  0x1435,  0x1435,
    0xc25,   0xc25,   0xc25,   0xc25,   0xc25,   0xc25,   0xc25,   0xc25,
    0x820,   0x820,   0x820,   0x820,   0x820,   0x820,   0x820,   0x820,
    0x820,   0x820,   0x820,   0x820,   0x820,   0x820,   0x820,   0x820,
    0x413,   0x413,   0x413,   0x413,   0x413,   0x413,   0x413,   0x413,
    0x413,   0x413,   0x413,   0x413,   0x413,   0x413,   0x413,   0x413,
    0x413,   0x413,   0x413,   0x413,   0x413,   0x413,   0x413,   0x413,
    0x413,   0x413,   0x413,   0x413,   0x413,   0x413,   0x413,   0x413,
    0xc0d,   0xc0e,   0xc0f,   0xc2f,   0xc31,   0xc32,   0xc33,   0xc36,
    0x837,   0x838,   0x83a,   0x83f,   0x415,   0x41f,   0x821,   0x822,
    0x423,   0x423,   0x824,   0x829,   0x428,   0x428,   0x82a,   0x82a,
    0x82a,   0x82a,   0x102c,  0x103c,  0xc2d,   0xc2d,   0x42b,   0x42b,
    0x42b,   0x42b,   0x42b,   0x42b,   0x42b,   0x42b,   0xc2e,   0xc2e,
    0xc2e,   0xc2e,   0xc2e,   0xc2e,   0xc2e,   0xc2e,   0xc3b,   0xc3b,
    0xc3b,   0xc3b,   0xc3b,   0xc3b,   0xc3b,   0xc3b,   0x103d,  0x103d,
    0x103d,  0x103d,  0x20040, 0x20044, 0x1442,  0x1442,  0xc3e,   0xc3e,
    0xc3e,   0xc3e,   0xc3e,   0xc3e,   0xc3e,   0xc3e,   0x430,   0x430,
    0x430,   0x430,   0x430,   0x430,   0x430,   0x430,   0x430,   0x430,
    0x430,   0x430,   0x430,   0x430,   0x430,   0x430,   0x430,   0x430,
    0x430,   0x430,   0x430,   0x430,   0x430,   0x430,   0x430,   0x430,
    0x430,   0x430,   0x430,   0x430,   0x430,   0x430,   0x840,   0x843,
    0x844,   0x845,   0x846,   0x848,   0x84b,   0x84c,   0x434,   0x439,
    0x841,   0x841,   0xc47,   0xc4a,   0x449,   0x449,   0x449,   0x449,
};

int x8_ac1_highquant_table_6[] = {
    0xc00,   0xc00,   0xc00,   0xc00,   0xc00,   0xc00,   0xc00,   0xc00,
    0x1001,  0x1001,  0x1001,  0x1001,  0x1002,  0x1002,  0x1002,  0x1002,
    0x1403,  0x1403,  0x1404,  0x1404,  0x1405,  0x1405,  0x1406,  0x1406,
    0x1807,  0x10040, 0x1409,  0x1409,  0x60042, 0x100c6, 0x1811,  0x100c8,
    0x1010,  0x1010,  0x1010,  0x1010,  0x1414,  0x1414,  0x1416,  0x1416,
    0x1817,  0x1818,  0x100ca, 0x181a,  0x100cc, 0x100ce, 0x100d0, 0x182f,
    0x142e,  0x142e,  0x1431,  0x1431,  0x1030,  0x1030,  0x1030,  0x1030,
    0x100d2, 0x1839,  0x1434,  0x1434,  0x183b,  0x1841,  0x1449,  0x1449,
    0x408,   0x40a,   0x60040, 0x10080, 0x10082, 0x1822,  0x1825,  0x1826,
    0x1828,  0x1829,  0x182a,  0x182b,  0x182c,  0x182d,  0x1832,  0x1835,
    0x1836,  0x1837,  0x1838,  0x183a,  0x183c,  0x183d,  0x183e,  0x183f,
    0x1840,  0x1842,  0x1843,  0x1844,  0x1845,  0x1846,  0x1847,  0x1848,
    0x184a,  0x184c,  0x40c,   0x40c,   0x40c,   0x40c,   0x40c,   0x40c,
    0x40c,   0x40c,   0x40c,   0x40c,   0x40c,   0x40c,   0x40c,   0x40c,
    0x40c,   0x40c,   0x40c,   0x40c,   0x40c,   0x40c,   0x40c,   0x40c,
    0x40c,   0x40c,   0x40c,   0x40c,   0x40c,   0x40c,   0x40c,   0x40c,
    0x40c,   0x40c,   0x40b,   0x40b,   0x40b,   0x40b,   0x40b,   0x40b,
    0x40b,   0x40b,   0x40b,   0x40b,   0x40b,   0x40b,   0x40b,   0x40b,
    0x40b,   0x40b,   0x40b,   0x40b,   0x40b,   0x40b,   0x40b,   0x40b,
    0x40b,   0x40b,   0x40b,   0x40b,   0x40b,   0x40b,   0x40b,   0x40b,
    0x40b,   0x40b,   0x40d,   0x40d,   0x40d,   0x40d,   0x40d,   0x40d,
    0x40d,   0x40d,   0x40d,   0x40d,   0x40d,   0x40d,   0x40d,   0x40d,
    0x40d,   0x40d,   0x40d,   0x40d,   0x40d,   0x40d,   0x40d,   0x40d,
    0x40d,   0x40d,   0x40d,   0x40d,   0x40d,   0x40d,   0x40d,   0x40d,
    0x40d,   0x40d,   0x40f,   0x41d,   0x420,   0x421,   0x40e,   0x412,
    0x413,   0x415,   0x419,   0x41b,   0x41c,   0x41e,   0x41f,   0x423,
    0x424,   0x427,   0x433,   0x44b,
};

int x8_ac1_highquant_table_7[] = {
    0xc00,   0xc00,   0xc00,   0xc00,   0xc00,  0xc00,  0xc00,   0xc00,
    0x1001,  0x1001,  0x1001,  0x1001,  0x1402, 0x1402, 0x1803,  0x1804,
    0x60040, 0x1811,  0x200a0, 0x181c,  0x1010, 0x1010, 0x1010,  0x1010,
    0x1414,  0x1414,  0x1419,  0x1419,  0x141a, 0x141a, 0x141b,  0x141b,
    0x817,   0x817,   0x817,   0x817,   0x817,  0x817,  0x817,   0x817,
    0x817,   0x817,   0x817,   0x817,   0x817,  0x817,  0x817,   0x817,
    0xc18,   0xc18,   0xc18,   0xc18,   0xc18,  0xc18,  0xc18,   0xc18,
    0x181d,  0x300a4, 0x200ac, 0x300b0, 0x1427, 0x1427, 0x400b8, 0x300c8,
    0x805,   0x805,   0x805,   0x805,   0x805,  0x805,  0x805,   0x805,
    0x805,   0x805,   0x805,   0x805,   0x805,  0x805,  0x805,   0x805,
    0x806,   0x806,   0x806,   0x806,   0x806,  0x806,  0x806,   0x806,
    0x806,   0x806,   0x806,   0x806,   0x806,  0x806,  0x806,   0x806,
    0x807,   0x807,   0x807,   0x807,   0x807,  0x807,  0x807,   0x807,
    0x807,   0x807,   0x807,   0x807,   0x807,  0x807,  0x807,   0x807,
    0x1408,  0x1408,  0x30040, 0x30048, 0x1425, 0x1425, 0x30050, 0x30058,
    0xc13,   0xc13,   0xc13,   0xc13,   0xc13,  0xc13,  0xc13,   0xc13,
    0xc09,   0xc0a,   0xc0b,   0xc0c,   0xc0d,  0xc0e,  0xc0f,   0xc26,
    0xc2e,   0xc2f,   0xc32,   0xc33,   0xc35,  0xc36,  0xc37,   0xc38,
    0xc3a,   0xc3d,   0xc3e,   0xc3f,   0xc40,  0xc42,  0xc43,   0xc44,
    0xc45,   0xc46,   0x848,   0x848,   0x84b,  0x84b,  0x84c,   0x84c,
    0x412,   0x412,   0x815,   0x816,   0x81e,  0x81e,  0x81f,   0x81f,
    0xc20,   0xc24,   0x821,   0x821,   0x422,  0x422,  0x823,   0x829,
    0x428,   0x428,   0x428,   0x428,   0xc2a,  0xc2c,  0x82b,   0x82b,
    0xc2d,   0xc2d,   0x1031,  0x1047,  0x830,  0x830,  0x830,   0x830,
    0x834,   0x834,   0x834,   0x834,   0xc39,  0xc39,  0xc3c,   0xc3c,
    0x83b,   0x83b,   0xc41,   0xc4a,   0x449,  0x449,  0x449,   0x449,
};

int *j_dc_vlc[2][8];
int *j_ac_vlc[2][2][8];
int *j_orient_vlc[2][4];

static inline int clamp(int dv, int minval, int maxval)
{
#if (defined(LINUX) && defined(X86))
    int orig = dv;
    __asm__ __volatile__("cmpl %0, %2\n\t"
                         "cmovg %2, %0\n\t"
                         "cmpl %0, %3\n\t"
                         "cmovl %3, %0\n\t"
                         : "=r"(dv)
                         : "0"(dv), "r"(minval), "g"(maxval));
    return dv;
#else
    if (dv < minval)
        dv = minval;
    if (dv > maxval)
        dv = maxval;
    return dv;
#endif
}

extern int dct_count, recon_count;
extern int64_t dct_time, recon_time;

void make_edge_311(unsigned char *frame_pic, int width, int height, int stride,
                   int edge)
{
    int j;
    unsigned char *p_border;
    unsigned char *p_border_top, *p_border_bottom;
    unsigned char *p_border_top_ref, *p_border_bottom_ref;
    width = (width + edge - 1) & ~(edge - 1);
    height = (height + edge - 1) & ~(edge - 1);

    // left and right edges
    p_border = frame_pic;

    for (j = 0; j < height; j++) {
        unsigned char border_left = p_border[0];
        unsigned char border_right = p_border[width - 1];

        memset((p_border - edge), border_left, edge);
        memset((p_border + width), border_right, edge);
        p_border += stride;
    }

    // top and bottom edges
    p_border_top_ref = frame_pic;
    p_border_bottom_ref = frame_pic + stride * (height - 1);
    p_border_top = p_border_top_ref - edge * stride;
    p_border_bottom = p_border_bottom_ref + stride;

    for (j = 0; j < edge; j++) {
        memcpy(p_border_top, p_border_top_ref, width);
        memcpy(p_border_bottom, p_border_bottom_ref, width);
        p_border_top += stride;
        p_border_bottom += stride;
    }

    // corners
    {
        unsigned char *p_left_corner_top = frame_pic - edge - (edge * stride);
        unsigned char *p_right_corner_top = p_left_corner_top + edge + width;
        unsigned char *p_left_corner_bottom =
            frame_pic + (stride * height) - edge;
        unsigned char *p_right_corner_bottom =
            p_left_corner_bottom + edge + width;

        char left_corner_top = frame_pic[0];
        char right_corner_top = frame_pic[width - 1];
        char left_corner_bottom = frame_pic[stride * (height - 1)];
        char right_corner_bottom = frame_pic[stride * (height - 1) + width - 1];

        for (j = 0; j < edge; j++) {
            memset(p_left_corner_top, left_corner_top, edge);
            memset(p_right_corner_top, right_corner_top, edge);
            memset(p_left_corner_bottom, left_corner_bottom, edge);
            memset(p_right_corner_bottom, right_corner_bottom, edge);

            p_left_corner_top += stride;
            p_right_corner_top += stride;
            p_left_corner_bottom += stride;
            p_right_corner_bottom += stride;
        }
    }
}

static inline int lookup_cbp_prediction(int old_cbp_x, int old_cbp_y, int old_cbp_diag, short cbp)
{
    if (!(old_cbp_diag & 4)) {
        switch (old_cbp_y & 0xc) {
        case 0:
            switch (old_cbp_x & 0x14) {
            case 0:
                return cbp;
            case 4:
                if (cbp & 0x20) {
                    return cbp;
                }
                if (cbp & 0x10) {
                    return cbp ^ 8;
                }
                return cbp ^ 12;
            case 0x10:
                if (cbp & 0x20) {
                    return cbp ^ 0x3c;
                }
                if (cbp & 0x10) {
                    return cbp ^ 0x34;
                }
                return cbp ^ 0x30;
            case 0x14:
                return cbp ^ 0x3c;
            }
        case 4:
            switch (old_cbp_x & 0x14) {
            case 0:
                if (cbp & 0x20) {
                    return cbp;
                }
                if (cbp & 8) {
                    return cbp ^ 0x10;
                }
                return cbp ^ 0x14;
            case 4:
                if (cbp & 0x20) {
                    return cbp;
                }
                if (cbp >= 8 && cbp < 0x18) {
                    return cbp ^ 0x18;
                }
                return cbp ^ 0x1c;
            case 0x10:
                if (cbp & 0x20) {
                    if (cbp & 0x8) {
                        return cbp ^ 0x28;
                    }
                    return cbp ^ 0x2c;
                }
                if (cbp & 0x10) {
                    return cbp ^ 0x34;
                }
                return cbp ^ 0x30;
            case 0x14:
                if (cbp & 0x20) {
                    if (cbp & 0x8) {
                        return cbp ^ 0x28;
                    }
                    return cbp ^ 0x2c;
                }
                return cbp ^ 0x3c;
            }
        case 8:
            switch (old_cbp_x & 0x14) {
            case 0:
            case 0x14:
                if (cbp & 0x20) {
                    return cbp ^ 0x3c;
                }
                if (cbp & 0x8) {
                    return cbp ^ 0x2c;
                }
                return cbp ^ 0x28;
            case 4:
                if (cbp & 0x20) {
                    if (cbp & 0x10) {
                        return cbp ^ 0x30;
                    }
                    return cbp ^ 0x34;
                }
                if (cbp & 0x8) {
                    return cbp ^ 0x2c;
                }
                return cbp ^ 0x28;
            case 0x10:
                if (cbp & 0x20) {
                    return cbp ^ 0x3c;
                }
                if (cbp >= 8 && cbp < 0x18) {
                    return cbp ^ 0x24;
                }
                return cbp ^ 0x20;
            }
        case 0xC:
            switch (old_cbp_x & 0x14) {
            case 0:
            case 0x14:
                return cbp ^ 0x3c;
            case 4:
                if (cbp & 0x20) {
                    if (cbp & 0x10) {
                        return cbp ^ 0x30;
                    } else {
                        return cbp ^ 0x34;
                    }
                }
                return cbp ^ 0x3c;
            case 0x10:
                if (cbp & 0x20) {
                    return cbp ^ 0x3c;
                }
                if (cbp & 0x10) {
                    return cbp ^ 0x34;
                } else {
                    return cbp ^ 0x30;
                }
            }
        }
    } else {
        switch (old_cbp_y & 0xc) {
        case 0:
            switch (old_cbp_x & 0x14) {
            case 0:
            case 0x14:
                return cbp;
            case 4:
                if (cbp & 0x20) {
                    return cbp;
                }
                if (cbp & 0x10) {
                    return cbp ^ 8;
                }
                return cbp ^ 12;
            case 0x10:
                if (cbp & 0x20) {
                    if (cbp & 0x10) {
                        return cbp ^ 0xc;
                    }
                    return cbp ^ 0x8;
                }
                return cbp;
            }
        case 4:
            switch (old_cbp_x & 0x14) {
            case 0:
                if (cbp & 0x20) {
                    return cbp;
                }
                if (cbp & 8) {
                    return cbp ^ 0x10;
                }
                return cbp ^ 0x14;
            case 4:
                if (cbp & 0x20) {
                    return cbp;
                }
                if (cbp >= 8 && cbp < 0x18) {
                    return cbp ^ 0x18;
                }
                return cbp ^ 0x1c;
            case 0x10:
                if (cbp & 0x20) {
                    if (cbp & 0x10) {
                        return cbp ^ 0xc;
                    }
                    return cbp ^ 0x8;
                }
                if (cbp & 0x8) {
                    return cbp ^ 0x10;
                }
                return cbp ^ 0x14;
            case 0x14:
                if (cbp & 0x20) {
                    return cbp;
                }
                if (cbp & 0x8) {
                    return cbp ^ 0x10;
                }
                return cbp ^ 0x14;
            }
        case 8:
            switch (old_cbp_x & 0x14) {
            case 0:
                if (cbp & 0x20) {
                    if (cbp & 0x8) {
                        return cbp ^ 0x14;
                    } else {
                        return cbp ^ 0x10;
                    }
                }
                return cbp;
            case 4:
                if (cbp & 0x20) {
                    if (cbp & 0x8) {
                        return cbp ^ 0x14;
                    } else {
                        return cbp ^ 0x10;
                    }
                }

                if (cbp & 0x10) {
                    return cbp ^ 8;
                }

                return cbp ^ 0xc;
            case 0x10:
                if (cbp & 0x20) {
                    return cbp ^ 0x3c;
                }
                if (cbp >= 8 && cbp < 0x18) {
                    return cbp ^ 0x24;
                }
                return cbp ^ 0x20;
            case 0x14:
                if (cbp & 0x20) {
                    return cbp ^ 0x3c;
                }
                if (cbp & 8) {
                    return cbp ^ 0x2c;
                }
                return cbp ^ 0x28;
            }
        case 0xC:
            switch (old_cbp_x & 0x14) {
            case 0:
                return cbp;
            case 4:
                if (cbp & 0x20) {
                    return cbp;
                }
                if (cbp & 0x10) {
                    return cbp ^ 0x8;
                }
                return cbp ^ 0xc;
            case 0x10:
                if (cbp & 0x20) {
                    return cbp ^ 0x3c;
                }
                if (cbp & 0x10) {
                    return cbp ^ 0x34;
                } else {
                    return cbp ^ 0x30;
                }
            case 0x14:
                return cbp ^ 0x3c;
            }
        }
    }
    return 0; // unknown
}

static void set_mv_311(mp4_stream_t *ld, struct mp4_state *mp4_state, motion_vector_t wmv2_pmv)
{
    int mv_x, mv_y;
    motion_vector_t pmv;
    int i;
    if (mp4_state->msmpeg_version != 5) {
        pmv = find_pmv_311(mp4_state, ld);
    } else {
        pmv.x = wmv2_pmv.x;
        pmv.y = wmv2_pmv.y;
    }

    mp4_state->hdr.mv_table(ld, &mv_x, &mv_y);
    mp4_state->mp4_mv_data_buf[0][0] = mv_x;
    mp4_state->mp4_mv_data_buf[0][1] = mv_y;
    mv_x += pmv.x;
    mv_y += pmv.y;
    if (mv_x <= -64)
        mv_x += 64;
    if (mv_y <= -64)
        mv_y += 64;
    if (mv_x >= 64)
        mv_x -= 64;
    if (mv_y >= 64)
        mv_y -= 64;
    for (i = 0; i < 4; i++) {
        mp4_state->mv[(mp4_state->hdr.mb_ypos + 1) * mp4_state->MV_stride + mp4_state->hdr.mb_xpos + 1][i].x = mv_x;
        mp4_state->mv[(mp4_state->hdr.mb_ypos + 1) * mp4_state->MV_stride + mp4_state->hdr.mb_xpos + 1][i].y = mv_y;
    }
    if (mp4_state->msmpeg_version == 5) {
        if (((mv_x | mv_y) & 1) && mp4_state->hdr.mspel) {
            mp4_state->hdr.hshift = getbits1(ld);
        } else {
            mp4_state->hdr.hshift = 0;
        }
    }
}

int dcscaler_311(int quant, int block_num)
{
    int type = (block_num < 4) ? 0 : 1;
    int scale;
    if (quant <= 4) {
        return 8;
    } else if (quant <= 8) {
        scale = 2 * quant;
        if (type)
            return (quant + 13) / 2;
        else
            return scale;
    } else if (quant <= 24) {
        scale = quant + 8;
        if (type)
            return (quant + 13) / 2;
        else
            return scale;
    } else {
        scale = 2 * quant - 16;
        if (type)
            return quant - 6;
        else
            return scale;
    }
}

static inline int is_edge(int y, int height, int cut)
{
    cut = 0;
    if (!cut && (y == (height - 1)) && (height & 1))
        return 1;
    if (y == (height >> 1))
        return 1;
    return 0;
}

void check_and_set_edges(reference_t *ref, unsigned char *frame[], int xv, int yv);

static void reconstruct_311(reference_t *ref, int bx, int by)
{
    struct mp4_state *mp4_state = ref->mp4_state;

    int lx, dx, dy;
    int dx_frac, dy_frac;

    lx = mp4_state->coded_picture_width;

    // Luma
    dx = mp4_state->mv[(by + 1) * mp4_state->MV_stride + bx + 1][0].x;
    dy = mp4_state->mv[(by + 1) * mp4_state->MV_stride + bx + 1][0].y;

    dx_frac = dx & 1;
    dy_frac = dy & 1;

    dx = dx >> 1;
    dy = dy >> 1;

    dx += 16 * bx;
    dy += 16 * by;

    dx = clamp(dx, -18, mp4_state->edge_hor_start);
    dy = clamp(dy, -18, mp4_state->edge_ver_start);

    dx = dx * 2 + dx_frac;
    dy = dy * 2 + dy_frac;

    check_and_set_edges(ref, ref->frame_for, dx, dy);

    // Chr

    /* chroma rounding */
    dx = mp4_state->mv[(by + 1) * mp4_state->MV_stride + bx + 1][0].x;
    dy = mp4_state->mv[(by + 1) * mp4_state->MV_stride + bx + 1][0].y;
    if (dx % 4 == 0)
        dx /= 2;
    else if (dx > 0)
        dx = (dx >> 1) | 1;
    else
        dx = -(((-dx) >> 1) | 1);

    if (dy % 4 == 0)
        dy /= 2;
    else if (dy > 0)
        dy = (dy >> 1) | 1;
    else
        dy = -(((-dy) >> 1) | 1);

    ref->fwd_mv_c[0][0] = dx;
    ref->fwd_mv_c[0][1] = dy;

    lx >>= 1;
    dx += 16 * bx;
    dy += 16 * by;
    dx = clamp(dx, -16, mp4_state->edge_hor_start);
    dy = clamp(dy, -16, mp4_state->edge_ver_start);
}

#ifndef FFMIN
#define FFMIN(a, b) ((a) > (b) ? (b) : (a))
#define FFMAX(a, b) ((a) > (b) ? (a) : (b))
#define FFABS(a)    ((a) >= 0 ? (a) : (-(a)))
#endif
static void x8_get_prediction(struct mp4_state *s, intra_x8_context_t *const w)
{
    int a, b, c, i;

    w->edges = 1 * (!s->hdr.mb_xpos);
    w->edges |= 2 * (!s->hdr.mb_ypos);
    w->edges |= 4 * (s->hdr.mb_xpos >= (2 * s->mb_width - 1));

    switch (w->edges & 3) {
    case 0:
        break;
    case 1: // only left edge, vertical prediction
        // take the one from the above block[0][y-1]
        w->est_run = w->prediction_table[!(s->hdr.mb_ypos & 1)] >> 2;
        w->orient = 1;
        return;
    case 2: // only top edge, horizontal prediction
        // take the one from the previous block[x-1][0]
        w->est_run = w->prediction_table[2 * s->hdr.mb_xpos - 2] >> 2;
        w->orient = 2;
        return;
    case 3: // top left edge
        w->est_run = 16;
        w->orient = 0;
        return;
    }

    // no edge cases
    b = w->prediction_table[2 * s->hdr.mb_xpos +
                            !(s->hdr.mb_ypos & 1)]; // block[x  ][y-1]
    a = w->prediction_table[2 * s->hdr.mb_xpos - 2 +
                            (s->hdr.mb_ypos & 1)]; // block[x-1][y  ]
    c = w->prediction_table[2 * s->hdr.mb_xpos - 2 +
                            !(s->hdr.mb_ypos & 1)]; // block[x-1][y-1]

    w->est_run = FFMIN(b, a);
    /* This condition has nothing to do with w->edges, even if it looks
        similar it would trigger if e.g. x=3;y=2;
        I guess somebody wrote something wrong and it became standard. */
    if ((s->hdr.mb_xpos & s->hdr.mb_ypos) != 0)
        w->est_run = FFMIN(c, w->est_run);
    w->est_run >>= 2;

    a &= 3;
    b &= 3;
    c &= 3;

    i = (0xFFEAF4C4 >> (2 * b + 8 * a)) & 3;
    if (i != 3)
        w->orient = i;
    else
        w->orient = (0xFFEAD8 >> (2 * c + 8 * (w->quant > 12))) & 3;
    /*
    lut1[b][a]={
    ->	{0, 1, 0, pad},	//a==0
            {0, 1, X, pad},	//a==1
            {2, 2, 2, pad}}	//a==2
            pad 2   2  2; pad X  1  0; pad 0  1  0 <-
     -> 11 10 '10 10 '11 11'01 00 '11 00'01 00=>0xEAF4C4

      lut2[q>12][c]={
      ->{0,2,1,pad},
            {2,2,2,pad}}
            pad 2  2  2; pad 1  2  0 <-
            -> 11 10'10 10 '11 01'10 00=>0xEAD8
    */
}

static void x8_update_predictions(struct mp4_state *s,
                                  intra_x8_context_t *const w, const int orient,
                                  const int est_run)
{

    w->prediction_table[s->hdr.mb_xpos * 2 + (s->hdr.mb_ypos & 1)] =
        (est_run << 2) + 1 * (orient == 4) + 2 * (orient == 8);
    /**
     * y=2n+0 ->//0 2 4
     * y=2n+1 ->//1 3 5
     */
}

static void x8_get_prediction_chroma(struct mp4_state *s,
                                     intra_x8_context_t *const w)
{
    w->edges = 1 * (!(s->hdr.mb_xpos >> 1));
    w->edges |= 2 * (!(s->hdr.mb_ypos >> 1));
    w->edges |=
        4 * (s->hdr.mb_xpos >=
             (2 * s->mb_width - 1)); // mb_x for chroma would always be odd

    w->raw_orient = 0;
    if (w->edges &
        3) { // lut_co[8]={inv,4,8,8, inv,4,8,8}<- =>{1,1,0,0;1,1,0,0} => 0xCC
        w->chroma_orient = 4 << ((0xCC >> w->edges) & 1);
        return;
    }
    w->chroma_orient = (w->prediction_table[2 * s->hdr.mb_xpos - 2] & 0x03)
                       << 2; // block[x-1][y|1-1)]
}

/**
 * area positions, #3 is 1 pixel only, other are 8 pixels
 *    |66666666|
 *   3|44444444|55555555|
 * - -+--------+--------+
 * 1 2|XXXXXXXX|
 * 1 2|XXXXXXXX|
 * 1 2|XXXXXXXX|
 * 1 2|XXXXXXXX|
 * 1 2|XXXXXXXX|
 * 1 2|XXXXXXXX|
 * 1 2|XXXXXXXX|
 * 1 2|XXXXXXXX|
 * ^-start
 */

#define area1 (0)
#define area2 (8)
#define area3 (8 + 8)
#define area4 (8 + 8 + 1)
#define area5 (8 + 8 + 1 + 8)
#define area6 (8 + 8 + 1 + 16)

/**
 Collect statistics and prepare the edge pixels required by the other spatial
 compensation functions.

 * @param src pointer to the beginning of the processed block
 * @param dst pointer to emu_edge, edge pixels are stored the way other
 compensation routines do.
 * @param linesize byte offset between 2 vertical pixels in the source image
 * @param range pointer to the variable where the edge pixel range is to be
 stored (max-min values)
 * @param psum  pointer to the variable where the edge pixel sum is to be stored
 * @param edges Informs this routine that the block is on an image border, so it
 has to interpolate the missing edge pixels. and some of the edge pixels should
 be interpolated, the flag has the following meaning: 1   - mb_x==0 - first
 block in the row, interpolate area #1,#2,#3; 2   - mb_y==0
 - first row, interpolate area #3,#4,#5,#6; note:   1|2 - mb_x==mb_y==0 - first
 block, use 0x80 value for all areas; 4   - mb_x>= (mb_width-1) last block in
 the row, interpolate area #5;
*/
static void x8_setup_spatial_compensation(unsigned char *src,
                                          unsigned char *dst, int linesize,
                                          int *range, int *psum, int edges)
{
    unsigned char *ptr;
    int sum;
    int i;
    int min_pix, max_pix;
    unsigned char c;

    if ((edges & 3) == 3) { // left top edge
        *psum = 0x80 * (8 + 1 + 8 + 2);
        *range = 0;
        memset(dst, 0x80, 16 + 1 + 16 + 8);
        // this triggers flat_dc for sure.
        // flat_dc avoids all (other) prediction modes, but requires dc_level
        // decoding.
        return;
    }

    min_pix = 256;
    max_pix = -1;

    sum = 0;

    if (!(edges & 1)) { //(mb_x!=0)//there is previous block on this row
        ptr = src - 1;  // left column, area 2
        for (i = 7; i >= 0; i--) {
            c = *(ptr - 1); // area1, same mb as area2, no need to check
            dst[area1 + i] = c;
            c = *(ptr);

            sum += c;
            min_pix = FFMIN(min_pix, c);
            max_pix = FFMAX(max_pix, c);
            dst[area2 + i] = c;

            ptr += linesize;
        }
    }

    if (!(edges & 2)) {       //(mb_y!=0)//there is row above
        ptr = src - linesize; // top line
        for (i = 0; i < 8; i++) {
            c = *(ptr + i);
            sum += c;
            min_pix = FFMIN(min_pix, c);
            max_pix = FFMAX(max_pix, c);
        }
        if (edges & 4) {               // last block on the row?
            memset(dst + area5, c, 8); // set with last pixel fr
            memcpy(dst + area4, ptr, 8);
        } else {
            memcpy(dst + area4, ptr, 16); // both area4 and 5
        }
        memcpy(dst + area6, ptr - linesize,
               8); // area6 always present in the above block
    }

    // now calculate the stuff we need
    if (edges & 3) { // mb_x==0 || mb_y==0){
        int avg = (sum + 4) >> 3;
        if (edges & 1) {                         //(mb_x==0) {//implies mb_y!=0
            memset(dst + area1, avg, 8 + 8 + 1); // areas 1,2 and 3 are averaged
        } else {                                 // implies y==0 x!=0
            memset(dst + area3, avg, 1 + 16 + 8); // areas 3, 4,5,6
        }
        sum += avg * 9;
    } else {
        unsigned char c =
            *(src - 1 -
              linesize); // the edge pixel, in the top line and left column
        dst[area3] = c;
        sum += c;
        // edge pixel is not part of min/max
    }

    (*range) = max_pix - min_pix;
    sum += *(dst + area5) + *(dst + area5 + 1);
    *psum = sum;
}

static int x8_get_orient_vlc(struct mp4_state *s, mp4_stream_t *ld,
                             intra_x8_context_t *w)
{
    int table_index;

    if (!w->j_orient_vlc) {
        table_index = getbits(ld, 1 + (w->quant < 13));
        w->j_orient_vlc = j_orient_vlc[w->quant < 13][table_index];
    }

    return get_short_311(ld, w->j_orient_vlc);
}

static void x8_select_ac_table(mp4_stream_t *ld, intra_x8_context_t *w,
                               int mode)
{
    int table_index;

    if (mode >= 4) {
        loge("mode >= 4");
        return;
    }

    if (w->j_ac_vlc[mode])
        return;

    table_index = getbits(ld, 3);
    w->j_ac_vlc[mode] = j_ac_vlc[w->quant < 13][mode >> 1]
                                [table_index]; // 2 modes use same tables

    if (!w->j_ac_vlc[mode]) {
        loge("j_ac_vlc[%d] = NULL", mode);
    }
}

#define extra_bits(eb)  (eb)
#define extra_run       (0xFF << 8)
#define extra_level     (0x00 << 8)
#define run_offset(r)   ((r) << 16)
#define level_offset(l) ((l) << 24)
static const unsigned int ac_decode_table[] = {
    /*46*/ extra_bits(3) | extra_run | run_offset(16) | level_offset(0),
    /*47*/ extra_bits(3) | extra_run | run_offset(24) | level_offset(0),
    /*48*/ extra_bits(2) | extra_run | run_offset(4) | level_offset(1),
    /*49*/ extra_bits(3) | extra_run | run_offset(8) | level_offset(1),

    /*50*/ extra_bits(5) | extra_run | run_offset(32) | level_offset(0),
    /*51*/ extra_bits(4) | extra_run | run_offset(16) | level_offset(1),

    /*52*/ extra_bits(2) | extra_level | run_offset(0) | level_offset(4),
    /*53*/ extra_bits(2) | extra_level | run_offset(0) | level_offset(8),
    /*54*/ extra_bits(2) | extra_level | run_offset(0) | level_offset(12),
    /*55*/ extra_bits(3) | extra_level | run_offset(0) | level_offset(16),
    /*56*/ extra_bits(3) | extra_level | run_offset(0) | level_offset(24),

    /*57*/ extra_bits(2) | extra_level | run_offset(1) | level_offset(3),
    /*58*/ extra_bits(3) | extra_level | run_offset(1) | level_offset(7),

    /*59*/ extra_bits(2) | extra_run | run_offset(16) | level_offset(0),
    /*60*/ extra_bits(2) | extra_run | run_offset(20) | level_offset(0),
    /*61*/ extra_bits(2) | extra_run | run_offset(24) | level_offset(0),
    /*62*/ extra_bits(2) | extra_run | run_offset(28) | level_offset(0),
    /*63*/ extra_bits(4) | extra_run | run_offset(32) | level_offset(0),
    /*64*/ extra_bits(4) | extra_run | run_offset(48) | level_offset(0),

    /*65*/ extra_bits(2) | extra_run | run_offset(4) | level_offset(1),
    /*66*/ extra_bits(3) | extra_run | run_offset(8) | level_offset(1),
    /*67*/ extra_bits(4) | extra_run | run_offset(16) | level_offset(1),

    /*68*/ extra_bits(2) | extra_level | run_offset(0) | level_offset(4),
    /*69*/ extra_bits(3) | extra_level | run_offset(0) | level_offset(8),
    /*70*/ extra_bits(4) | extra_level | run_offset(0) | level_offset(16),

    /*71*/ extra_bits(2) | extra_level | run_offset(1) | level_offset(3),
    /*72*/ extra_bits(3) | extra_level | run_offset(1) | level_offset(7),
};
// extra_bits = 3bits; extra_run/level = 1 bit; run_offset = 6bits; level_offset
// = 5 bits;
#undef extra_bits
#undef extra_run
#undef extra_level
#undef run_offset
#undef level_offset

static void x8_get_ac_rlf(mp4_stream_t *ld, intra_x8_context_t *const w,
                          const int mode, int *const run, int *const level,
                          int *const final)
{
    int i, e;

    //    x8_select_ac_table(w,mode);
    i = get_short_311(ld, w->j_ac_vlc[mode]);

    if (i < 46) { //[0-45]
        int t, l;
        if (i < 0) {
            (*level) = (*final) = // prevent 'may be used unilitialized'
                (*run) = 64;      // this would cause error exit in the ac loop
            return;
        }

        (*final) = t = (i > 22);
        i -= 23 * t;
        /**
         * i== 0-15 r=0-15 l=0 ;r=i& %01111
         * i==16-19 r=0-3  l=1 ;r=i& %00011
         * i==20-21 r=0-1  l=2 ;r=i& %00001
         * i==22    r=0    l=3 ;r=i& %00000
         * l=lut_l[i/2]={0,0,0,0,0,0,0,0,1,1,2,3}[i>>1];// 11 10'01 01'00 00'00
         * 00'00 00'00 00 => 0xE50000 t=lut_mask[l]={0x0f,0x03,0x01,0x00}[l]; as
         * i<256 the higher bits do not matter
         */
        l = (0xE50000 >> (i & (0x1E))) & 3; /*0x1E or (~1) or ((i>>1)<<1)*/
        t = (0x01030F >> (l << 3));

        (*run) = i & t;
        (*level) = l;
    } else if (i < 73) { //[46-72]
        unsigned int sm;
        unsigned int mask;

        i -= 46;
        sm = ac_decode_table[i];

        e = getbits(ld, sm & 0xF);
        sm >>= 8; // 3bits
        mask = sm & 0xff;
        sm >>= 8; // 1bit

        (*run) = (sm & 0xff) + (e & (mask));  // 6bits
        (*level) = (sm >> 8) + (e & (~mask)); // 5bits
        (*final) = i > (58 - 46);
    } else if (i < 75) { //[73-74]
        static const unsigned char crazy_mix_runlevel[32] = {
            0x22, 0x32, 0x33, 0x53, 0x23, 0x42, 0x43, 0x63, 0x24, 0x52, 0x34,
            0x73, 0x25, 0x62, 0x44, 0x83, 0x26, 0x72, 0x35, 0x54, 0x27, 0x82,
            0x45, 0x64, 0x28, 0x92, 0x36, 0x74, 0x29, 0xa2, 0x46, 0x84};

        (*final) = !(i & 1);
        e = getbits(ld, 5); // get the extra bits
        (*run) = crazy_mix_runlevel[e] >> 4;
        (*level) = crazy_mix_runlevel[e] & 0x0F;
    } else {
        (*level) = getbits(ld, 7 - 3 * (i & 1));
        (*run) = getbits(ld, 6);
        (*final) = getbits1(ld);
    }
    return;
}

static const uint8_t dc_index_offset[] = {
    0,  1,  2,  3,  4,  5,  7,   9,
    13, 17, 25, 33, 49, 65, 97, 129,
    193
};

static int x8_get_dc_rlf(mp4_stream_t *ld, intra_x8_context_t *const w,
                         int const mode, int *const level, int *const final)
{
    int i, e, c;

    if (mode >= 3) {
        loge("mode >= 3");
        return -1;
    }

    if (!w->j_dc_vlc[mode]) {
        int table_index;
        table_index = getbits(ld, 3);
        // 4 modes, same table
        w->j_dc_vlc[mode] = j_dc_vlc[w->quant < 13][table_index];
    }

    i = get_short_311(ld, w->j_dc_vlc[mode]);

    c = i > 16;
    (*final) = c;
    i -= 17 * c;

    if (i <= 0) {
        (*level) = 0;
        return -i;
    }

    c = (i + 1) >> 1; // hackish way to calculate dc_extra_sbits[]
    c -= c > 1;

    e = getbits(ld, c); // get the extra bits
    i = dc_index_offset[i] + (e >> 1);

    e = -(e & 1);           // 0,0xffffff
    (*level) = (i ^ e) - e; // (i^0)-0 , (i^0xff)-(-1)

    return 0;
}
// end of huffman

static int x8_setup_spatial_predictor(struct mp4_state *s, mp4_stream_t *ld,
                                      intra_x8_context_t *const w,
                                      const int chroma)
{
    int range;
    int sum;
    int quant;

    x8_setup_spatial_compensation(w->dest[chroma], w->edge_emu_buffer,
                                  !chroma ? s->coded_picture_width
                                          : s->coded_picture_width / 2,
                                  &range, &sum, w->edges);
    if (chroma) {
        w->orient = w->chroma_orient;
        quant = w->quant_dc_chroma;
    } else {
        quant = w->quant;
    }

    w->flat_dc = 0;
    if (range < quant || range < 3) {
        w->orient = 0;
        if (range <
            3) { // yep you read right, a +-1 idct error may break decoding!
            w->flat_dc = 1;
            sum += 9;
            w->predicted_dc = (sum * 6899) >> 17; //((1<<17)+9)/(8+8+1+2)=6899
        }
    }
    if (chroma)
        return 0;

    if (w->orient >= 3) {
        loge("w->orient >= 3");
        return -1;
    }
    if (range < 2 * w->quant) {
        if ((w->edges & 3) == 0) {
            if (w->orient == 1)
                w->orient = 11;
            if (w->orient == 2)
                w->orient = 10;
        } else {
            w->orient = 0;
        }
        w->raw_orient = 0;
    } else {
        static const unsigned char prediction_table[3][12] = {
            {0, 8, 4, 10, 11, 2, 6, 9, 1, 3, 5, 7},
            {4, 0, 8, 11, 10, 3, 5, 2, 6, 9, 1, 7},
            {8, 0, 4, 10, 11, 1, 7, 2, 6, 9, 3, 5}};
        w->raw_orient = x8_get_orient_vlc(s, ld, w);
        if (w->raw_orient < 0)
            return -1;
        if (w->raw_orient >= 12 || w->orient >= 3) {
            loge("param error [%d / %d]", w->raw_orient, w->orient);
        }
        w->orient = prediction_table[w->orient][w->raw_orient];
    }

    return 0;
}
static void x8_ac_compensation(short *block, intra_x8_context_t *w, int direction, int dc_level)
{
    int t;

#define B(x, y) block[(x) + (y) * 8]
#define T(x)    ((x) * dc_level + 0x8000) >> 16;

    switch (direction) {
    case 0:
        t = T(3811); // h
        B(1, 0) -= t;
        B(0, 1) -= t;

        t = T(487); // e
        B(2, 0) -= t;
        B(0, 2) -= t;

        t = T(506); // f
        B(3, 0) -= t;
        B(0, 3) -= t;

        t = T(135); // c
        B(4, 0) -= t;
        B(0, 4) -= t;
        B(2, 1) += t;
        B(1, 2) += t;
        B(3, 1) += t;
        B(1, 3) += t;

        t = T(173); // d
        B(5, 0) -= t;
        B(0, 5) -= t;

        t = T(61); // b
        B(6, 0) -= t;
        B(0, 6) -= t;
        B(5, 1) += t;
        B(1, 5) += t;

        t = T(42); // a
        B(7, 0) -= t;
        B(0, 7) -= t;
        B(4, 1) += t;
        B(1, 4) += t;
        B(4, 4) += t;

        t = T(1084); // g
        B(1, 1) += t;

        break;
    case 1:
        B(0, 1) -= T(6269);
        B(0, 3) -= T(708);
        B(0, 5) -= T(172);
        B(0, 7) -= T(73);

        break;
    case 2:
        B(1, 0) -= T(6269);
        B(3, 0) -= T(708);
        B(5, 0) -= T(172);
        B(7, 0) -= T(73);

        break;
    }
#undef B
#undef T
}

static void dsp_x8_put_solidcolor(unsigned char pix, unsigned char *dst,
                                  int linesize)
{
    int k;
    for (k = 0; k < 8; k++) {
        memset(dst, pix, 8);
        dst += linesize;
    }
}

static const int16_t quant_table[64] = {
    256, 256, 256, 256, 256, 256, 259, 262, 265, 269, 272, 275, 278,
    282, 285, 288, 292, 295, 299, 303, 306, 310, 314, 317, 321, 325,
    329, 333, 337, 341, 345, 349, 353, 358, 362, 366, 371, 375, 379,
    384, 389, 393, 398, 403, 408, 413, 417, 422, 428, 433, 438, 443,
    448, 454, 459, 465, 470, 476, 482, 488, 493, 499, 505, 511
};

int av_clip_uint8(int a)
{
    if (a & (~255))
        return (-a) >> 31;
    else
        return a;
}

static void x8_loop_filter(uint8_t *ptr, const int a_stride, const int b_stride, int quant)
{
    int i, t;
    int p0, p1, p2, p3, p4, p5, p6, p7, p8, p9;
    int ql = (quant + 10) >> 3;

    for (i = 0; i < 8; i++, ptr += b_stride) {
        p0 = ptr[-5 * a_stride];
        p1 = ptr[-4 * a_stride];
        p2 = ptr[-3 * a_stride];
        p3 = ptr[-2 * a_stride];
        p4 = ptr[-1 * a_stride];
        p5 = ptr[0];
        p6 = ptr[1 * a_stride];
        p7 = ptr[2 * a_stride];
        p8 = ptr[3 * a_stride];
        p9 = ptr[4 * a_stride];

        t = (FFABS(p1 - p2) <= ql) + (FFABS(p2 - p3) <= ql) +
            (FFABS(p3 - p4) <= ql) + (FFABS(p4 - p5) <= ql);
        if (t >
            0) { // You need at least 1 to be able to reach a total score of 6.
            t += (FFABS(p5 - p6) <= ql) + (FFABS(p6 - p7) <= ql) +
                 (FFABS(p7 - p8) <= ql) + (FFABS(p8 - p9) <= ql) +
                 (FFABS(p0 - p1) <= ql);
            if (t >= 6) {
                int min, max;

                min = max = p1;
                min = FFMIN(min, p3);
                max = FFMAX(max, p3);
                min = FFMIN(min, p5);
                max = FFMAX(max, p5);
                min = FFMIN(min, p8);
                max = FFMAX(max, p8);
                if (max - min < 2 * quant) { // early stop
                    min = FFMIN(min, p2);
                    max = FFMAX(max, p2);
                    min = FFMIN(min, p4);
                    max = FFMAX(max, p4);
                    min = FFMIN(min, p6);
                    max = FFMAX(max, p6);
                    min = FFMIN(min, p7);
                    max = FFMAX(max, p7);
                    if (max - min < 2 * quant) {
                        ptr[-2 * a_stride] =
                            (4 * p2 + 3 * p3 + 1 * p7 + 4) >> 3;
                        ptr[-1 * a_stride] =
                            (3 * p2 + 3 * p4 + 2 * p7 + 4) >> 3;
                        ptr[0] = (2 * p2 + 3 * p5 + 3 * p7 + 4) >> 3;
                        ptr[1 * a_stride] = (1 * p2 + 3 * p6 + 4 * p7 + 4) >> 3;
                        continue;
                    };
                }
            }
        }
        {
            int x, x0, x1, x2;
            int m;

            x0 = (2 * p3 - 5 * p4 + 5 * p5 - 2 * p6 + 4) >> 3;
            if (FFABS(x0) < quant) {
                x1 = (2 * p1 - 5 * p2 + 5 * p3 - 2 * p4 + 4) >> 3;
                x2 = (2 * p5 - 5 * p6 + 5 * p7 - 2 * p8 + 4) >> 3;

                x = FFABS(x0) - FFMIN(FFABS(x1), FFABS(x2));
                m = p4 - p5;

                if (x > 0 && (m ^ x0) < 0) {
                    int32_t sign;

                    sign = m >> 31;
                    m = (m ^ sign) - sign; // abs(m)
                    m >>= 1;

                    x = (5 * x) >> 3;

                    if (x > m)
                        x = m;

                    x = (x ^ sign) - sign;

                    ptr[-1 * a_stride] -= x;
                    ptr[0] += x;
                }
            }
        }
    }
}

static void x8_h_loop_filter(uint8_t *src, int stride, int qscale)
{
    x8_loop_filter(src, stride, 1, qscale);
}

static void x8_v_loop_filter(uint8_t *src, int stride, int qscale)
{
    x8_loop_filter(src, 1, stride, qscale);
}

int x8_decode_intra_mb(struct mp4_state *s, mp4_stream_t *ld,
                       intra_x8_context_t *const w, const int chroma)
{
    unsigned int *scantable;
    int final, run, level;
    int ac_mode, dc_mode, est_run, dc_level;
    int pos, n;
    int zeros_only;
    int use_quant_matrix;
    //    int sign;

    if (w->orient >= 12) {
        loge("w->orient >= 12");
        return -1;
    }
    memset(&ld->block[0], 0x00, 64 * sizeof(short));

    if (chroma) {
        dc_mode = 2;
    } else {
        dc_mode = !!w->est_run; // 0,1
    }

    if (x8_get_dc_rlf(ld, w, dc_mode, &dc_level, &final))
        return -1;

    n = 0;
    zeros_only = 0;
    if (!final) { // decode ac
        use_quant_matrix = w->use_quant_matrix;
        if (chroma) {
            ac_mode = 1;
            est_run = 64; // not used
        } else {
            if (w->raw_orient < 3) {
                use_quant_matrix = 0;
            }
            if (w->raw_orient > 4) {
                ac_mode = 0;
                est_run = 64;
            } else {
                if (w->est_run > 1) {
                    ac_mode = 2;
                    est_run = w->est_run;
                } else {
                    ac_mode = 3;
                    est_run = 64;
                }
            }
        }
        x8_select_ac_table(ld, w, ac_mode);
        /*scantable_selector[12]={0,2,0,1,1,1,0,2,2,0,1,2};<-
        -> 10'01' 00'10' 10'00' 01'01' 01'00' 10'00 =>0x928548 */
        // scantable = w->scantable[ (0x928548>>(2*w->orient))&3 ].permutated;
        scantable = wmv1_scantable[0];
        switch ((0x928548 >> (2 * w->orient)) & 3) {
        case 0:
            scantable = wmv1_scantable[0];
            break;
        case 1:
            scantable = wmv1_scantable[2];
            break;
        case 2:
            scantable = wmv1_scantable[3];
            break;
        default:
            break;
        }
        pos = 0;
        do {
            n++;
            if (n >= est_run) {
                ac_mode = 3;
                x8_select_ac_table(ld, w, 3);
            }

            x8_get_ac_rlf(ld, w, ac_mode, &run, &level, &final);

            pos += run + 1;
            if (pos > 63) {
                // this also handles vlc error in x8_get_ac_rlf
                return -1;
            }
            level = (level + 1) *
                    w->dquant; // since the returned level is one_minused, so
                               // here one is plussed first.
            level += w->qsum;

            if (getbits1(ld))
                level = -level;

            if (use_quant_matrix) {
                level = (level * quant_table[pos]) >> 8;
            }
            ld->block[scantable[pos]] = level;
        } while (!final);
    } else {                                                // DC only
        if (w->flat_dc && ((unsigned)(dc_level + 1)) < 3) { //[-1;1]
            int i;
            int divide_quant =
                !chroma ? w->divide_quant_dc_luma : w->divide_quant_dc_chroma;
            int dc_quant = !chroma ? w->quant : w->quant_dc_chroma;

            // original intent dc_level+=predicted_dc/quant; but it got lost
            // somewhere in the rounding
            dc_level += (w->predicted_dc * divide_quant + (1 << 12)) >> 13;

            dsp_x8_put_solidcolor(
                av_clip_uint8((dc_level * dc_quant + 4) >> 3), w->dest[chroma],
                !chroma ? s->coded_picture_width : s->coded_picture_width / 2);

            for (i = 0; i < 64; i++) {
                x8_iqis_out[i] = dc_level * dc_quant;
                x8_idct_out[i] = av_clip_uint8((dc_level * dc_quant + 4) >> 3);
            }
            goto block_placed;
        }
        zeros_only = (dc_level == 0);
    }

    if (!chroma) {
        ld->block[0] = dc_level * w->quant;
    } else {
        ld->block[0] = dc_level * w->quant_dc_chroma;
    }

    // there is !zero_only check in the original, but dc_level check is enough
    if ((unsigned int)(dc_level + 1) >= 3 && (w->edges & 3) != 3) {
        int direction;
        /**
         * ac_comp_direction[orient] = { 0, 3, 3, 1, 1, 0, 0, 0, 2, 2, 2, 1 };<-
         * -> 01'10' 10'10' 00'00' 00'01' 01'11' 11'00 =>0x6A017C
         */
        direction = (0x6A017C >> (w->orient * 2)) & 3;
        if (direction != 3) {
            x8_ac_compensation(&ld->block[0], w, direction,
                               ld->block[0]); // modify block_last[]
        }
    }

    if (w->flat_dc) {
        dsp_x8_put_solidcolor(w->predicted_dc, w->dest[chroma],
                              !chroma ? s->coded_picture_width
                                      : s->coded_picture_width / 2);
    } else {
        w->x8_spatial_compensation[w->orient](
            w->edge_emu_buffer, w->dest[chroma],
            !chroma ? s->coded_picture_width : s->coded_picture_width / 2);
    }

block_placed:

    if (!chroma) {
        x8_update_predictions(s, w, w->orient, n);
    }

    if (s->deblockingflag) {
        // This deblocking must be done, otherwise the picture may be much
        // different.
        unsigned char *ptr = w->dest[chroma];
        int linesize =
            !chroma ? s->coded_picture_width : s->coded_picture_width / 2;

        if (!((w->edges & 2) || (zeros_only && (w->orient | 4) == 4))) {
            x8_h_loop_filter(ptr, linesize, w->quant);
        }
        if (!((w->edges & 1) || (zeros_only && (w->orient | 8) == 8))) {
            x8_v_loop_filter(ptr, linesize, w->quant);
        }
    }
    return 0;
}

static const unsigned short zero_prediction_weights[64 * 2] = {
    640,  640, 669, 480, 708, 354, 748, 257, 792, 198,  760, 143,  808,
    101,  772, 72,  480, 669, 537, 537, 598, 416, 661,  316, 719,  250,
    707,  185, 768, 134, 745, 97,  354, 708, 416, 598,  488, 488,  564,
    388,  634, 317, 642, 241, 716, 179, 706, 132, 257,  748, 316,  661,
    388,  564, 469, 469, 543, 395, 571, 311, 655, 238,  660, 180,  198,
    792,  250, 719, 317, 634, 395, 543, 469, 469, 507,  380, 597,  299,
    616,  231, 161, 855, 206, 788, 266, 710, 340, 623,  411, 548,  455,
    455,  548, 366, 576, 288, 122, 972, 159, 914, 211,  842, 276,  758,
    341,  682, 389, 584, 483, 483, 520, 390, 110, 1172, 144, 1107, 193,
    1028, 254, 932, 317, 846, 366, 731, 458, 611, 499,  499
};

static void spatial_compensation_0(unsigned char *src, unsigned char *dst, int linesize)
{
    int i, j;
    int x, y;
    unsigned int p; // power divided by 2
    int a;
    unsigned short left_sum[2][8];
    unsigned short top_sum[2][8];

    memset(left_sum, 0, 2 * 8 * sizeof(unsigned short));
    memset(top_sum, 0, 2 * 8 * sizeof(unsigned short));

    for (i = 0; i < 8; i++) {
        a = src[area2 + 7 - i] << 4;
        for (j = 0; j < 8; j++) {
            p = abs(i - j);
            left_sum[p & 1][j] += a >> (p >> 1);
        }
    }

    for (i = 0; i < 8; i++) {
        a = src[area4 + i] << 4;
        for (j = 0; j < 8; j++) {
            p = abs(i - j);
            top_sum[p & 1][j] += a >> (p >> 1);
        }
    }
    for (; i < 10; i++) {
        a = src[area4 + i] << 4;
        for (j = 5; j < 8; j++) {
            p = abs(i - j);
            top_sum[p & 1][j] += a >> (p >> 1);
        }
    }
    for (; i < 12; i++) {
        a = src[area4 + i] << 4;
        for (j = 7; j < 8; j++) {
            p = abs(i - j);
            top_sum[p & 1][j] += a >> (p >> 1);
        }
    }

    for (i = 0; i < 8; i++) {
        top_sum[0][i] += (top_sum[1][i] * 181 + 128) >> 8; // 181 is sqrt(2)/2
        left_sum[0][i] += (left_sum[1][i] * 181 + 128) >> 8;
    }

    for (y = 0; y < 8; y++) {
        for (x = 0; x < 8; x++) {
            dst[x] = ((uint32_t)top_sum[0][x] *
                          zero_prediction_weights[y * 16 + x * 2 + 0] +
                      (uint32_t)left_sum[0][y] *
                          zero_prediction_weights[y * 16 + x * 2 + 1] +
                      0x8000) >>
                     16;
        }
        dst += linesize;
    }
}

static void spatial_compensation_1(unsigned char *src, unsigned char *dst, int linesize)
{
    int x, y;

    for (y = 0; y < 8; y++) {
        for (x = 0; x < 8; x++) {
            dst[x] = src[area4 + FFMIN(2 * y + x + 2, 15)];
        }
        dst += linesize;
    }
}

static void spatial_compensation_2(unsigned char *src, unsigned char *dst, int linesize)
{
    int x, y;

    for (y = 0; y < 8; y++) {
        for (x = 0; x < 8; x++) {
            dst[x] = src[area4 + 1 + y + x];
        }
        dst += linesize;
    }
}

static void spatial_compensation_3(unsigned char *src, unsigned char *dst, int linesize)
{
    int x, y;

    for (y = 0; y < 8; y++) {
        for (x = 0; x < 8; x++) {
            dst[x] = src[area4 + ((y + 1) >> 1) + x];
        }
        dst += linesize;
    }
}

static void spatial_compensation_4(unsigned char *src, unsigned char *dst, int linesize)
{
    int x, y;

    for (y = 0; y < 8; y++) {
        for (x = 0; x < 8; x++) {
            dst[x] = (src[area4 + x] + src[area6 + x] + 1) >> 1;
        }
        dst += linesize;
    }
}

static void spatial_compensation_5(unsigned char *src, unsigned char *dst, int linesize)
{
    int x, y;

    for (y = 0; y < 8; y++) {
        for (x = 0; x < 8; x++) {
            if (2 * x - y < 0) {
                dst[x] = src[area2 + 9 + 2 * x - y];
            } else {
                dst[x] = src[area4 + x - ((y + 1) >> 1)];
            }
        }
        dst += linesize;
    }
}

static void spatial_compensation_6(unsigned char *src, unsigned char *dst, int linesize)
{
    int x, y;

    for (y = 0; y < 8; y++) {
        for (x = 0; x < 8; x++) {
            dst[x] = src[area3 + x - y];
        }
        dst += linesize;
    }
}

static void spatial_compensation_7(unsigned char *src, unsigned char *dst, int linesize)
{
    int x, y;

    for (y = 0; y < 8; y++) {
        for (x = 0; x < 8; x++) {
            if (x - 2 * y > 0) {
                dst[x] =
                    (src[area3 - 1 + x - 2 * y] + src[area3 + x - 2 * y] + 1) >>
                    1;
            } else {
                dst[x] = src[area2 + 8 - y + (x >> 1)];
            }
        }
        dst += linesize;
    }
}

static void spatial_compensation_8(unsigned char *src, unsigned char *dst, int linesize)
{
    int x, y;

    for (y = 0; y < 8; y++) {
        for (x = 0; x < 8; x++) {
            dst[x] = (src[area1 + 7 - y] + src[area2 + 7 - y] + 1) >> 1;
        }
        dst += linesize;
    }
}

static void spatial_compensation_9(unsigned char *src, unsigned char *dst, int linesize)
{
    int x, y;

    for (y = 0; y < 8; y++) {
        for (x = 0; x < 8; x++) {
            dst[x] = src[area2 + 6 - FFMIN(x + y, 6)];
        }
        dst += linesize;
    }
}

static void spatial_compensation_10(unsigned char *src, unsigned char *dst, int linesize)
{
    int x, y;

    for (y = 0; y < 8; y++) {
        for (x = 0; x < 8; x++) {
            dst[x] =
                (src[area2 + 7 - y] * (8 - x) + src[area4 + x] * x + 4) >> 3;
        }
        dst += linesize;
    }
}

static void spatial_compensation_11(unsigned char *src, unsigned char *dst, int linesize)
{
    int x, y;

    for (y = 0; y < 8; y++) {
        for (x = 0; x < 8; x++) {
            dst[x] =
                (src[area2 + 7 - y] * y + src[area4 + x] * (8 - y) + 4) >> 3;
        }
        dst += linesize;
    }
}

void get_mp4picture_311(reference_t *ref, unsigned char *bmp, unsigned int stride, int render_flag)
{
    int i, j, k, l;
    int cbp;
    int dc_defval_lum;
    int dc_defval_chrom;
    mp4_stream_t *ld = ref->ld;
    struct mp4_state *mp4_state = ref->mp4_state;
    int intraFlag;
    // int tmp;
    int check_for_skips, is_skipmb;
    motion_vector_t wmv2_pmv = {0};
    // unsigned int utemp;

    mp4_state->frame_to_display = ref->frame_back;
    mp4_state->frame_to_decode = ref->frame_back;
    mp4_state->hdr.mba = 0;
    mp4_state->hdr.mb_xpos = 0;
    mp4_state->hdr.mb_ypos = 0;
    mp4_state->render_flag = render_flag;

    if (mp4_state->msmpeg_version == 5 &&
        mp4_state->hdr.j_type) { // decoding X8INTRA picture
        intra_x8_context_t *w;
        // char fPath[MAX_PATH];

        fp_x8_irec = NULL;
        fp_x8_iq = NULL;
        fp_x8_it = NULL;

        w = &mp4_state->x8hdr;

        w->x8_spatial_compensation[0] = spatial_compensation_0;
        w->x8_spatial_compensation[1] = spatial_compensation_1;
        w->x8_spatial_compensation[2] = spatial_compensation_2;
        w->x8_spatial_compensation[3] = spatial_compensation_3;
        w->x8_spatial_compensation[4] = spatial_compensation_4;
        w->x8_spatial_compensation[5] = spatial_compensation_5;
        w->x8_spatial_compensation[6] = spatial_compensation_6;
        w->x8_spatial_compensation[7] = spatial_compensation_7;
        w->x8_spatial_compensation[8] = spatial_compensation_8;
        w->x8_spatial_compensation[9] = spatial_compensation_9;
        w->x8_spatial_compensation[10] = spatial_compensation_10;
        w->x8_spatial_compensation[11] = spatial_compensation_11;
        w->j_ac_vlc[0] = w->j_ac_vlc[1] = w->j_ac_vlc[2] = w->j_ac_vlc[3] = 0;
        w->j_dc_vlc[0] = w->j_dc_vlc[1] = w->j_dc_vlc[2] = w->j_dc_vlc[3] = 0;
        w->j_orient_vlc = 0;
        j_orient_vlc[0][0] = x8_orient_highquant_table_0;
        j_orient_vlc[0][1] = x8_orient_highquant_table_1;
        j_orient_vlc[0][2] = 0;
        j_orient_vlc[0][3] = 0;
        j_orient_vlc[1][0] = x8_orient_lowquant_table_0;
        j_orient_vlc[1][1] = x8_orient_lowquant_table_1;
        j_orient_vlc[1][2] = x8_orient_lowquant_table_2;
        j_orient_vlc[1][3] = x8_orient_lowquant_table_3;
        j_dc_vlc[0][0] = x8_dc_highquant_table_0;
        j_dc_vlc[0][1] = x8_dc_highquant_table_1;
        j_dc_vlc[0][2] = x8_dc_highquant_table_2;
        j_dc_vlc[0][3] = x8_dc_highquant_table_3;
        j_dc_vlc[0][4] = x8_dc_highquant_table_4;
        j_dc_vlc[0][5] = x8_dc_highquant_table_5;
        j_dc_vlc[0][6] = x8_dc_highquant_table_6;
        j_dc_vlc[0][7] = x8_dc_highquant_table_7;
        j_dc_vlc[1][0] = x8_dc_lowquant_table_0;
        j_dc_vlc[1][1] = x8_dc_lowquant_table_1;
        j_dc_vlc[1][2] = x8_dc_lowquant_table_2;
        j_dc_vlc[1][3] = x8_dc_lowquant_table_3;
        j_dc_vlc[1][4] = x8_dc_lowquant_table_4;
        j_dc_vlc[1][5] = x8_dc_lowquant_table_5;
        j_dc_vlc[1][6] = x8_dc_lowquant_table_6;
        j_dc_vlc[1][7] = x8_dc_lowquant_table_7;
        j_ac_vlc[0][0][0] = x8_ac0_highquant_table_0;
        j_ac_vlc[0][0][1] = x8_ac0_highquant_table_1;
        j_ac_vlc[0][0][2] = x8_ac0_highquant_table_2;
        j_ac_vlc[0][0][3] = x8_ac0_highquant_table_3;
        j_ac_vlc[0][0][4] = x8_ac0_highquant_table_4;
        j_ac_vlc[0][0][5] = x8_ac0_highquant_table_5;
        j_ac_vlc[0][0][6] = x8_ac0_highquant_table_6;
        j_ac_vlc[0][0][7] = x8_ac0_highquant_table_7;
        j_ac_vlc[0][1][0] = x8_ac1_highquant_table_0;
        j_ac_vlc[0][1][1] = x8_ac1_highquant_table_1;
        j_ac_vlc[0][1][2] = x8_ac1_highquant_table_2;
        j_ac_vlc[0][1][3] = x8_ac1_highquant_table_3;
        j_ac_vlc[0][1][4] = x8_ac1_highquant_table_4;
        j_ac_vlc[0][1][5] = x8_ac1_highquant_table_5;
        j_ac_vlc[0][1][6] = x8_ac1_highquant_table_6;
        j_ac_vlc[0][1][7] = x8_ac1_highquant_table_7;
        j_ac_vlc[1][0][0] = x8_ac0_lowquant_table_0;
        j_ac_vlc[1][0][1] = x8_ac0_lowquant_table_1;
        j_ac_vlc[1][0][2] = x8_ac0_lowquant_table_2;
        j_ac_vlc[1][0][3] = x8_ac0_lowquant_table_3;
        j_ac_vlc[1][0][4] = x8_ac0_lowquant_table_4;
        j_ac_vlc[1][0][5] = x8_ac0_lowquant_table_5;
        j_ac_vlc[1][0][6] = x8_ac0_lowquant_table_6;
        j_ac_vlc[1][0][7] = x8_ac0_lowquant_table_7;
        j_ac_vlc[1][1][0] = x8_ac1_lowquant_table_0;
        j_ac_vlc[1][1][1] = x8_ac1_lowquant_table_1;
        j_ac_vlc[1][1][2] = x8_ac1_lowquant_table_2;
        j_ac_vlc[1][1][3] = x8_ac1_lowquant_table_3;
        j_ac_vlc[1][1][4] = x8_ac1_lowquant_table_4;
        j_ac_vlc[1][1][5] = x8_ac1_lowquant_table_5;
        j_ac_vlc[1][1][6] = x8_ac1_lowquant_table_6;
        j_ac_vlc[1][1][7] = x8_ac1_lowquant_table_7;

        w->prediction_table = (unsigned char *)malloc(
            mp4_state->mb_width * 2 * 2); // two rows, 2 blocks per cannon mb
        memset(w->prediction_table, 0, mp4_state->mb_width * 2 * 2);
        w->use_quant_matrix = getbits1(ld);

        w->dquant = mp4_state->hdr.quantizer * 2;
        w->quant = mp4_state->hdr.quantizer;
        w->qsum = (mp4_state->hdr.quantizer - 1) | 1;

        w->divide_quant_dc_luma = ((1 << 16) + (w->quant >> 1)) / w->quant;
        if (w->quant < 5) {
            w->quant_dc_chroma = w->quant;
            w->divide_quant_dc_chroma = w->divide_quant_dc_luma;
        } else {
            w->quant_dc_chroma = w->quant + ((w->quant + 3) >> 3);
            w->divide_quant_dc_chroma =
                ((1 << 16) + (w->quant_dc_chroma >> 1)) / w->quant_dc_chroma;
        }
        /**
         * Y11, Y12, Y13, Y14, Y15, ......
         * Y21, Y22, U11, V11, Y23, Y24, U12, V12, Y25, Y26, ......
         * Y31, Y32, Y33, Y34, Y35, ......
         * Y41, Y42, U21, V21, Y43, Y44, U22, V22, Y45, Y46, ......
         * ......
         */
        for (mp4_state->hdr.mb_ypos = 0;
             mp4_state->hdr.mb_ypos < mp4_state->mb_height * 2;
             mp4_state->hdr.mb_ypos++) {

            for (mp4_state->hdr.mb_xpos = 0;
                 mp4_state->hdr.mb_xpos < mp4_state->mb_width * 2;
                 mp4_state->hdr.mb_xpos++) {
                int lx = mp4_state->coded_picture_width;
                int offset_y = 8 * mp4_state->hdr.mb_xpos +
                               8 * mp4_state->hdr.mb_ypos * lx;
                w->dest[0] = ref->frame_back[0] + offset_y;
                x8_get_prediction(mp4_state, w);
                if (x8_setup_spatial_predictor(mp4_state, ld, w, 0))
                    goto x8intra_free;

                if (x8_decode_intra_mb(mp4_state, ld, w, 0))
                    goto x8intra_free;

                if (mp4_state->hdr.mb_xpos & mp4_state->hdr.mb_ypos & 1) {
                    int offset_uv;
                    lx /= 2;
                    offset_uv = 8 * (mp4_state->hdr.mb_xpos >> 1) +
                                8 * (mp4_state->hdr.mb_ypos >> 1) * lx;
                    w->dest[1] = ref->frame_back[1] + offset_uv;
                    w->dest[2] = ref->frame_back[2] + offset_uv;

                    x8_get_prediction_chroma(mp4_state, w);

                    /**
                     * when setting up chroma, no vlc is read,
                     * so no error condition can be reached
                     */
                    x8_setup_spatial_predictor(mp4_state, ld, w, 1);

                    if (x8_decode_intra_mb(mp4_state, ld, w, 1))
                        goto x8intra_free;

                    x8_setup_spatial_predictor(mp4_state, ld, w, 2);

                    if (x8_decode_intra_mb(mp4_state, ld, w, 2))
                        goto x8intra_free;

                    w->dest[1] += 8;
                    w->dest[2] += 8;
                }
            }
        }
x8intra_free:
        free(w->prediction_table);
        goto dec311_pic;
    }

    memset(&(mp4_state->edge_info), 0, sizeof(mp4_state->edge_info));
    if (mp4_state->quant_store[mp4_state->quant_store_stride + 1] !=
        mp4_state->hdr.quantizer) {
        for (i = 0; i < mp4_state->hdr.mb_ysize + 1; i++) {
            for (j = 0; j < mp4_state->hdr.mb_xsize + 1; j++) {
                mp4_state->quant_store[i * mp4_state->quant_store_stride + j] =
                    mp4_state->hdr.quantizer;
            }
        }
    }

    if (mp4_state->msmpeg_version < 4) {
        dc_defval_lum = (1024 + dcscaler_311(mp4_state->hdr.quantizer, 0) / 2) /
                        dcscaler_311(mp4_state->hdr.quantizer, 0);
        dc_defval_chrom =
            (1024 + dcscaler_311(mp4_state->hdr.quantizer, 4) / 2) /
            dcscaler_311(mp4_state->hdr.quantizer, 4);
    } else {
        dc_defval_lum =
            (1024 + wmv1_y_dc_scale_table[mp4_state->hdr.quantizer] / 2) /
            (wmv1_y_dc_scale_table[mp4_state->hdr.quantizer]);
        dc_defval_chrom =
            (1024 + wmv1_c_dc_scale_table[mp4_state->hdr.quantizer] / 2) /
            (wmv1_c_dc_scale_table[mp4_state->hdr.quantizer]);
    }
    for (i = 0; i < (2 * mp4_state->hdr.mb_xsize + 1); i++) {
        mp4_state->coeff_pred.dc_store_lum[i] = dc_defval_lum;
    }

    for (i = 1; i < (2 * mp4_state->hdr.mb_ysize + 1); i++) {
        mp4_state->coeff_pred
            .dc_store_lum[i * mp4_state->coeff_pred.dc_store_lum_stride] =
            dc_defval_lum;
    }

    for (i = 0; i < (mp4_state->hdr.mb_xsize + 1); i++) {
        mp4_state->coeff_pred.dc_store_chr[0][i] = dc_defval_chrom;
        mp4_state->coeff_pred.dc_store_chr[1][i] = dc_defval_chrom;
    }

    for (i = 1; i < (mp4_state->hdr.mb_ysize + 1); i++) {
        mp4_state->coeff_pred
            .dc_store_chr[0][i * mp4_state->coeff_pred.dc_store_chr_stride] =
            dc_defval_chrom;
        mp4_state->coeff_pred
            .dc_store_chr[1][i * mp4_state->coeff_pred.dc_store_chr_stride] =
            dc_defval_chrom;
    }
    if ((mp4_state->hdr.prediction_type != I_VOP) && mp4_state->hdr.has_skips)
        check_for_skips = 1;
    else
        check_for_skips = 0;

    // reset mb_cfg
    ref->mb_cfg_info_list_len =
        mp4_state->mb_width * mp4_state->mb_height * sizeof(mb_config_info_t);
    memset(ref->mb_cfg_info_list, 0, ref->mb_cfg_info_list_len);

    for (k = 0; k < mp4_state->hdr.mba_size; k++) {
        memset(mp4_state->mpeg_coef_matrix, 0, sizeof(unsigned long) * 6 * 64);
        dump_mb_xy_for_trace(mp4_state);
        if (mp4_state->msmpeg_version >= 4 &&
            ((mp4_state->hdr.mb_ypos % mp4_state->hdr.slice_height) == 0))
            mp4_state->hdr.first_slice_line = 1;
        else
            mp4_state->hdr.first_slice_line = 0;

        if ((mp4_state->hdr.vol_mode == 24) && (mp4_state->hdr.mb_xpos == 0) &&
            is_edge(mp4_state->hdr.mb_ypos, mp4_state->mb_height,
                    mp4_state->vertical_size & 15)) {
            int ypos = mp4_state->hdr.mb_ypos;
            for (i = 1; i < (2 * mp4_state->hdr.mb_xsize + 1); i++) {
                for (j = 0; j < 7; j++) {
                    mp4_state->coeff_pred.ac_top_lum
                        [(2 * ypos) * mp4_state->coeff_pred.ac_top_lum_stride +
                         i * 7 + j] = 0;
                }
                mp4_state->coeff_pred.dc_store_lum
                    [(2 * ypos) * mp4_state->coeff_pred.dc_store_lum_stride +
                     i] = dc_defval_lum;
            }
            for (i = 1; i < (mp4_state->hdr.mb_xsize + 1); i++) {
                mp4_state->coeff_pred.dc_store_chr
                    [0][ypos * mp4_state->coeff_pred.dc_store_chr_stride + i] =
                    dc_defval_chrom;
                mp4_state->coeff_pred.dc_store_chr
                    [1][ypos * mp4_state->coeff_pred.dc_store_chr_stride + i] =
                    dc_defval_chrom;
                for (j = 0; j < 7; j++) {
                    mp4_state->coeff_pred.ac_top_chr
                        [0][ypos * mp4_state->coeff_pred.ac_top_chr_stride +
                            i * 7 + j] = 0;
                    mp4_state->coeff_pred.ac_top_chr
                        [1][ypos * mp4_state->coeff_pred.ac_top_chr_stride +
                            i * 7 + j] = 0;
                }
            }
        }

        for (j = 0; j < 6; j++) {
            mp4_state->mp4_mv_data_buf[j][0] = 0;
            mp4_state->mp4_mv_data_buf[j][1] = 0;
        }

        if (mp4_state->msmpeg_version <= 4) {
            if (check_for_skips && getbits1(ld))
                is_skipmb = 1;
            else
                is_skipmb = 0;
        } else if (mp4_state->hdr.prediction_type != I_VOP) {
            is_skipmb = mp4_state->hdr.mb_skip[k];
        }
        else
            is_skipmb = 0;

        mp4_state->hdr.not_coded = 0;
        if (is_skipmb) {
            mp4_state->hdr.not_coded = 1;

            mp4_state->mv[(mp4_state->hdr.mb_ypos + 1) * mp4_state->MV_stride +
                     mp4_state->hdr.mb_xpos + 1][0].x = 0;
            mp4_state->mv[(mp4_state->hdr.mb_ypos + 1) * mp4_state->MV_stride +
                     mp4_state->hdr.mb_xpos + 1][0].y = 0;

            mp4_state->modemap[(mp4_state->hdr.mb_ypos + 1) *
                                   mp4_state->modemap_stride +
                               mp4_state->hdr.mb_xpos + 1] = NOT_CODED;
        } else {
            // coded macroblock or I-VOP
            if (mp4_state->hdr.prediction_type == P_VOP) {
                if (mp4_state->msmpeg_version < 5)
                    cbp = get_cbp_311_p(ld);
                else
                    cbp = get_cbp_311_p2(mp4_state, ld);
                if (cbp >= 64)
                    intraFlag = 1;
                else
                    intraFlag = 0;
            } else {
                cbp = get_cbp_311_i(ld);
                intraFlag = 1;
            }
            if (mp4_state->hdr.prediction_type == I_VOP) {
                cbp = (short)lookup_cbp_prediction(
                    mp4_state->cbp_store[(mp4_state->hdr.mb_ypos + 1) * mp4_state->cbp_store_stride + mp4_state->hdr.mb_xpos + 1 - 1],
                    mp4_state->cbp_store[(mp4_state->hdr.mb_ypos + 1 - 1) * mp4_state->cbp_store_stride + mp4_state->hdr.mb_xpos + 1],
                    mp4_state->cbp_store[(mp4_state->hdr.mb_ypos + 1 - 1) * mp4_state->cbp_store_stride + mp4_state->hdr.mb_xpos + 1 - 1],
                    cbp);

                mp4_state->cbp_store[(mp4_state->hdr.mb_ypos + 1) * mp4_state->cbp_store_stride +  mp4_state->hdr.mb_xpos + 1] = cbp;
            }
            if (intraFlag)
                mp4_state->hdr.derived_mb_type = INTRA;
            else
                mp4_state->hdr.derived_mb_type = INTER;

            mp4_state->modemap[(mp4_state->hdr.mb_ypos + 1) * mp4_state->modemap_stride + mp4_state->hdr.mb_xpos + 1] =
                mp4_state->hdr.derived_mb_type;

            if (intraFlag) {
                mp4_state->hdr.ac_pred_flag = getbits1(ld);
                if (mp4_state->hdr.inter_intra_pred) {
                    mp4_state->hdr.h263_aic_dir = getbits1(ld);
                    if (mp4_state->hdr.h263_aic_dir) {
                        mp4_state->hdr.h263_aic_dir += getbits1(ld);
                        if (mp4_state->hdr.h263_aic_dir == 2)
                            mp4_state->hdr.h263_aic_dir += getbits1(ld);
                    }
                }
            }
            if (!intraFlag) {
                if (mp4_state->msmpeg_version == 5)
                    wmv2_pmv = find_pmv_311(mp4_state, ld);

                if (cbp && mp4_state->msmpeg_version == 5) {
                    if (mp4_state->hdr.per_mb_rl_table) {
                        mp4_state->hdr.rl_table_index = getbits1(ld);
                        if (mp4_state->hdr.rl_table_index)
                            mp4_state->hdr.rl_table_index += getbits1(ld);
                        mp4_state->hdr.rl_chroma_table_index =
                            mp4_state->hdr.rl_table_index;
                    }

                    if (mp4_state->abt_flag && mp4_state->hdr.per_mb_abt) {
                        mp4_state->hdr.per_block_abt = getbits1(ld);
                        if (!mp4_state->hdr.per_block_abt) {
                            mp4_state->hdr.abt_type = getbits1(ld);
                            if (mp4_state->hdr.abt_type)
                                mp4_state->hdr.abt_type += getbits1(ld);
                        }
                    } else {
                        mp4_state->hdr.per_block_abt = 0;
                    }
                } else if (cbp && mp4_state->hdr.per_mb_rl_table) {
                    mp4_state->hdr.rl_table_index = getbits1(ld);
                    if (mp4_state->hdr.rl_table_index)
                        mp4_state->hdr.rl_table_index += getbits1(ld);
                    mp4_state->hdr.rl_chroma_table_index =
                        mp4_state->hdr.rl_table_index;
                }

                set_mv_311(ld, mp4_state, wmv2_pmv);
                reconstruct_311(ref, mp4_state->hdr.mb_xpos,
                                mp4_state->hdr.mb_ypos);
                // texture decoding add
                for (l = 0; l < 6; l++) {
                    mp4_state->mpeg_coef_matrix_no[l] = 0;

                    if (cbp & (1 << (5 - l))) {
                        if (block_inter_311(ld, mp4_state, &ld->block[0], l) ==
                            0)
                            return;
                    }
                }
            } else {
                mp4_state->mv[(mp4_state->hdr.mb_ypos + 1) * mp4_state->MV_stride + mp4_state->hdr.mb_xpos + 1][0].x = 0;
                mp4_state->mv[(mp4_state->hdr.mb_ypos + 1) * mp4_state->MV_stride + mp4_state->hdr.mb_xpos + 1][0].y = 0;
                if (mp4_state->hdr.prediction_type == P_VOP)
                    rescue_predict(mp4_state);

                if (mp4_state->hdr.per_mb_rl_table && (cbp & 0x3f) &&
                    mp4_state->msmpeg_version >= 4) {
                    mp4_state->hdr.rl_table_index = getbits1(ld);
                    if (mp4_state->hdr.rl_table_index)
                        mp4_state->hdr.rl_table_index += getbits1(ld);
                    mp4_state->hdr.rl_chroma_table_index =
                        mp4_state->hdr.rl_table_index;
                }

                // texture decoding add
                for (l = 0; l < 6; l++) {
                    int coded = cbp & (1 << (5 - l));
                    if (block_intra_311(ref->frame_back, ld, mp4_state,
                                        &ld->block[0], l, (coded != 0)) == 0)
                        return;
                }
            }
        }

        if (mp4_state->deblockingflag && mp4_state->msmpeg_version >= 4) {
            // Although this filter is an inloop filter, maybe it can be
            // ignored.
            ff_h263_loop_filter(ref);
        }

        mp4_set_mb_info(mp4_state);

        if (mp4_state->hdr.mb_xpos < (mp4_state->mb_width - 1)) {
            mp4_state->hdr.mb_xpos++;
        } else {
            mp4_state->hdr.mb_ypos++;
            mp4_state->hdr.mb_xpos = 0;
        }

        mp4_state->hdr.mba++;
    }

    if (mp4_state->hdr.prediction_type == I_VOP &&
        mp4_state->msmpeg_version < 4) {
        if (bitpos(ld) + 16 < 8 * ld->length) {
            getbits(ld, 5);
            getbits(ld, 11);
            mp4_state->hdr.switch_rounding = getbits(ld, 1);
        } else {
            mp4_state->hdr.switch_rounding = 0;
        }
    }

dec311_pic:
    ve_mpeg4_decode_slice();

    unsigned char *tmp;
    for (i = 0; i < 3; i++) {
        tmp = ref->frame_back[i];
        ref->frame_back[i] = ref->frame_for[i];
        ref->frame_for[i] = tmp;
    }

    // reset cur_mb_cfg_ptr
    ref->cur_mb_cfg_ptr = ref->mb_cfg_data;
}

motion_vector_t find_pmv_311(struct mp4_state *mp4_state, mp4_stream_t *ld)
{
    int x = mp4_state->hdr.mb_xpos;
    int y = mp4_state->hdr.mb_ypos;
    motion_vector_t p1, p2, p3, mv, mv0;
    int type, diff;

    mv0.x = mv0.y = 0;
    if ((!x) && (!y))
        return mv0;
    if (!y) {
        return mp4_state->mv[mp4_state->MV_stride + x + 1 - 1][0];
    }
    if (mp4_state->msmpeg_version < 5) {
        if (mp4_state->hdr.vol_mode == 24) {
            if (is_edge(y, mp4_state->mb_height,
                        mp4_state->vertical_size & 15)) {
                if (!x)
                    return mv0;
                return mp4_state->mv[(y + 1) * mp4_state->MV_stride + x + 1 - 1][0];
            }
        }
    }
    p1 = (x > 0) ? mp4_state->mv[(y + 1) * mp4_state->MV_stride + x + 1 - 1][0]
                 : mv0;
    p2 = mp4_state->mv[(y + 1 - 1) * mp4_state->MV_stride + x + 1][0];
    p3 = (x < mp4_state->hdr.mb_xsize - 1)
             ? mp4_state->mv[(y + 1 - 1) * mp4_state->MV_stride + x + 1 + 1][0]
             : mv0;

    if (mp4_state->msmpeg_version == 5) {
        if (x && !mp4_state->hdr.first_slice_line && !mp4_state->hdr.mspel &&
            mp4_state->top_left_mv_flag)
            diff = MAX(abs(p1.x - p2.x), abs(p1.y - p2.y));
        else
            diff = 0;
        if (diff >= 8)
            type = getbits1(ld);
        else
            type = 2;
    } else {
        type = 2;
    }

    if (type == 0) {
        mv.x = p1.x;
        mv.y = p1.y;
    } else if (type == 1) {
        mv.x = p2.x;
        mv.y = p2.y;
    } else {
        if (mp4_state->msmpeg_version >= 4 && mp4_state->hdr.first_slice_line) {
            mv.x = p1.x;
            mv.y = p1.y;
        } else {
            mv.x = mmin(mmax(p1.x, p2.x),
                        mmin(mmax(p2.x, p3.x), mmax(p1.x, p3.x)));
            mv.y = mmin(mmax(p1.y, p2.y),
                        mmin(mmax(p2.y, p3.y), mmax(p1.y, p3.y)));
        }
    }
    return mv;
}

const uint8_t ff_h263_loop_filter_strength[32] = {
    0, 1, 1, 2, 2, 3, 3, 4,  4,  4,  5,  5,  6,  6,  7,  7,
    7, 8, 8, 8, 9, 9, 9, 10, 10, 10, 11, 11, 11, 12, 12, 12
};

#define av_clip clip

static inline int clip(int a, int amin, int amax)
{
    if (a < amin)
        return amin;
    else if (a > amax)
        return amax;
    else
        return a;
}

static void h263_v_loop_filter(uint8_t *src, int stride, int qscale)
{
    int x;
    const int strength = ff_h263_loop_filter_strength[qscale];

    for (x = 0; x < 8; x++) {
        int d1, d2, ad1;
        int p0 = src[x - 2 * stride];
        int p1 = src[x - 1 * stride];
        int p2 = src[x + 0 * stride];
        int p3 = src[x + 1 * stride];
        int d = (p0 - p3 + 4 * (p2 - p1)) / 8;

        if (d < -2 * strength)
            d1 = 0;
        else if (d < -strength)
            d1 = -2 * strength - d;
        else if (d < strength)
            d1 = d;
        else if (d < 2 * strength)
            d1 = 2 * strength - d;
        else
            d1 = 0;

        p1 += d1;
        p2 -= d1;
        if (p1 & 256)
            p1 = ~(p1 >> 31);
        if (p2 & 256)
            p2 = ~(p2 >> 31);

        src[x - 1 * stride] = p1;
        src[x + 0 * stride] = p2;

        ad1 = FFABS(d1) >> 1;

        d2 = av_clip((p0 - p3) / 4, -ad1, ad1);

        src[x - 2 * stride] = p0 - d2;
        src[x + stride] = p3 + d2;
    }
}

static void h263_h_loop_filter(uint8_t *src, int stride, int qscale)
{
    int y;
    const int strength = ff_h263_loop_filter_strength[qscale];

    for (y = 0; y < 8; y++) {
        int d1, d2, ad1;
        int p0 = src[y * stride - 2];
        int p1 = src[y * stride - 1];
        int p2 = src[y * stride + 0];
        int p3 = src[y * stride + 1];
        int d = (p0 - p3 + 4 * (p2 - p1)) / 8;

        if (d < -2 * strength)
            d1 = 0;
        else if (d < -strength)
            d1 = -2 * strength - d;
        else if (d < strength)
            d1 = d;
        else if (d < 2 * strength)
            d1 = 2 * strength - d;
        else
            d1 = 0;

        p1 += d1;
        p2 -= d1;
        if (p1 & 256)
            p1 = ~(p1 >> 31);
        if (p2 & 256)
            p2 = ~(p2 >> 31);

        src[y * stride - 1] = p1;
        src[y * stride + 0] = p2;

        ad1 = FFABS(d1) >> 1;

        d2 = av_clip((p0 - p3) / 4, -ad1, ad1);

        src[y * stride - 2] = p0 - d2;
        src[y * stride + 1] = p3 + d2;
    }
}

void ff_h263_loop_filter(reference_t *ref)
{
    struct mp4_state *s = ref->mp4_state;
    int qp_c;
    const int linesize = s->coded_picture_width;
    const int uvlinesize = s->coded_picture_width / 2;
    unsigned char *dest_y = s->frame_to_decode[0] + s->hdr.mb_ypos * 16 * linesize + s->hdr.mb_xpos * 16;
    unsigned char *dest_cb = s->frame_to_decode[1] + s->hdr.mb_ypos * 8 * uvlinesize + s->hdr.mb_xpos * 8;
    unsigned char *dest_cr = s->frame_to_decode[2] + s->hdr.mb_ypos * 8 * uvlinesize + s->hdr.mb_xpos * 8;

    /**
     * Diag Top
     * Left Center
     */
    if (s->modemap[(s->hdr.mb_ypos + 1) * s->modemap_stride + s->hdr.mb_xpos +
                   1] != NOT_CODED) {
        qp_c = s->hdr.quantizer;
        h263_v_loop_filter(dest_y + 8 * linesize, linesize, qp_c);
        h263_v_loop_filter(dest_y + 8 * linesize + 8, linesize, qp_c);
    } else {
        qp_c = 0;
    }

    if (s->hdr.mb_ypos) {
        int qp_dt, qp_t, qp_tc;

        // if(IS_SKIP(s->current_picture.mb_type[xy-s->mb_width]))
        if (s->modemap[(s->hdr.mb_ypos) * s->modemap_stride + s->hdr.mb_xpos +
                       1] == NOT_CODED)
            qp_t = 0;
        else
            // qp_t= s->current_picture.qscale_table[xy-s->mb_width];
            qp_t = s->quant_store[(s->hdr.mb_ypos) * s->quant_store_stride +
                                  s->hdr.mb_xpos + 1];

        if (qp_c)
            qp_tc = qp_c;
        else
            qp_tc = qp_t;

        if (qp_tc) {
            const int chroma_qp = qp_tc; // s->chroma_qscale_table[qp_tc];
            h263_v_loop_filter(dest_y, linesize, qp_tc);
            h263_v_loop_filter(dest_y + 8, linesize, qp_tc);

            h263_v_loop_filter(dest_cb, uvlinesize, chroma_qp);
            h263_v_loop_filter(dest_cr, uvlinesize, chroma_qp);
        }

        if (qp_t)
            h263_h_loop_filter(dest_y - 8 * linesize + 8, linesize, qp_t);

        if (s->hdr.mb_xpos) {
            if (qp_t || s->modemap[(s->hdr.mb_ypos) * s->modemap_stride + s->hdr.mb_xpos] == NOT_CODED)
                qp_dt = qp_t;
            else
                // qp_dt= s->current_picture.qscale_table[xy-1-s->mb_width];
                qp_dt =
                    s->quant_store[(s->hdr.mb_ypos) * s->quant_store_stride +
                                   s->hdr.mb_xpos];

            if (qp_dt) {
                const int chroma_qp = qp_dt; // s->chroma_qscale_table[qp_dt];
                h263_h_loop_filter(dest_y - 8 * linesize, linesize, qp_dt);
                h263_h_loop_filter(dest_cb - 8 * uvlinesize, uvlinesize, chroma_qp);
                h263_h_loop_filter(dest_cr - 8 * uvlinesize, uvlinesize, chroma_qp);
            }
        }
    }

    if (qp_c) {
        h263_h_loop_filter(dest_y + 8, linesize, qp_c);
        if (s->hdr.mb_ypos + 1 == s->mb_height)
            h263_h_loop_filter(dest_y + 8 * linesize + 8, linesize, qp_c);
    }

    if (s->hdr.mb_xpos) {
        int qp_lc;
        if (qp_c || s->modemap[(s->hdr.mb_ypos + 1) * s->modemap_stride +
                               s->hdr.mb_xpos] == NOT_CODED)
            qp_lc = qp_c;
        else
            // qp_lc= s->current_picture.qscale_table[xy-1];
            qp_lc =
                s->quant_store[(s->hdr.mb_ypos + 1) * s->quant_store_stride +
                               s->hdr.mb_xpos];

        if (qp_lc) {
            h263_h_loop_filter(dest_y, linesize, qp_lc);
            if (s->hdr.mb_ypos + 1 == s->mb_height) {
                const int chroma_qp = qp_lc; // s->chroma_qscale_table[qp_lc];
                h263_h_loop_filter(dest_y + 8 * linesize, linesize, qp_lc);
                h263_h_loop_filter(dest_cb, uvlinesize, chroma_qp);
                h263_h_loop_filter(dest_cr, uvlinesize, chroma_qp);
            }
        }
    }
}
